vmh	column	value	mnx	source	source_version	licence	licence_class
10fthf	inchiKey	AUFGTPPARQZWDO-YPMHNXCESA-L	MNXM1102376	ModelSEED	2.6.1	CC BY 4.0 (ModelSEED GitHub repository)	open
10fthf	seed	cpd00201	MNXM1102376	ModelSEED	2.6.1	CC BY 4.0 (ModelSEED GitHub repository)	open
11docrtsl	inchiKey	WHBHBVVOGNECLV-OBQKJFGGSA-N	MNXM728289	ModelSEED	2.6.1	CC BY 4.0 (ModelSEED GitHub repository)	open
11docrtsl	seed	cpd03268	MNXM728289	ModelSEED	2.6.1	CC BY 4.0 (ModelSEED GitHub repository)	open
11docrtstrn	inchiKey	ZESRJSPZRDMNHY-YFWFAHHUSA-N	MNXM730534	ModelSEED	2.6.1	CC BY 4.0 (ModelSEED GitHub repository)	open
11docrtstrn	seed	cpd02047	MNXM730534	ModelSEED	2.6.1	CC BY 4.0 (ModelSEED GitHub repository)	open
12HPET	inchiKey	ZIOZYRSDNLNNNJ-LQWMCKPYSA-M	MNXM1368929	ModelSEED	2.6.1	CC BY 4.0 (ModelSEED GitHub repository)	open
12HPET	seed	cpd03554	MNXM1368929	ModelSEED	2.6.1	CC BY 4.0 (ModelSEED GitHub repository)	open
12dgr120	seed	cpd15306	MNXM4939	ModelSEED	2.6.1	CC BY 4.0 (ModelSEED GitHub repository)	open
12harachd	chebi	chebi:34146;chebi:90680	MNXM1368131	ChEBI	244	All data non-proprietary or derived from a non-proprietary source; freely accessible and available to anyone	open
12harachd	inchiKey	ZNHVWPKMFKADKW-LQWMCKPYSA-M	MNXM1368131	ModelSEED	2.6.1	CC BY 4.0 (ModelSEED GitHub repository)	open
12harachd	seed	cpd10474	MNXM1368131	ModelSEED	2.6.1	CC BY 4.0 (ModelSEED GitHub repository)	open
12ppd_R	inchiKey	DNIAPMSPPWPWGF-GSVOUGTGSA-N	MNXM1364596	ModelSEED	2.6.1	CC BY 4.0 (ModelSEED GitHub repository)	open
12ppd_R	seed	cpd01861	MNXM1364596	ModelSEED	2.6.1	CC BY 4.0 (ModelSEED GitHub repository)	open
12ppd_S	chebi	chebi:29002	MNXM1255	ChEBI	244	All data non-proprietary or derived from a non-proprietary source; freely accessible and available to anyone	open
12ppd_S	inchiKey	DNIAPMSPPWPWGF-VKHMYHEASA-N	MNXM1255	ModelSEED	2.6.1	CC BY 4.0 (ModelSEED GitHub repository)	open
12ppd_S	seed	cpd19024	MNXM1255	ModelSEED	2.6.1	CC BY 4.0 (ModelSEED GitHub repository)	open
13_cis_oretn	chebi	chebi:193213	MNXM146866	ChEBI	244	All data non-proprietary or derived from a non-proprietary source; freely accessible and available to anyone	open
13_cis_retn	inchiKey	SHGAZHPCJJPHSC-XFYACQKRSA-M	MNXM58377	ModelSEED	2.6.1	CC BY 4.0 (ModelSEED GitHub repository)	open
13_cis_retn	seed	cpd23931	MNXM58377	ModelSEED	2.6.1	CC BY 4.0 (ModelSEED GitHub repository)	open
13_cis_retnglc	chebi	chebi:139181;chebi:28870	MNXM1363989	ChEBI	244	All data non-proprietary or derived from a non-proprietary source; freely accessible and available to anyone	open
13_cis_retnglc	inchiKey	MTGFYEHKPMOVNE-NEFMKCFNSA-M	MNXM1363989	ModelSEED	2.6.1	CC BY 4.0 (ModelSEED GitHub repository)	open
13_cis_retnglc	seed	cpd07945	MNXM1363989	ModelSEED	2.6.1	CC BY 4.0 (ModelSEED GitHub repository)	open
13dampp	inchiKey	XFNJVJPLKCPIBV-UHFFFAOYSA-P	MNXM350	ModelSEED	2.6.1	CC BY 4.0 (ModelSEED GitHub repository)	open
13dampp	seed	cpd00726	MNXM350	ModelSEED	2.6.1	CC BY 4.0 (ModelSEED GitHub repository)	open
13dpg	inchiKey	LJQLQCAXBUHEAZ-UWTATZPHSA-J	MNXM1364464	ModelSEED	2.6.1	CC BY 4.0 (ModelSEED GitHub repository)	open
13dpg	seed	cpd00203	MNXM1364464	ModelSEED	2.6.1	CC BY 4.0 (ModelSEED GitHub repository)	open
14hmdz	chebi	chebi:145332	MNXM747905	ChEBI	244	All data non-proprietary or derived from a non-proprietary source; freely accessible and available to anyone	open
15HPET	chebi	chebi:15628;chebi:57446	MNXM730447	ChEBI	244	All data non-proprietary or derived from a non-proprietary source; freely accessible and available to anyone	open
15HPET	inchiKey	BFWYTORDSFIVKP-VAEKSGALSA-M	MNXM730447	ModelSEED	2.6.1	CC BY 4.0 (ModelSEED GitHub repository)	open
15HPET	seed	cpd03555	MNXM730447	ModelSEED	2.6.1	CC BY 4.0 (ModelSEED GitHub repository)	open
15kprostgf2	chebi	chebi:133409;chebi:28442	MNXM1104949	ChEBI	244	All data non-proprietary or derived from a non-proprietary source; freely accessible and available to anyone	open
15kprostgf2	inchiKey	LOLJEILMPWPILA-AMFHKTBMSA-M	MNXM1104949	ModelSEED	2.6.1	CC BY 4.0 (ModelSEED GitHub repository)	open
15kprostgf2	seed	cpd03549	MNXM1104949	ModelSEED	2.6.1	CC BY 4.0 (ModelSEED GitHub repository)	open
17ahprgnlone	inchiKey	JERGUCIJOXJXHF-TVWVXWENSA-N	MNXM730460	ModelSEED	2.6.1	CC BY 4.0 (ModelSEED GitHub repository)	open
17ahprgnlone	seed	cpd03058	MNXM730460	ModelSEED	2.6.1	CC BY 4.0 (ModelSEED GitHub repository)	open
17ahprgstrn	inchiKey	DBPWSSGDRRHUNT-CEGNMAFCSA-N	MNXM730450	ModelSEED	2.6.1	CC BY 4.0 (ModelSEED GitHub repository)	open
17ahprgstrn	seed	cpd00866	MNXM730450	ModelSEED	2.6.1	CC BY 4.0 (ModelSEED GitHub repository)	open
18harachd	chebi	chebi:63579;chebi:63590;chebi:90790;chebi:91132	MNXM14054	ChEBI	244	All data non-proprietary or derived from a non-proprietary source; freely accessible and available to anyone	open
1a2425thvitd2	chebi	chebi:166748	MNXM9596	ChEBI	244	All data non-proprietary or derived from a non-proprietary source; freely accessible and available to anyone	open
1a25dhvitd2	chebi	chebi:86320	MNXM737660	ChEBI	244	All data non-proprietary or derived from a non-proprietary source; freely accessible and available to anyone	open
1a25dhvitd3	inchiKey	GMRQFYUYWCNGIN-DRQJEBLXSA-N	MNXM1370932	ModelSEED	2.6.1	CC BY 4.0 (ModelSEED GitHub repository)	open
1a25dhvitd3	seed	cpd01156	MNXM1370932	ModelSEED	2.6.1	CC BY 4.0 (ModelSEED GitHub repository)	open
1hibup_S	chebi	chebi:177271	MNXM1369811	ChEBI	244	All data non-proprietary or derived from a non-proprietary source; freely accessible and available to anyone	open
1mncam	inchiKey	LDHMAVIPBRSVRG-UHFFFAOYSA-O	MNXM2172	ModelSEED	2.6.1	CC BY 4.0 (ModelSEED GitHub repository)	open
1mncam	seed	cpd01866	MNXM2172	ModelSEED	2.6.1	CC BY 4.0 (ModelSEED GitHub repository)	open
1ohmdz	chebi	chebi:145330	MNXM152046	ChEBI	244	All data non-proprietary or derived from a non-proprietary source; freely accessible and available to anyone	open
1pipdn2c	inchiKey	GEJXSVNGWOSZPC-UHFFFAOYSA-N	MNXM911	ModelSEED	2.6.1	CC BY 4.0 (ModelSEED GitHub repository)	open
1pipdn2c	seed	cpd00922	MNXM911	ModelSEED	2.6.1	CC BY 4.0 (ModelSEED GitHub repository)	open
1pyr5c	inchiKey	DWAKNKKXGALPNW-BYPYZUCNSA-M	MNXM1105060	ModelSEED	2.6.1	CC BY 4.0 (ModelSEED GitHub repository)	open
1pyr5c	seed	cpd02431;cpd02651	MNXM1105060	ModelSEED	2.6.1	CC BY 4.0 (ModelSEED GitHub repository)	open
20ahchsterol	inchiKey	MCKLJFJEQRYRQT-HRQFAISJSA-N	MNXM1364606	ModelSEED	2.6.1	CC BY 4.0 (ModelSEED GitHub repository)	open
20ahchsterol	seed	cpd03274	MNXM1364606	ModelSEED	2.6.1	CC BY 4.0 (ModelSEED GitHub repository)	open
21hprgnlone	chebi	chebi:28043	MNXM735991	ChEBI	244	All data non-proprietary or derived from a non-proprietary source; freely accessible and available to anyone	open
21hprgnlone	inchiKey	MOIQRAOBRXUWGN-JIUSCHCVSA-N	MNXM735991	ModelSEED	2.6.1	CC BY 4.0 (ModelSEED GitHub repository)	open
21hprgnlone	seed	cpd03266	MNXM735991	ModelSEED	2.6.1	CC BY 4.0 (ModelSEED GitHub repository)	open
23cump	chebi	chebi:28637;chebi:60873	MNXM3150	ChEBI	244	All data non-proprietary or derived from a non-proprietary source; freely accessible and available to anyone	open
23cump	inchiKey	HWDMHJDYMFRXOX-XVFCMESISA-M	MNXM3150	ModelSEED	2.6.1	CC BY 4.0 (ModelSEED GitHub repository)	open
23cump	seed	cpd01572	MNXM3150	ModelSEED	2.6.1	CC BY 4.0 (ModelSEED GitHub repository)	open
23dh1i56dio	chebi	chebi:189002	MNXM744408	ChEBI	244	All data non-proprietary or derived from a non-proprietary source; freely accessible and available to anyone	open
23doguln	inchiKey	GJQWCDSAOUMKSE-STHAYSLISA-M	MNXM741619	ModelSEED	2.6.1	CC BY 4.0 (ModelSEED GitHub repository)	open
23doguln	seed	cpd02784	MNXM741619	ModelSEED	2.6.1	CC BY 4.0 (ModelSEED GitHub repository)	open
23dpg	inchiKey	XOHUEYCVLUUEJJ-UWTATZPHSA-I	MNXM892	ModelSEED	2.6.1	CC BY 4.0 (ModelSEED GitHub repository)	open
23dpg	seed	cpd00853;cpd02119	MNXM892	ModelSEED	2.6.1	CC BY 4.0 (ModelSEED GitHub repository)	open
2425dhvitd2	chebi	chebi:231225	MNXM30723	ChEBI	244	All data non-proprietary or derived from a non-proprietary source; freely accessible and available to anyone	open
24nph	inchiKey	XJNPNXSISMKQEX-UHFFFAOYSA-N	MNXM1982	ModelSEED	2.6.1	CC BY 4.0 (ModelSEED GitHub repository)	open
24nph	seed	cpd01510	MNXM1982	ModelSEED	2.6.1	CC BY 4.0 (ModelSEED GitHub repository)	open
25aics	inchiKey	NAQGHJTUZRHGAC-LBGUGVGYSA-J	MNXM1104647	ModelSEED	2.6.1	CC BY 4.0 (ModelSEED GitHub repository)	open
25aics	seed	cpd02921;cpd19032	MNXM1104647	ModelSEED	2.6.1	CC BY 4.0 (ModelSEED GitHub repository)	open
25hvitd2	chebi	chebi:86319	MNXM734758	ChEBI	244	All data non-proprietary or derived from a non-proprietary source; freely accessible and available to anyone	open
25hvitd3	inchiKey	JWUBBDSIWDLEOM-WIFPIRAHSA-N	MNXM1371240	ModelSEED	2.6.1	CC BY 4.0 (ModelSEED GitHub repository)	open
25hvitd3	seed	cpd01099	MNXM1371240	ModelSEED	2.6.1	CC BY 4.0 (ModelSEED GitHub repository)	open
2amac	inchiKey	UQBOJOOOTLPNST-UHFFFAOYSA-N	MNXM734499	ModelSEED	2.6.1	CC BY 4.0 (ModelSEED GitHub repository)	open
2amac	seed	cpd01495	MNXM734499	ModelSEED	2.6.1	CC BY 4.0 (ModelSEED GitHub repository)	open
2aobut	inchiKey	SAUCHDKDCUROAO-UHFFFAOYSA-N	MNXM114087	ModelSEED	2.6.1	CC BY 4.0 (ModelSEED GitHub repository)	open
2aobut	seed	cpd02053;cpd02211	MNXM114087	ModelSEED	2.6.1	CC BY 4.0 (ModelSEED GitHub repository)	open
2c23dh56dhoxin	inchiKey	JDWYRSDDJVCWPB-LURJTMIESA-M	MNXM2390	ModelSEED	2.6.1	CC BY 4.0 (ModelSEED GitHub repository)	open
2c23dh56dhoxin	seed	cpd03330	MNXM2390	ModelSEED	2.6.1	CC BY 4.0 (ModelSEED GitHub repository)	open
2dp6mep	inchiKey	FYLLWSGFAAQKHU-GBBROCKZSA-N	MNXM4967	ModelSEED	2.6.1	CC BY 4.0 (ModelSEED GitHub repository)	open
2dp6mep	seed	cpd25881	MNXM4967	ModelSEED	2.6.1	CC BY 4.0 (ModelSEED GitHub repository)	open
2dp6mobq	chebi	chebi:50773	MNXM9805	ChEBI	244	All data non-proprietary or derived from a non-proprietary source; freely accessible and available to anyone	open
2dp6mobq	inchiKey	POYJNCVGTDCCPK-RDSVHMIISA-N	MNXM9805	ModelSEED	2.6.1	CC BY 4.0 (ModelSEED GitHub repository)	open
2dp6mobq	seed	cpd23043	MNXM9805	ModelSEED	2.6.1	CC BY 4.0 (ModelSEED GitHub repository)	open
2dp6mobq_me	chebi	chebi:50772	MNXM9803	ChEBI	244	All data non-proprietary or derived from a non-proprietary source; freely accessible and available to anyone	open
2dp6mobq_me	inchiKey	DLBRMPAESNEOJM-RGIWONJESA-N	MNXM9803	ModelSEED	2.6.1	CC BY 4.0 (ModelSEED GitHub repository)	open
2dp6mobq_me	seed	cpd23044	MNXM9803	ModelSEED	2.6.1	CC BY 4.0 (ModelSEED GitHub repository)	open
2dpmhobq	chebi	chebi:231824;chebi:50771	MNXM741775	ChEBI	244	All data non-proprietary or derived from a non-proprietary source; freely accessible and available to anyone	open
2dr1p	inchiKey	KBDKAJNTYKVSEK-VPENINKCSA-L	MNXM1108138	ModelSEED	2.6.1	CC BY 4.0 (ModelSEED GitHub repository)	open
2dr1p	seed	cpd00509;cpd26845	MNXM1108138	ModelSEED	2.6.1	CC BY 4.0 (ModelSEED GitHub repository)	open
2dr5p	inchiKey	KKZFLSZAWCYPOC-PYHARJCCSA-L	MNXM732594	ModelSEED	2.6.1	CC BY 4.0 (ModelSEED GitHub repository)	open
2dr5p	seed	cpd00510;cpd26846	MNXM732594	ModelSEED	2.6.1	CC BY 4.0 (ModelSEED GitHub repository)	open
2h3mv	chebi	chebi:133082;chebi:89228	MNXM734626	ChEBI	244	All data non-proprietary or derived from a non-proprietary source; freely accessible and available to anyone	open
2hatvacid	chebi	chebi:169599	MNXM159054	ChEBI	244	All data non-proprietary or derived from a non-proprietary source; freely accessible and available to anyone	open
2hb	inchiKey	AFENDNXGAFYKQO-VKHMYHEASA-M	MNXM1363881	ModelSEED	2.6.1	CC BY 4.0 (ModelSEED GitHub repository)	open
2hb	seed	cpd03561	MNXM1363881	ModelSEED	2.6.1	CC BY 4.0 (ModelSEED GitHub repository)	open
2hibup_R	chebi	chebi:133196;chebi:133197	MNXM1368341	ChEBI	244	All data non-proprietary or derived from a non-proprietary source; freely accessible and available to anyone	open
2hibup_S	chebi	chebi:133196;chebi:133197	MNXM1368341	ChEBI	244	All data non-proprietary or derived from a non-proprietary source; freely accessible and available to anyone	open
2hiv	chebi	chebi:60645;chebi:64669	MNXM1106847	ChEBI	244	All data non-proprietary or derived from a non-proprietary source; freely accessible and available to anyone	open
2hydog	chebi	chebi:11596;chebi:132941;chebi:17084;chebi:36149	MNXM1101251	ChEBI	244	All data non-proprietary or derived from a non-proprietary source; freely accessible and available to anyone	open
2hydog	inchiKey	HWXBTNAVRSUOJR-UHFFFAOYSA-L	MNXM1101251	ModelSEED	2.6.1	CC BY 4.0 (ModelSEED GitHub repository)	open
2hydog	seed	cpd01709;cpd21873	MNXM1101251	ModelSEED	2.6.1	CC BY 4.0 (ModelSEED GitHub repository)	open
2hyoxplac	inchiKey	CCVYRRGZDBSHFU-UHFFFAOYSA-M	MNXM2160	ModelSEED	2.6.1	CC BY 4.0 (ModelSEED GitHub repository)	open
2hyoxplac	seed	cpd03480	MNXM2160	ModelSEED	2.6.1	CC BY 4.0 (ModelSEED GitHub repository)	open
2kmb	inchiKey	SXFSQZDSUWACKX-UHFFFAOYSA-M	MNXM276	ModelSEED	2.6.1	CC BY 4.0 (ModelSEED GitHub repository)	open
2kmb	seed	cpd00869	MNXM276	ModelSEED	2.6.1	CC BY 4.0 (ModelSEED GitHub repository)	open
2m3hbu	chebi	chebi:37051;chebi:78554	MNXM36489	ChEBI	244	All data non-proprietary or derived from a non-proprietary source; freely accessible and available to anyone	open
2m3hvac	chebi	chebi:173537	MNXM116857	ChEBI	244	All data non-proprietary or derived from a non-proprietary source; freely accessible and available to anyone	open
2m3ovac	chebi	chebi:86365	MNXM35256	ChEBI	244	All data non-proprietary or derived from a non-proprietary source; freely accessible and available to anyone	open
2maacoa	inchiKey	NHNODHRSCRALBF-NQNBQJKNSA-J	MNXM1104585	ModelSEED	2.6.1	CC BY 4.0 (ModelSEED GitHub repository)	open
2maacoa	seed	cpd02124	MNXM1104585	ModelSEED	2.6.1	CC BY 4.0 (ModelSEED GitHub repository)	open
2mb2coa	inchiKey	PMWATMXOQQZNBX-DKBZLLMOSA-J	MNXM1364002	ModelSEED	2.6.1	CC BY 4.0 (ModelSEED GitHub repository)	open
2mb2coa	seed	cpd02125	MNXM1364002	ModelSEED	2.6.1	CC BY 4.0 (ModelSEED GitHub repository)	open
2mbcoa	inchiKey	LYNVNYDEQMMNMZ-XGXNYEOVSA-J	MNXM1364163	ModelSEED	2.6.1	CC BY 4.0 (ModelSEED GitHub repository)	open
2mbcoa	seed	cpd00760;cpd19174	MNXM1364163	ModelSEED	2.6.1	CC BY 4.0 (ModelSEED GitHub repository)	open
2mcit	inchiKey	YNOXCRMFGMSKIJ-NFNCENRGSA-K	MNXM1108544	ModelSEED	2.6.1	CC BY 4.0 (ModelSEED GitHub repository)	open
2mcit	seed	cpd24620	MNXM1108544	ModelSEED	2.6.1	CC BY 4.0 (ModelSEED GitHub repository)	open
2mop	inchiKey	VOKUMXABRRXHAR-UHFFFAOYSA-M	MNXM305	ModelSEED	2.6.1	CC BY 4.0 (ModelSEED GitHub repository)	open
2mop	seed	cpd00287;cpd23282	MNXM305	ModelSEED	2.6.1	CC BY 4.0 (ModelSEED GitHub repository)	open
2mp2coa	inchiKey	NPALUEYCDZWBOV-NDZSKPAWSA-J	MNXM1104781	ModelSEED	2.6.1	CC BY 4.0 (ModelSEED GitHub repository)	open
2mp2coa	seed	cpd02187	MNXM1104781	ModelSEED	2.6.1	CC BY 4.0 (ModelSEED GitHub repository)	open
2obut	inchiKey	TYEYBOSBBBHJIV-UHFFFAOYSA-M	MNXM159	ModelSEED	2.6.1	CC BY 4.0 (ModelSEED GitHub repository)	open
2obut	seed	cpd00094	MNXM159	ModelSEED	2.6.1	CC BY 4.0 (ModelSEED GitHub repository)	open
2oxoadp	inchiKey	FGSBNBBHOZHUBO-UHFFFAOYSA-L	MNXM263	ModelSEED	2.6.1	CC BY 4.0 (ModelSEED GitHub repository)	open
2oxoadp	seed	cpd00269	MNXM263	ModelSEED	2.6.1	CC BY 4.0 (ModelSEED GitHub repository)	open
2pg	inchiKey	GXIURPTVHJPJLF-UWTATZPHSA-K	MNXM275	ModelSEED	2.6.1	CC BY 4.0 (ModelSEED GitHub repository)	open
2pg	seed	cpd00482	MNXM275	ModelSEED	2.6.1	CC BY 4.0 (ModelSEED GitHub repository)	open
34dhmald	chebi	chebi:180943;chebi:27852	MNXM1633	ChEBI	244	All data non-proprietary or derived from a non-proprietary source; freely accessible and available to anyone	open
34dhmald	inchiKey	YUGMCLJIWGEKCK-QMMMGPOBSA-N	MNXM1633	ModelSEED	2.6.1	CC BY 4.0 (ModelSEED GitHub repository)	open
34dhmald	seed	cpd03307	MNXM1633	ModelSEED	2.6.1	CC BY 4.0 (ModelSEED GitHub repository)	open
34dhoxmand	chebi	chebi:180944;chebi:27637;chebi:53326	MNXM3473	ChEBI	244	All data non-proprietary or derived from a non-proprietary source; freely accessible and available to anyone	open
34dhoxmand	inchiKey	RGHMISIYKIHAJW-SSDOTTSWSA-M	MNXM3473	ModelSEED	2.6.1	CC BY 4.0 (ModelSEED GitHub repository)	open
34dhoxmand	seed	cpd03310	MNXM3473	ModelSEED	2.6.1	CC BY 4.0 (ModelSEED GitHub repository)	open
34dhoxpeg	inchiKey	MTVWFVDWRVYDOR-QMMMGPOBSA-N	MNXM2931	ModelSEED	2.6.1	CC BY 4.0 (ModelSEED GitHub repository)	open
34dhoxpeg	seed	cpd03306	MNXM2931	ModelSEED	2.6.1	CC BY 4.0 (ModelSEED GitHub repository)	open
34dhpac	inchiKey	IADQVXRMSNIUEL-UHFFFAOYSA-N	MNXM1401	ModelSEED	2.6.1	CC BY 4.0 (ModelSEED GitHub repository)	open
34dhpac	seed	cpd02500	MNXM1401	ModelSEED	2.6.1	CC BY 4.0 (ModelSEED GitHub repository)	open
34dhpe	chebi	chebi:68889	MNXM56953	ChEBI	244	All data non-proprietary or derived from a non-proprietary source; freely accessible and available to anyone	open
34dhpe	inchiKey	JUUBCHWRXWPFFH-UHFFFAOYSA-N	MNXM56953	ModelSEED	2.6.1	CC BY 4.0 (ModelSEED GitHub repository)	open
34dhpe	seed	cpd32505	MNXM56953	ModelSEED	2.6.1	CC BY 4.0 (ModelSEED GitHub repository)	open
34dhpha	inchiKey	CFFZDZCDUFSOFZ-UHFFFAOYSA-M	MNXM645	ModelSEED	2.6.1	CC BY 4.0 (ModelSEED GitHub repository)	open
34dhpha	seed	cpd00854	MNXM645	ModelSEED	2.6.1	CC BY 4.0 (ModelSEED GitHub repository)	open
34dhphe	inchiKey	WTDRDQBEARUVNC-LURJTMIESA-N	MNXM279	ModelSEED	2.6.1	CC BY 4.0 (ModelSEED GitHub repository)	open
34dhphe	seed	cpd00291	MNXM279	ModelSEED	2.6.1	CC BY 4.0 (ModelSEED GitHub repository)	open
34hpl	inchiKey	JVGVDSSUAVXRDY-UHFFFAOYSA-M	MNXM988	ModelSEED	2.6.1	CC BY 4.0 (ModelSEED GitHub repository)	open
34hpl	seed	cpd02305;cpd02461	MNXM988	ModelSEED	2.6.1	CC BY 4.0 (ModelSEED GitHub repository)	open
34hpp	inchiKey	KKADPXVIOXHVKN-UHFFFAOYSA-M	MNXM153	ModelSEED	2.6.1	CC BY 4.0 (ModelSEED GitHub repository)	open
34hpp	seed	cpd00868	MNXM153	ModelSEED	2.6.1	CC BY 4.0 (ModelSEED GitHub repository)	open
35cgmp	inchiKey	ZOOGRGPOEVQQDX-UUOKFMHZSA-M	MNXM731192	ModelSEED	2.6.1	CC BY 4.0 (ModelSEED GitHub repository)	open
35cgmp	seed	cpd00697	MNXM731192	ModelSEED	2.6.1	CC BY 4.0 (ModelSEED GitHub repository)	open
35diotyr	inchiKey	NYPYHUZRZVSYKL-ZETCQYMHSA-N	MNXM730786	ModelSEED	2.6.1	CC BY 4.0 (ModelSEED GitHub repository)	open
35diotyr	seed	cpd00779	MNXM730786	ModelSEED	2.6.1	CC BY 4.0 (ModelSEED GitHub repository)	open
3aib	inchiKey	QCHPKSFMDHPSNR-VKHMYHEASA-N	MNXM732376	ModelSEED	2.6.1	CC BY 4.0 (ModelSEED GitHub repository)	open
3aib	seed	cpd02096	MNXM732376	ModelSEED	2.6.1	CC BY 4.0 (ModelSEED GitHub repository)	open
3aib_D	inchiKey	QCHPKSFMDHPSNR-GSVOUGTGSA-N	MNXM162802	ModelSEED	2.6.1	CC BY 4.0 (ModelSEED GitHub repository)	open
3aib_D	seed	cpd00886	MNXM162802	ModelSEED	2.6.1	CC BY 4.0 (ModelSEED GitHub repository)	open
3bcrn	chebi	chebi:84842	MNXM117467	ChEBI	244	All data non-proprietary or derived from a non-proprietary source; freely accessible and available to anyone	open
3ddcrn	chebi	chebi:73056	MNXM150910	ChEBI	244	All data non-proprietary or derived from a non-proprietary source; freely accessible and available to anyone	open
3ddecdicoa	chebi	chebi:184652;chebi:28002;chebi:78550	MNXM1106027	ChEBI	244	All data non-proprietary or derived from a non-proprietary source; freely accessible and available to anyone	open
3ddecdicoa	inchiKey	KEPSPLQXVPROMK-ASJCJLDXSA-J	MNXM1106027	ModelSEED	2.6.1	CC BY 4.0 (ModelSEED GitHub repository)	open
3ddecdicoa	seed	cpd03132	MNXM1106027	ModelSEED	2.6.1	CC BY 4.0 (ModelSEED GitHub repository)	open
3deccrn	chebi	chebi:73051	MNXM729381	ChEBI	244	All data non-proprietary or derived from a non-proprietary source; freely accessible and available to anyone	open
3decdicoa	chebi	chebi:233852	MNXM1413022	ChEBI	244	All data non-proprietary or derived from a non-proprietary source; freely accessible and available to anyone	open
3dhchol	chebi	chebi:1467;chebi:17214	MNXM1602	ChEBI	244	All data non-proprietary or derived from a non-proprietary source; freely accessible and available to anyone	open
3dhchol	inchiKey	HIIZAGQWABAMRR-BYPYZUCNSA-L	MNXM1602	ModelSEED	2.6.1	CC BY 4.0 (ModelSEED GitHub repository)	open
3dhchol	seed	cpd02605	MNXM1602	ModelSEED	2.6.1	CC BY 4.0 (ModelSEED GitHub repository)	open
3dhguln	inchiKey	WTAHRPBPWHCMHW-LWKDLAHASA-M	MNXM736	ModelSEED	2.6.1	CC BY 4.0 (ModelSEED GitHub repository)	open
3dhguln	seed	cpd00473	MNXM736	ModelSEED	2.6.1	CC BY 4.0 (ModelSEED GitHub repository)	open
3dpdhb	chebi	chebi:50775;chebi:62793	MNXM737269	ChEBI	244	All data non-proprietary or derived from a non-proprietary source; freely accessible and available to anyone	open
3dpdhb	inchiKey	HGWUGDIATLOPBN-BHZQGFRMSA-M	MNXM737269	ModelSEED	2.6.1	CC BY 4.0 (ModelSEED GitHub repository)	open
3dpdhb	seed	cpd25894	MNXM737269	ModelSEED	2.6.1	CC BY 4.0 (ModelSEED GitHub repository)	open
3dpdhb_me	chebi	chebi:50776;chebi:62796	MNXM738089	ChEBI	244	All data non-proprietary or derived from a non-proprietary source; freely accessible and available to anyone	open
3dpdhb_me	inchiKey	WCQCNOIKXGNDLX-RDSVHMIISA-M	MNXM738089	ModelSEED	2.6.1	CC BY 4.0 (ModelSEED GitHub repository)	open
3dpdhb_me	seed	cpd25896	MNXM738089	ModelSEED	2.6.1	CC BY 4.0 (ModelSEED GitHub repository)	open
3dsphgn	inchiKey	KBUNOSOGGAARKZ-KRWDZBQOSA-O	MNXM559	ModelSEED	2.6.1	CC BY 4.0 (ModelSEED GitHub repository)	open
3dsphgn	seed	cpd01879	MNXM559	ModelSEED	2.6.1	CC BY 4.0 (ModelSEED GitHub repository)	open
3h3mglt	chebi	chebi:16831;chebi:17325;chebi:30920	MNXM731593	ChEBI	244	All data non-proprietary or derived from a non-proprietary source; freely accessible and available to anyone	open
3h3mglt	inchiKey	NPOAOTPXWNWTSH-UHFFFAOYSA-L	MNXM731593	ModelSEED	2.6.1	CC BY 4.0 (ModelSEED GitHub repository)	open
3h3mglt	seed	cpd02358	MNXM731593	ModelSEED	2.6.1	CC BY 4.0 (ModelSEED GitHub repository)	open
3hadicoa	chebi	chebi:70990;chebi:71038	MNXM1363952	ChEBI	244	All data non-proprietary or derived from a non-proprietary source; freely accessible and available to anyone	open
3hadpac	chebi	chebi:89205	MNXM36510	ChEBI	244	All data non-proprietary or derived from a non-proprietary source; freely accessible and available to anyone	open
3hanthrn	inchiKey	WJXSWCUQABXPFS-UHFFFAOYSA-M	MNXM1108156	ModelSEED	2.6.1	CC BY 4.0 (ModelSEED GitHub repository)	open
3hanthrn	seed	cpd00483;cpd25715	MNXM1108156	ModelSEED	2.6.1	CC BY 4.0 (ModelSEED GitHub repository)	open
3hbcoa	inchiKey	QHHKKMYHDBRONY-VKBDFPRVSA-J	MNXM1105912	ModelSEED	2.6.1	CC BY 4.0 (ModelSEED GitHub repository)	open
3hbcoa	seed	cpd00842	MNXM1105912	ModelSEED	2.6.1	CC BY 4.0 (ModelSEED GitHub repository)	open
3hbcoa_R	inchiKey	QHHKKMYHDBRONY-WZZMXTMRSA-J	MNXM1364140	ModelSEED	2.6.1	CC BY 4.0 (ModelSEED GitHub repository)	open
3hbcoa_R	seed	cpd02234	MNXM1364140	ModelSEED	2.6.1	CC BY 4.0 (ModelSEED GitHub repository)	open
3hdcoa	inchiKey	HIVSMYZAMUNFKZ-PNPVFPMQSA-J	MNXM1104681	ModelSEED	2.6.1	CC BY 4.0 (ModelSEED GitHub repository)	open
3hdcoa	seed	cpd03118	MNXM1104681	ModelSEED	2.6.1	CC BY 4.0 (ModelSEED GitHub repository)	open
3hddcoa	inchiKey	IJFLXRCJWPKGKJ-LXIXEQKWSA-J	MNXM1104711	ModelSEED	2.6.1	CC BY 4.0 (ModelSEED GitHub repository)	open
3hddcoa	seed	cpd03116	MNXM1104711	ModelSEED	2.6.1	CC BY 4.0 (ModelSEED GitHub repository)	open
3hglutcoa	chebi	chebi:177916	MNXM1129882	ChEBI	244	All data non-proprietary or derived from a non-proprietary source; freely accessible and available to anyone	open
3hibup_S	chebi	chebi:180749	MNXM1368351	ChEBI	244	All data non-proprietary or derived from a non-proprietary source; freely accessible and available to anyone	open
3hibutcoa	inchiKey	WWEOGFZEFHPUAM-UQCJFRAESA-J	MNXM1364136	ModelSEED	2.6.1	CC BY 4.0 (ModelSEED GitHub repository)	open
3hibutcoa	seed	cpd23280	MNXM1364136	ModelSEED	2.6.1	CC BY 4.0 (ModelSEED GitHub repository)	open
3hivac	chebi	chebi:37084;chebi:82957	MNXM36533	ChEBI	244	All data non-proprietary or derived from a non-proprietary source; freely accessible and available to anyone	open
3hivac	inchiKey	AXFYFNCPONWUHW-UHFFFAOYSA-M	MNXM36533	ModelSEED	2.6.1	CC BY 4.0 (ModelSEED GitHub repository)	open
3hivac	seed	cpd31748	MNXM36533	ModelSEED	2.6.1	CC BY 4.0 (ModelSEED GitHub repository)	open
3hmbcoa	inchiKey	PEKYNTFSOBAABV-LQUDNSJZSA-J	MNXM1364015	ModelSEED	2.6.1	CC BY 4.0 (ModelSEED GitHub repository)	open
3hmbcoa	seed	cpd02691	MNXM1364015	ModelSEED	2.6.1	CC BY 4.0 (ModelSEED GitHub repository)	open
3hmp	inchiKey	DBXBTMSZEOQQDU-VKHMYHEASA-M	MNXM1105921	ModelSEED	2.6.1	CC BY 4.0 (ModelSEED GitHub repository)	open
3hmp	seed	cpd23281	MNXM1105921	ModelSEED	2.6.1	CC BY 4.0 (ModelSEED GitHub repository)	open
3hodcoa	chebi	chebi:50577;chebi:87561	MNXM1103315	ChEBI	244	All data non-proprietary or derived from a non-proprietary source; freely accessible and available to anyone	open
3hodcoa	inchiKey	WZMAIEGYXCOYSH-SFKGBVSGSA-J	MNXM1103315	ModelSEED	2.6.1	CC BY 4.0 (ModelSEED GitHub repository)	open
3hodcoa	seed	cpd15204	MNXM1103315	ModelSEED	2.6.1	CC BY 4.0 (ModelSEED GitHub repository)	open
3hpcoa	inchiKey	BERBFZCUSMQABM-IEXPHMLFSA-J	MNXM1363894	ModelSEED	2.6.1	CC BY 4.0 (ModelSEED GitHub repository)	open
3hpcoa	seed	cpd03375	MNXM1363894	ModelSEED	2.6.1	CC BY 4.0 (ModelSEED GitHub repository)	open
3hpp	inchiKey	ALRHLSYJTWAHJZ-UHFFFAOYSA-M	MNXM872	ModelSEED	2.6.1	CC BY 4.0 (ModelSEED GitHub repository)	open
3hpp	seed	cpd00745	MNXM872	ModelSEED	2.6.1	CC BY 4.0 (ModelSEED GitHub repository)	open
3hpppn	chebi	chebi:1427;chebi:57277	MNXM1634	ChEBI	244	All data non-proprietary or derived from a non-proprietary source; freely accessible and available to anyone	open
3hpppn	inchiKey	QVWAEZJXDYOKEH-UHFFFAOYSA-M	MNXM1634	ModelSEED	2.6.1	CC BY 4.0 (ModelSEED GitHub repository)	open
3hpppn	seed	cpd08304	MNXM1634	ModelSEED	2.6.1	CC BY 4.0 (ModelSEED GitHub repository)	open
3htdcoa	inchiKey	OXBHKMHNDGRDCZ-STLSENOWSA-J	MNXM1104726	ModelSEED	2.6.1	CC BY 4.0 (ModelSEED GitHub repository)	open
3htdcoa	seed	cpd03115;cpd26436	MNXM1104726	ModelSEED	2.6.1	CC BY 4.0 (ModelSEED GitHub repository)	open
3htmelys	inchiKey	ZRJHLGYVUCPZNH-MQWKRIRWSA-O	MNXM990	ModelSEED	2.6.1	CC BY 4.0 (ModelSEED GitHub repository)	open
3htmelys	seed	cpd00923	MNXM990	ModelSEED	2.6.1	CC BY 4.0 (ModelSEED GitHub repository)	open
3ityr_L	inchiKey	UQTZMGFTRHFAAM-ZETCQYMHSA-N	MNXM163676	ModelSEED	2.6.1	CC BY 4.0 (ModelSEED GitHub repository)	open
3ityr_L	seed	cpd01654	MNXM163676	ModelSEED	2.6.1	CC BY 4.0 (ModelSEED GitHub repository)	open
3ivcoa	chebi	chebi:28291;chebi:62555	MNXM1104561	ChEBI	244	All data non-proprietary or derived from a non-proprietary source; freely accessible and available to anyone	open
3ivcoa	inchiKey	PEVZKILCBDEOBT-CITAKDKDSA-J	MNXM1104561	ModelSEED	2.6.1	CC BY 4.0 (ModelSEED GitHub repository)	open
3ivcoa	seed	cpd03570	MNXM1104561	ModelSEED	2.6.1	CC BY 4.0 (ModelSEED GitHub repository)	open
3ivcrn	chebi	chebi:73027	MNXM150917	ChEBI	244	All data non-proprietary or derived from a non-proprietary source; freely accessible and available to anyone	open
3m4hpga	chebi	chebi:27932	MNXM730543	ChEBI	244	All data non-proprietary or derived from a non-proprietary source; freely accessible and available to anyone	open
3m4hpga	inchiKey	VISAJVAPYPFKCL-QMMMGPOBSA-N	MNXM730543	ModelSEED	2.6.1	CC BY 4.0 (ModelSEED GitHub repository)	open
3m4hpga	seed	cpd03313	MNXM730543	ModelSEED	2.6.1	CC BY 4.0 (ModelSEED GitHub repository)	open
3mb2coa	inchiKey	BXIPALATIYNHJN-ZMHDXICWSA-J	MNXM1363971	ModelSEED	2.6.1	CC BY 4.0 (ModelSEED GitHub repository)	open
3mb2coa	seed	cpd01966	MNXM1363971	ModelSEED	2.6.1	CC BY 4.0 (ModelSEED GitHub repository)	open
3mgcoa	inchiKey	GXKSHRDAHFLWPN-RKYLSHMCSA-I	MNXM1364678	ModelSEED	2.6.1	CC BY 4.0 (ModelSEED GitHub repository)	open
3mgcoa	seed	cpd02068	MNXM1364678	ModelSEED	2.6.1	CC BY 4.0 (ModelSEED GitHub repository)	open
3mglutac	chebi	chebi:133518;chebi:37245	MNXM31452	ChEBI	244	All data non-proprietary or derived from a non-proprietary source; freely accessible and available to anyone	open
3mglutac	inchiKey	WKRBKYFIJPGYQC-DUXPYHPUSA-L	MNXM31452	ModelSEED	2.6.1	CC BY 4.0 (ModelSEED GitHub repository)	open
3mglutac	seed	cpd31475	MNXM31452	ModelSEED	2.6.1	CC BY 4.0 (ModelSEED GitHub repository)	open
3mglutr	chebi	chebi:68566	MNXM738882	ChEBI	244	All data non-proprietary or derived from a non-proprietary source; freely accessible and available to anyone	open
3mhis	chebi	chebi:143076;chebi:27596	MNXM739680	ChEBI	244	All data non-proprietary or derived from a non-proprietary source; freely accessible and available to anyone	open
3mhis	inchiKey	JDHILDINMRGULE-LURJTMIESA-N	MNXM739680	ModelSEED	2.6.1	CC BY 4.0 (ModelSEED GitHub repository)	open
3mhis	seed	cpd00848	MNXM739680	ModelSEED	2.6.1	CC BY 4.0 (ModelSEED GitHub repository)	open
3mlda	inchiKey	ZHCKPJGJQOPTLB-UHFFFAOYSA-M	MNXM91418	ModelSEED	2.6.1	CC BY 4.0 (ModelSEED GitHub repository)	open
3mlda	seed	cpd03459	MNXM91418	ModelSEED	2.6.1	CC BY 4.0 (ModelSEED GitHub repository)	open
3mldz	inchiKey	GCQHUBANENYTLB-UHFFFAOYSA-N	MNXM5416	ModelSEED	2.6.1	CC BY 4.0 (ModelSEED GitHub repository)	open
3mldz	seed	cpd03458	MNXM5416	ModelSEED	2.6.1	CC BY 4.0 (ModelSEED GitHub repository)	open
3mob	inchiKey	QHKABHOOEWYVLI-UHFFFAOYSA-M	MNXM732866	ModelSEED	2.6.1	CC BY 4.0 (ModelSEED GitHub repository)	open
3mob	seed	cpd00123	MNXM732866	ModelSEED	2.6.1	CC BY 4.0 (ModelSEED GitHub repository)	open
3mop	inchiKey	JVQYSWDUAOAHFM-BYPYZUCNSA-M	MNXM1363845	ModelSEED	2.6.1	CC BY 4.0 (ModelSEED GitHub repository)	open
3mop	seed	cpd00508	MNXM1363845	ModelSEED	2.6.1	CC BY 4.0 (ModelSEED GitHub repository)	open
3mox4hpac	inchiKey	GOQGGGANVKPMNH-UHFFFAOYSA-N	MNXM4183	ModelSEED	2.6.1	CC BY 4.0 (ModelSEED GitHub repository)	open
3mox4hpac	seed	cpd03311	MNXM4183	ModelSEED	2.6.1	CC BY 4.0 (ModelSEED GitHub repository)	open
3moxtyr	inchiKey	DIVQKHQLANKJQO-UHFFFAOYSA-O	MNXM3848	ModelSEED	2.6.1	CC BY 4.0 (ModelSEED GitHub repository)	open
3moxtyr	seed	cpd03316	MNXM3848	ModelSEED	2.6.1	CC BY 4.0 (ModelSEED GitHub repository)	open
3mtp	chebi	chebi:179441	MNXM727956	ChEBI	244	All data non-proprietary or derived from a non-proprietary source; freely accessible and available to anyone	open
3octdeccrn	chebi	chebi:73077	MNXM150922	ChEBI	244	All data non-proprietary or derived from a non-proprietary source; freely accessible and available to anyone	open
3odcoa	inchiKey	AZCVXMAPLHSIKY-HSJNEKGZSA-J	MNXM1104685	ModelSEED	2.6.1	CC BY 4.0 (ModelSEED GitHub repository)	open
3odcoa	seed	cpd03119	MNXM1104685	ModelSEED	2.6.1	CC BY 4.0 (ModelSEED GitHub repository)	open
3oddcoa	inchiKey	HQANBZHVWIDNQZ-GMHMEAMDSA-J	MNXM1364016	ModelSEED	2.6.1	CC BY 4.0 (ModelSEED GitHub repository)	open
3oddcoa	seed	cpd03117	MNXM1364016	ModelSEED	2.6.1	CC BY 4.0 (ModelSEED GitHub repository)	open
3ohdcoa	inchiKey	NQMPLXPCRJOSHL-BBECNAHFSA-J	MNXM1104713	ModelSEED	2.6.1	CC BY 4.0 (ModelSEED GitHub repository)	open
3ohdcoa	seed	cpd03114	MNXM1104713	ModelSEED	2.6.1	CC BY 4.0 (ModelSEED GitHub repository)	open
3ohglutac	chebi	chebi:191379;chebi:39980	MNXM36521	ChEBI	244	All data non-proprietary or derived from a non-proprietary source; freely accessible and available to anyone	open
3ohodcoa	inchiKey	SIARJEKBADXQJG-LFZQUHGESA-J	MNXM1104352	ModelSEED	2.6.1	CC BY 4.0 (ModelSEED GitHub repository)	open
3ohodcoa	seed	cpd00327;cpd16825	MNXM1104352	ModelSEED	2.6.1	CC BY 4.0 (ModelSEED GitHub repository)	open
3ohsebac	chebi	chebi:132935;chebi:89182	MNXM1369246	ChEBI	244	All data non-proprietary or derived from a non-proprietary source; freely accessible and available to anyone	open
3ohsubac	chebi	chebi:70766	MNXM36556	ChEBI	244	All data non-proprietary or derived from a non-proprietary source; freely accessible and available to anyone	open
3ohsubcoa	chebi	chebi:76333;chebi:76425	MNXM146017	ChEBI	244	All data non-proprietary or derived from a non-proprietary source; freely accessible and available to anyone	open
3ohxccoa	chebi	chebi:52977;chebi:73980	MNXM1106079	ChEBI	244	All data non-proprietary or derived from a non-proprietary source; freely accessible and available to anyone	open
3ohxccoa	inchiKey	VOMUIFOBQMYJPJ-CPIGOPAHSA-J	MNXM1106079	ModelSEED	2.6.1	CC BY 4.0 (ModelSEED GitHub repository)	open
3ohxccoa	seed	cpd24265	MNXM1106079	ModelSEED	2.6.1	CC BY 4.0 (ModelSEED GitHub repository)	open
3otdcoa	inchiKey	IQNFBGHLIVBNOU-QSGBVPJFSA-J	MNXM1103776	ModelSEED	2.6.1	CC BY 4.0 (ModelSEED GitHub repository)	open
3otdcoa	seed	cpd12689	MNXM1103776	ModelSEED	2.6.1	CC BY 4.0 (ModelSEED GitHub repository)	open
3pg	inchiKey	OSJPPGNTCRNQQC-UWTATZPHSA-K	MNXM727604	ModelSEED	2.6.1	CC BY 4.0 (ModelSEED GitHub repository)	open
3pg	seed	cpd00169;cpd30741	MNXM727604	ModelSEED	2.6.1	CC BY 4.0 (ModelSEED GitHub repository)	open
3php	inchiKey	LFLUCDOSQPJJBE-UHFFFAOYSA-K	MNXM541	ModelSEED	2.6.1	CC BY 4.0 (ModelSEED GitHub repository)	open
3php	seed	cpd02069	MNXM541	ModelSEED	2.6.1	CC BY 4.0 (ModelSEED GitHub repository)	open
3sala	inchiKey	ADVPTQAUNPRNPO-REOHCLBHSA-M	MNXM1364516	ModelSEED	2.6.1	CC BY 4.0 (ModelSEED GitHub repository)	open
3sala	seed	cpd00467	MNXM1364516	ModelSEED	2.6.1	CC BY 4.0 (ModelSEED GitHub repository)	open
3snpyr	chebi	chebi:140699;chebi:1665	MNXM2484	ChEBI	244	All data non-proprietary or derived from a non-proprietary source; freely accessible and available to anyone	open
3snpyr	inchiKey	JXYLQEMXCAAMOL-UHFFFAOYSA-L	MNXM2484	ModelSEED	2.6.1	CC BY 4.0 (ModelSEED GitHub repository)	open
3snpyr	seed	cpd03284	MNXM2484	ModelSEED	2.6.1	CC BY 4.0 (ModelSEED GitHub repository)	open
3spyr	inchiKey	BUTHMSUEBYPMKJ-UHFFFAOYSA-L	MNXM594	ModelSEED	2.6.1	CC BY 4.0 (ModelSEED GitHub repository)	open
3spyr	seed	cpd03285	MNXM594	ModelSEED	2.6.1	CC BY 4.0 (ModelSEED GitHub repository)	open
3tdcrn	chebi	chebi:73063	MNXM150929	ChEBI	244	All data non-proprietary or derived from a non-proprietary source; freely accessible and available to anyone	open
3ump	inchiKey	FOGRQMPFHUHIGU-XVFCMESISA-L	MNXM1102189	ModelSEED	2.6.1	CC BY 4.0 (ModelSEED GitHub repository)	open
3ump	seed	cpd00989	MNXM1102189	ModelSEED	2.6.1	CC BY 4.0 (ModelSEED GitHub repository)	open
42A3HP24DB	chebi	chebi:157756;chebi:27593	MNXM4997	ChEBI	244	All data non-proprietary or derived from a non-proprietary source; freely accessible and available to anyone	open
42A3HP24DB	inchiKey	YCJNYHCCOXVYAF-UHFFFAOYSA-M	MNXM4997	ModelSEED	2.6.1	CC BY 4.0 (ModelSEED GitHub repository)	open
42A3HP24DB	seed	cpd03356	MNXM4997	ModelSEED	2.6.1	CC BY 4.0 (ModelSEED GitHub repository)	open
44mctr	inchiKey	LFQXEZVYNCBVDO-PBJLWWPKSA-N	MNXM726167	ModelSEED	2.6.1	CC BY 4.0 (ModelSEED GitHub repository)	open
44mctr	seed	cpd08302	MNXM726167	ModelSEED	2.6.1	CC BY 4.0 (ModelSEED GitHub repository)	open
44mzym	inchiKey	CHGIKSSZNBCNDW-QGBOJXOESA-N	MNXM37116	ModelSEED	2.6.1	CC BY 4.0 (ModelSEED GitHub repository)	open
44mzym	seed	cpd03038	MNXM37116	ModelSEED	2.6.1	CC BY 4.0 (ModelSEED GitHub repository)	open
4aabutn	inchiKey	UZTFMUBKZQVKLK-UHFFFAOYSA-M	MNXM2083	ModelSEED	2.6.1	CC BY 4.0 (ModelSEED GitHub repository)	open
4aabutn	seed	cpd01889	MNXM2083	ModelSEED	2.6.1	CC BY 4.0 (ModelSEED GitHub repository)	open
4abut	inchiKey	BTCSSZJGUNDROE-UHFFFAOYSA-N	MNXM192	ModelSEED	2.6.1	CC BY 4.0 (ModelSEED GitHub repository)	open
4abutn	inchiKey	DZQLQEYLEYWJIB-UHFFFAOYSA-O	MNXM422	ModelSEED	2.6.1	CC BY 4.0 (ModelSEED GitHub repository)	open
4abutn	seed	cpd00434;cpd12219	MNXM422	ModelSEED	2.6.1	CC BY 4.0 (ModelSEED GitHub repository)	open
4aphdob	inchiKey	CAOVWYZQMPNAFJ-UHFFFAOYSA-M	MNXM466	ModelSEED	2.6.1	CC BY 4.0 (ModelSEED GitHub repository)	open
4aphdob	seed	cpd00920	MNXM466	ModelSEED	2.6.1	CC BY 4.0 (ModelSEED GitHub repository)	open
4fumacac	inchiKey	GACSIVHAIFQKTC-OWOJBTEDSA-L	MNXM1372023	ModelSEED	2.6.1	CC BY 4.0 (ModelSEED GitHub repository)	open
4fumacac	seed	cpd00780	MNXM1372023	ModelSEED	2.6.1	CC BY 4.0 (ModelSEED GitHub repository)	open
4h2oglt	inchiKey	WXSKVKPSMAHCSG-UHFFFAOYSA-L	MNXM894	ModelSEED	2.6.1	CC BY 4.0 (ModelSEED GitHub repository)	open
4h2oglt	seed	cpd00830	MNXM894	ModelSEED	2.6.1	CC BY 4.0 (ModelSEED GitHub repository)	open
4hatvacid	chebi	chebi:168285	MNXM159201	ChEBI	244	All data non-proprietary or derived from a non-proprietary source; freely accessible and available to anyone	open
4hbz	inchiKey	FJKROLUGYXJWQN-UHFFFAOYSA-M	MNXM164	ModelSEED	2.6.1	CC BY 4.0 (ModelSEED GitHub repository)	open
4hbz	seed	cpd00136	MNXM164	ModelSEED	2.6.1	CC BY 4.0 (ModelSEED GitHub repository)	open
4hbzcoa	chebi	chebi:15500;chebi:57356	MNXM1104715	ChEBI	244	All data non-proprietary or derived from a non-proprietary source; freely accessible and available to anyone	open
4hbzcoa	inchiKey	LTVXPVBFJBTNIJ-TYHXJLICSA-J	MNXM1104715	ModelSEED	2.6.1	CC BY 4.0 (ModelSEED GitHub repository)	open
4hbzcoa	seed	cpd01892	MNXM1104715	ModelSEED	2.6.1	CC BY 4.0 (ModelSEED GitHub repository)	open
4hglusa	inchiKey	XCXUZPXOFFRGGP-DMTCNVIQSA-N	MNXM2687	ModelSEED	2.6.1	CC BY 4.0 (ModelSEED GitHub repository)	open
4hglusa	seed	cpd03530	MNXM2687	ModelSEED	2.6.1	CC BY 4.0 (ModelSEED GitHub repository)	open
4hoxpacd	inchiKey	IPRPPFIAVHPVJH-UHFFFAOYSA-N	MNXM479	ModelSEED	2.6.1	CC BY 4.0 (ModelSEED GitHub repository)	open
4hoxpacd	seed	cpd02361	MNXM479	ModelSEED	2.6.1	CC BY 4.0 (ModelSEED GitHub repository)	open
4hphac	inchiKey	XQXPVVBIMDBYFF-UHFFFAOYSA-M	MNXM735208	ModelSEED	2.6.1	CC BY 4.0 (ModelSEED GitHub repository)	open
4hphac	seed	cpd00489	MNXM735208	ModelSEED	2.6.1	CC BY 4.0 (ModelSEED GitHub repository)	open
4hpro_LT	inchiKey	PMMYEEVYMWASQN-DMTCNVIQSA-N	MNXM736064	ModelSEED	2.6.1	CC BY 4.0 (ModelSEED GitHub repository)	open
4hpro_LT	seed	cpd00851;cpd29747	MNXM736064	ModelSEED	2.6.1	CC BY 4.0 (ModelSEED GitHub repository)	open
4izp	chebi	chebi:57255;chebi:77893	MNXM1372142	ChEBI	244	All data non-proprietary or derived from a non-proprietary source; freely accessible and available to anyone	open
4mlacac	inchiKey	GACSIVHAIFQKTC-UPHRSURJSA-L	MNXM1372022	ModelSEED	2.6.1	CC BY 4.0 (ModelSEED GitHub repository)	open
4mlacac	seed	cpd00763	MNXM1372022	ModelSEED	2.6.1	CC BY 4.0 (ModelSEED GitHub repository)	open
4mop	inchiKey	BKAJNAXTPSGJCU-UHFFFAOYSA-M	MNXM404	ModelSEED	2.6.1	CC BY 4.0 (ModelSEED GitHub repository)	open
4mop	seed	cpd00200	MNXM404	ModelSEED	2.6.1	CC BY 4.0 (ModelSEED GitHub repository)	open
4mptnl	inchiKey	JGEGJYXHCFUMJF-UHFFFAOYSA-N	MNXM992	ModelSEED	2.6.1	CC BY 4.0 (ModelSEED GitHub repository)	open
4mptnl	seed	cpd01585	MNXM992	ModelSEED	2.6.1	CC BY 4.0 (ModelSEED GitHub repository)	open
4mtob	chebi	chebi:16723;chebi:33574	MNXM276	ChEBI	244	All data non-proprietary or derived from a non-proprietary source; freely accessible and available to anyone	open
4mtob	inchiKey	SXFSQZDSUWACKX-UHFFFAOYSA-M	MNXM276	ModelSEED	2.6.1	CC BY 4.0 (ModelSEED GitHub repository)	open
4mtob	seed	cpd00869	MNXM276	ModelSEED	2.6.1	CC BY 4.0 (ModelSEED GitHub repository)	open
4mzym_int1	chebi	chebi:168659;chebi:50591;chebi:64925	MNXM732410	ChEBI	244	All data non-proprietary or derived from a non-proprietary source; freely accessible and available to anyone	open
4mzym_int1	inchiKey	MYWAIWDQTCHPTH-LJAIZBFVSA-M	MNXM732410	ModelSEED	2.6.1	CC BY 4.0 (ModelSEED GitHub repository)	open
4mzym_int1	seed	cpd14544	MNXM732410	ModelSEED	2.6.1	CC BY 4.0 (ModelSEED GitHub repository)	open
4mzym_int2	inchiKey	DBPZYKHQDWKORQ-SINUOACOSA-N	MNXM1371246	ModelSEED	2.6.1	CC BY 4.0 (ModelSEED GitHub repository)	open
4mzym_int2	seed	cpd14552	MNXM1371246	ModelSEED	2.6.1	CC BY 4.0 (ModelSEED GitHub repository)	open
4nph	inchiKey	BTJIUGUIPKRLHP-UHFFFAOYSA-N	MNXM526	ModelSEED	2.6.1	CC BY 4.0 (ModelSEED GitHub repository)	open
4nph	seed	cpd00646	MNXM526	ModelSEED	2.6.1	CC BY 4.0 (ModelSEED GitHub repository)	open
4nphsf	inchiKey	JBGHTSSFSSUKLR-UHFFFAOYSA-M	MNXM2618	ModelSEED	2.6.1	CC BY 4.0 (ModelSEED GitHub repository)	open
4nphsf	seed	cpd22596	MNXM2618	ModelSEED	2.6.1	CC BY 4.0 (ModelSEED GitHub repository)	open
4ohbut	chebi	chebi:16724;chebi:30830	MNXM728793	ChEBI	244	All data non-proprietary or derived from a non-proprietary source; freely accessible and available to anyone	open
4ohbut	inchiKey	SJZRECIVHVDYJC-UHFFFAOYSA-M	MNXM728793	ModelSEED	2.6.1	CC BY 4.0 (ModelSEED GitHub repository)	open
4ohbut	seed	cpd00728	MNXM728793	ModelSEED	2.6.1	CC BY 4.0 (ModelSEED GitHub repository)	open
4ohmdz	chebi	chebi:145331	MNXM151195	ChEBI	244	All data non-proprietary or derived from a non-proprietary source; freely accessible and available to anyone	open
4ppan	inchiKey	XHFVGHPGDLDEQO-ZETCQYMHSA-K	MNXM735771	ModelSEED	2.6.1	CC BY 4.0 (ModelSEED GitHub repository)	open
4ppan	seed	cpd02201	MNXM735771	ModelSEED	2.6.1	CC BY 4.0 (ModelSEED GitHub repository)	open
4ppcys	inchiKey	XQYALQVLCNHCFT-CBAPKCEASA-K	MNXM730898	ModelSEED	2.6.1	CC BY 4.0 (ModelSEED GitHub repository)	open
4ppcys	seed	cpd02666	MNXM730898	ModelSEED	2.6.1	CC BY 4.0 (ModelSEED GitHub repository)	open
4pyrdx	inchiKey	HXACOUQIXZGNBF-UHFFFAOYSA-M	MNXM1530	ModelSEED	2.6.1	CC BY 4.0 (ModelSEED GitHub repository)	open
4pyrdx	seed	cpd00631	MNXM1530	ModelSEED	2.6.1	CC BY 4.0 (ModelSEED GitHub repository)	open
4tmeabut	inchiKey	OITBLCDWXSXNCN-UHFFFAOYSA-N	MNXM940	ModelSEED	2.6.1	CC BY 4.0 (ModelSEED GitHub repository)	open
4tmeabut	seed	cpd00845	MNXM940	ModelSEED	2.6.1	CC BY 4.0 (ModelSEED GitHub repository)	open
4tmeabutn	inchiKey	JHPNVNIEXXLNTR-UHFFFAOYSA-N	MNXM738927	ModelSEED	2.6.1	CC BY 4.0 (ModelSEED GitHub repository)	open
4tmeabutn	seed	cpd00870	MNXM738927	ModelSEED	2.6.1	CC BY 4.0 (ModelSEED GitHub repository)	open
56dihindlcrbxlt	inchiKey	YFTGOBNOJKXZJC-UHFFFAOYSA-M	MNXM726107	ModelSEED	2.6.1	CC BY 4.0 (ModelSEED GitHub repository)	open
56dihindlcrbxlt	seed	cpd02571	MNXM726107	ModelSEED	2.6.1	CC BY 4.0 (ModelSEED GitHub repository)	open
56dura	inchiKey	OIVLITBTBDPEFK-UHFFFAOYSA-N	MNXM506	ModelSEED	2.6.1	CC BY 4.0 (ModelSEED GitHub repository)	open
56dura	seed	cpd00337	MNXM506	ModelSEED	2.6.1	CC BY 4.0 (ModelSEED GitHub repository)	open
5HPET	inchiKey	JNUUNUQHXIOFDA-JGKLHWIESA-M	MNXM730648	ModelSEED	2.6.1	CC BY 4.0 (ModelSEED GitHub repository)	open
5HPET	seed	cpd03176;cpd22199	MNXM730648	ModelSEED	2.6.1	CC BY 4.0 (ModelSEED GitHub repository)	open
5a2opntn	inchiKey	BWHGMFYTDQEALD-UHFFFAOYSA-N	MNXM1714	ModelSEED	2.6.1	CC BY 4.0 (ModelSEED GitHub repository)	open
5a2opntn	seed	cpd00815	MNXM1714	ModelSEED	2.6.1	CC BY 4.0 (ModelSEED GitHub repository)	open
5adtststerone	inchiKey	NVKAWKQGWWIWPM-ABEVXSGRSA-N	MNXM730284	ModelSEED	2.6.1	CC BY 4.0 (ModelSEED GitHub repository)	open
5adtststerone	seed	cpd02435;cpd21839	MNXM730284	ModelSEED	2.6.1	CC BY 4.0 (ModelSEED GitHub repository)	open
5adtststeroneglc	chebi	chebi:136914;chebi:89417	MNXM488079	ChEBI	244	All data non-proprietary or derived from a non-proprietary source; freely accessible and available to anyone	open
5adtststerones	chebi	chebi:136982;chebi:138026	MNXM726151	ChEBI	244	All data non-proprietary or derived from a non-proprietary source; freely accessible and available to anyone	open
5aizc	inchiKey	XFVULMDJZXYMSG-ZIYNGMLESA-L	MNXM737371	ModelSEED	2.6.1	CC BY 4.0 (ModelSEED GitHub repository)	open
5aizc	seed	cpd02893	MNXM737371	ModelSEED	2.6.1	CC BY 4.0 (ModelSEED GitHub repository)	open
5aop	inchiKey	ZGXJTSGNIOSYLO-UHFFFAOYSA-N	MNXM405	ModelSEED	2.6.1	CC BY 4.0 (ModelSEED GitHub repository)	open
5aop	seed	cpd00338	MNXM405	ModelSEED	2.6.1	CC BY 4.0 (ModelSEED GitHub repository)	open
5cysdopa	chebi	chebi:166453	MNXM744453	ChEBI	244	All data non-proprietary or derived from a non-proprietary source; freely accessible and available to anyone	open
5dhf	chebi	chebi:140748;chebi:140749	MNXM73177	ChEBI	244	All data non-proprietary or derived from a non-proprietary source; freely accessible and available to anyone	open
5dpmev	inchiKey	SIGQQUBJQXSAMW-ZCFIWIBFSA-K	MNXM733934	ModelSEED	2.6.1	CC BY 4.0 (ModelSEED GitHub repository)	open
5dpmev	seed	cpd00841	MNXM733934	ModelSEED	2.6.1	CC BY 4.0 (ModelSEED GitHub repository)	open
5fthf	inchiKey	VVIAGPKUTFNRDU-STQMWFEESA-L	MNXM1091982	ModelSEED	2.6.1	CC BY 4.0 (ModelSEED GitHub repository)	open
5fthf	seed	cpd02197	MNXM1091982	ModelSEED	2.6.1	CC BY 4.0 (ModelSEED GitHub repository)	open
5g2oxpt	inchiKey	ARBHXJXXVVHMET-UHFFFAOYSA-N	MNXM1037	ModelSEED	2.6.1	CC BY 4.0 (ModelSEED GitHub repository)	open
5g2oxpt	seed	cpd02364;cpd03528	MNXM1037	ModelSEED	2.6.1	CC BY 4.0 (ModelSEED GitHub repository)	open
5homeprazole	chebi	chebi:63840	MNXM10267	ChEBI	244	All data non-proprietary or derived from a non-proprietary source; freely accessible and available to anyone	open
5hoxindact	inchiKey	OBFAPCIUSYHFIE-UHFFFAOYSA-N	MNXM1057	ModelSEED	2.6.1	CC BY 4.0 (ModelSEED GitHub repository)	open
5hoxindact	seed	cpd03345	MNXM1057	ModelSEED	2.6.1	CC BY 4.0 (ModelSEED GitHub repository)	open
5hoxindoa	inchiKey	DUUGKQCEGZLZNO-UHFFFAOYSA-M	MNXM732179	ModelSEED	2.6.1	CC BY 4.0 (ModelSEED GitHub repository)	open
5hoxindoa	seed	cpd03346	MNXM732179	ModelSEED	2.6.1	CC BY 4.0 (ModelSEED GitHub repository)	open
5htrp	inchiKey	LDCYZAJDBXYCGN-VIFPVBQESA-N	MNXM730546	ModelSEED	2.6.1	CC BY 4.0 (ModelSEED GitHub repository)	open
5htrp	seed	cpd00490;cpd00749	MNXM730546	ModelSEED	2.6.1	CC BY 4.0 (ModelSEED GitHub repository)	open
5mdr1p	chebi	chebi:27859;chebi:58533	MNXM1363840	ChEBI	244	All data non-proprietary or derived from a non-proprietary source; freely accessible and available to anyone	open
5mdr1p	inchiKey	JTFITTQBRJDSTL-KVTDHHQDSA-L	MNXM1363840	ModelSEED	2.6.1	CC BY 4.0 (ModelSEED GitHub repository)	open
5mdr1p	seed	cpd02574	MNXM1363840	ModelSEED	2.6.1	CC BY 4.0 (ModelSEED GitHub repository)	open
5mdru1p	inchiKey	CNSJRYUMVMWNMC-RITPCOANSA-L	MNXM737603	ModelSEED	2.6.1	CC BY 4.0 (ModelSEED GitHub repository)	open
5mdru1p	seed	cpd02791	MNXM737603	ModelSEED	2.6.1	CC BY 4.0 (ModelSEED GitHub repository)	open
5mta	inchiKey	WUUGFSXJNOTRMR-IOSLPCCCSA-N	MNXM1101977	ModelSEED	2.6.1	CC BY 4.0 (ModelSEED GitHub repository)	open
5mta	seed	cpd00147	MNXM1101977	ModelSEED	2.6.1	CC BY 4.0 (ModelSEED GitHub repository)	open
5ohhexa	chebi	chebi:131434;chebi:132985	MNXM38155	ChEBI	244	All data non-proprietary or derived from a non-proprietary source; freely accessible and available to anyone	open
5oxpro	inchiKey	ODHCTXKNWHHXJC-VKHMYHEASA-M	MNXM722719	ModelSEED	2.6.1	CC BY 4.0 (ModelSEED GitHub repository)	open
5oxpro	seed	cpd01293	MNXM722719	ModelSEED	2.6.1	CC BY 4.0 (ModelSEED GitHub repository)	open
5pmev	inchiKey	OKZYCXHTTZZYSK-ZCFIWIBFSA-K	MNXM738283	ModelSEED	2.6.1	CC BY 4.0 (ModelSEED GitHub repository)	open
5pmev	seed	cpd00812	MNXM738283	ModelSEED	2.6.1	CC BY 4.0 (ModelSEED GitHub repository)	open
6a2ohxnt	inchiKey	GWENQMVPLJAMAE-UHFFFAOYSA-N	MNXM916	ModelSEED	2.6.1	CC BY 4.0 (ModelSEED GitHub repository)	open
6a2ohxnt	seed	cpd02074	MNXM916	ModelSEED	2.6.1	CC BY 4.0 (ModelSEED GitHub repository)	open
6hoxmelatn	inchiKey	OMYMRCXOJJZYKE-UHFFFAOYSA-N	MNXM730977	ModelSEED	2.6.1	CC BY 4.0 (ModelSEED GitHub repository)	open
6hoxmelatn	seed	cpd03354	MNXM730977	ModelSEED	2.6.1	CC BY 4.0 (ModelSEED GitHub repository)	open
6htststerone	inchiKey	XSEGWEUVSZRCBC-LYHOAZQISA-N	MNXM1107925	ModelSEED	2.6.1	CC BY 4.0 (ModelSEED GitHub repository)	open
6htststerone	seed	cpd10196	MNXM1107925	ModelSEED	2.6.1	CC BY 4.0 (ModelSEED GitHub repository)	open
6pgc	inchiKey	BIRSGZKFKXLSJQ-SQOUGZDYSA-K	MNXM734080	ModelSEED	2.6.1	CC BY 4.0 (ModelSEED GitHub repository)	open
6pgc	seed	cpd00284	MNXM734080	ModelSEED	2.6.1	CC BY 4.0 (ModelSEED GitHub repository)	open
6pgl	inchiKey	IJOJIVNDFQSGAB-SQOUGZDYSA-L	MNXM1104491	ModelSEED	2.6.1	CC BY 4.0 (ModelSEED GitHub repository)	open
6pgl	seed	cpd00911	MNXM1104491	ModelSEED	2.6.1	CC BY 4.0 (ModelSEED GitHub repository)	open
6pthp	inchiKey	WBJZXBUVECZHCE-SCSAIBSYSA-N	MNXM722720	ModelSEED	2.6.1	CC BY 4.0 (ModelSEED GitHub repository)	open
6pthp	seed	cpd02315	MNXM722720	ModelSEED	2.6.1	CC BY 4.0 (ModelSEED GitHub repository)	open
7bhglz	chebi	chebi:188264	MNXM118569	ChEBI	244	All data non-proprietary or derived from a non-proprietary source; freely accessible and available to anyone	open
7dhchsterol	inchiKey	UCTLRSWJYQTBFZ-DDPQNLDTSA-N	MNXM730454	ModelSEED	2.6.1	CC BY 4.0 (ModelSEED GitHub repository)	open
7dhchsterol	seed	cpd00857	MNXM730454	ModelSEED	2.6.1	CC BY 4.0 (ModelSEED GitHub repository)	open
C01601	inchiKey	FBUKVWPVBMHYJY-UHFFFAOYSA-M	MNXM12480	ModelSEED	2.6.1	CC BY 4.0 (ModelSEED GitHub repository)	open
C01601	seed	cpd01126	MNXM12480	ModelSEED	2.6.1	CC BY 4.0 (ModelSEED GitHub repository)	open
C01747	inchiKey	HHJTWTPUPVQKNA-PIIMIWFASA-O	MNXM730888	ModelSEED	2.6.1	CC BY 4.0 (ModelSEED GitHub repository)	open
C01747	seed	cpd01205	MNXM730888	ModelSEED	2.6.1	CC BY 4.0 (ModelSEED GitHub repository)	open
C02356	inchiKey	QWCKQJZIFLGMSD-VKHMYHEASA-N	MNXM17054	ModelSEED	2.6.1	CC BY 4.0 (ModelSEED GitHub repository)	open
C02356	seed	cpd01573	MNXM17054	ModelSEED	2.6.1	CC BY 4.0 (ModelSEED GitHub repository)	open
C02470	inchiKey	FBZONXHGGPHHIY-UHFFFAOYSA-M	MNXM5989	ModelSEED	2.6.1	CC BY 4.0 (ModelSEED GitHub repository)	open
C02470	seed	cpd01625	MNXM5989	ModelSEED	2.6.1	CC BY 4.0 (ModelSEED GitHub repository)	open
C02528	inchiKey	RUDATBOHQWOJDD-BSWAIDMHSA-M	MNXM727182	ModelSEED	2.6.1	CC BY 4.0 (ModelSEED GitHub repository)	open
C02528	seed	cpd01663	MNXM727182	ModelSEED	2.6.1	CC BY 4.0 (ModelSEED GitHub repository)	open
C02712	inchiKey	XUYPXLNMDZIRQH-LURJTMIESA-M	MNXM731431	ModelSEED	2.6.1	CC BY 4.0 (ModelSEED GitHub repository)	open
C02712	seed	cpd01756	MNXM731431	ModelSEED	2.6.1	CC BY 4.0 (ModelSEED GitHub repository)	open
C03681	inchiKey	XMRPGKVKISIQBV-BJMCWZGWSA-N	MNXM726449	ModelSEED	2.6.1	CC BY 4.0 (ModelSEED GitHub repository)	open
C03681	seed	cpd02312	MNXM726449	ModelSEED	2.6.1	CC BY 4.0 (ModelSEED GitHub repository)	open
C04717	inchiKey	JDSRHVWSAMTSSN-IRQZEAMPSA-M	MNXM1104179	ModelSEED	2.6.1	CC BY 4.0 (ModelSEED GitHub repository)	open
C04717	seed	cpd02873	MNXM1104179	ModelSEED	2.6.1	CC BY 4.0 (ModelSEED GitHub repository)	open
C04849	inchiKey	SGTUOBURCVMACZ-CIQDQOFUSA-M	MNXM739666	ModelSEED	2.6.1	CC BY 4.0 (ModelSEED GitHub repository)	open
C04849	seed	cpd02946	MNXM739666	ModelSEED	2.6.1	CC BY 4.0 (ModelSEED GitHub repository)	open
C05109	inchiKey	MBZYKEVPFYHDOH-BQNIITSRSA-N	MNXM4307	ModelSEED	2.6.1	CC BY 4.0 (ModelSEED GitHub repository)	open
C05109	seed	cpd03039	MNXM4307	ModelSEED	2.6.1	CC BY 4.0 (ModelSEED GitHub repository)	open
C05279	inchiKey	BNPQDIKRZDRREL-GQUYLXGASA-J	MNXM1104257	ModelSEED	2.6.1	CC BY 4.0 (ModelSEED GitHub repository)	open
C05279	seed	cpd03131	MNXM1104257	ModelSEED	2.6.1	CC BY 4.0 (ModelSEED GitHub repository)	open
C05280	inchiKey	KEPSPLQXVPROMK-ASJCJLDXSA-J	MNXM1106027	ModelSEED	2.6.1	CC BY 4.0 (ModelSEED GitHub repository)	open
C05280	seed	cpd03132	MNXM1106027	ModelSEED	2.6.1	CC BY 4.0 (ModelSEED GitHub repository)	open
C05298	inchiKey	SWINWPBPEKHUOD-JPVZDGGYSA-N	MNXM735147	ModelSEED	2.6.1	CC BY 4.0 (ModelSEED GitHub repository)	open
C05298	seed	cpd03143	MNXM735147	ModelSEED	2.6.1	CC BY 4.0 (ModelSEED GitHub repository)	open
C05299	inchiKey	WHEUWNKSCXYKBU-QPWUGHHJSA-N	MNXM4971	ModelSEED	2.6.1	CC BY 4.0 (ModelSEED GitHub repository)	open
C05299	seed	cpd03144	MNXM4971	ModelSEED	2.6.1	CC BY 4.0 (ModelSEED GitHub repository)	open
C05300	inchiKey	WPOCIZJTELRQMF-QFXBJFAPSA-N	MNXM3794	ModelSEED	2.6.1	CC BY 4.0 (ModelSEED GitHub repository)	open
C05300	seed	cpd03145	MNXM3794	ModelSEED	2.6.1	CC BY 4.0 (ModelSEED GitHub repository)	open
C05301	inchiKey	DILDHNKDVHLEQB-XSSYPUMDSA-N	MNXM733546	ModelSEED	2.6.1	CC BY 4.0 (ModelSEED GitHub repository)	open
C05301	seed	cpd03146	MNXM733546	ModelSEED	2.6.1	CC BY 4.0 (ModelSEED GitHub repository)	open
C05302	inchiKey	CQOQDQWUFQDJMK-SSTWWWIQSA-N	MNXM736913	ModelSEED	2.6.1	CC BY 4.0 (ModelSEED GitHub repository)	open
C05302	seed	cpd03147	MNXM736913	ModelSEED	2.6.1	CC BY 4.0 (ModelSEED GitHub repository)	open
C05769	inchiKey	VORBHEGMEBOMMB-JRHDEHKPSA-J	MNXM167473	ModelSEED	2.6.1	CC BY 4.0 (ModelSEED GitHub repository)	open
C05769	seed	cpd03417	MNXM167473	ModelSEED	2.6.1	CC BY 4.0 (ModelSEED GitHub repository)	open
C05770	inchiKey	JWFCYWSMNRLXLX-UJJXFSCMSA-J	MNXM164684	ModelSEED	2.6.1	CC BY 4.0 (ModelSEED GitHub repository)	open
C05770	seed	cpd03418	MNXM164684	ModelSEED	2.6.1	CC BY 4.0 (ModelSEED GitHub repository)	open
C06314	inchiKey	IXAQOQZEOGMIQS-SSQFXEBMSA-M	MNXM12129	ModelSEED	2.6.1	CC BY 4.0 (ModelSEED GitHub repository)	open
C06314	seed	cpd03755	MNXM12129	ModelSEED	2.6.1	CC BY 4.0 (ModelSEED GitHub repository)	open
C07297	inchiKey	NQFYRDGBRBDQQG-SVFBWJQPSA-J	MNXM726584	ModelSEED	2.6.1	CC BY 4.0 (ModelSEED GitHub repository)	open
C07297	seed	cpd04508	MNXM726584	ModelSEED	2.6.1	CC BY 4.0 (ModelSEED GitHub repository)	open
C08261	inchiKey	BDJRBEYXGGNYIS-UHFFFAOYSA-L	MNXM731023	ModelSEED	2.6.1	CC BY 4.0 (ModelSEED GitHub repository)	open
C08261	seed	cpd05177	MNXM731023	ModelSEED	2.6.1	CC BY 4.0 (ModelSEED GitHub repository)	open
C09642	inchiKey	IBRKLUSXDYATLG-LURJTMIESA-O	MNXM9366	ModelSEED	2.6.1	CC BY 4.0 (ModelSEED GitHub repository)	open
C09642	seed	cpd06536	MNXM9366	ModelSEED	2.6.1	CC BY 4.0 (ModelSEED GitHub repository)	open
C10164	inchiKey	SIOXPEMLGUPBBT-UHFFFAOYSA-M	MNXM12691	ModelSEED	2.6.1	CC BY 4.0 (ModelSEED GitHub repository)	open
C10164	seed	cpd07053	MNXM12691	ModelSEED	2.6.1	CC BY 4.0 (ModelSEED GitHub repository)	open
C11695	inchiKey	LGEQQWMQCRIYKG-DOFZRALJSA-N	MNXM737355	ModelSEED	2.6.1	CC BY 4.0 (ModelSEED GitHub repository)	open
C11695	seed	cpd08505	MNXM737355	ModelSEED	2.6.1	CC BY 4.0 (ModelSEED GitHub repository)	open
C11821	inchiKey	LTQYPAVLAYVKTK-YFKPBYRVSA-N	MNXM1137	ModelSEED	2.6.1	CC BY 4.0 (ModelSEED GitHub repository)	open
C11821	seed	cpd08625	MNXM1137	ModelSEED	2.6.1	CC BY 4.0 (ModelSEED GitHub repository)	open
C13856	inchiKey	RCRCTBLIHCHWDZ-DOFZRALJSA-N	MNXM1167	ModelSEED	2.6.1	CC BY 4.0 (ModelSEED GitHub repository)	open
C13856	seed	cpd09673	MNXM1167	ModelSEED	2.6.1	CC BY 4.0 (ModelSEED GitHub repository)	open
C14768	inchiKey	VBQNSZQZRAGRIX-QNEBEIHSSA-M	MNXM6120	ModelSEED	2.6.1	CC BY 4.0 (ModelSEED GitHub repository)	open
C14768	seed	cpd10465	MNXM6120	ModelSEED	2.6.1	CC BY 4.0 (ModelSEED GitHub repository)	open
C14769	inchiKey	DBWQSCSXHFNTMO-TYAUOURKSA-M	MNXM6139	ModelSEED	2.6.1	CC BY 4.0 (ModelSEED GitHub repository)	open
C14769	seed	cpd10466	MNXM6139	ModelSEED	2.6.1	CC BY 4.0 (ModelSEED GitHub repository)	open
C14770	chebi	chebi:131969;chebi:132276;chebi:34130;chebi:76625	MNXM163015	ChEBI	244	All data non-proprietary or derived from a non-proprietary source; freely accessible and available to anyone	open
C14770	inchiKey	DXOYQVHGIODESM-KROJNAHFSA-M	MNXM163015	ModelSEED	2.6.1	CC BY 4.0 (ModelSEED GitHub repository)	open
C14770	seed	cpd10467	MNXM163015	ModelSEED	2.6.1	CC BY 4.0 (ModelSEED GitHub repository)	open
C14825	chebi	chebi:86022	MNXM1108384	ChEBI	244	All data non-proprietary or derived from a non-proprietary source; freely accessible and available to anyone	open
C14825	inchiKey	FBUKMFOXMZRGRB-SQGUUQMOSA-M	MNXM1108384	ModelSEED	2.6.1	CC BY 4.0 (ModelSEED GitHub repository)	open
C14825	seed	cpd10522	MNXM1108384	ModelSEED	2.6.1	CC BY 4.0 (ModelSEED GitHub repository)	open
C14826	inchiKey	CCPPLLJZDQAOHD-BEBBCNLGSA-M	MNXM91839	ModelSEED	2.6.1	CC BY 4.0 (ModelSEED GitHub repository)	open
C14826	seed	cpd05280;cpd10523	MNXM91839	ModelSEED	2.6.1	CC BY 4.0 (ModelSEED GitHub repository)	open
CE0074	inchiKey	HIMXGTXNXJYFGB-UHFFFAOYSA-M	MNXM15828	ModelSEED	2.6.1	CC BY 4.0 (ModelSEED GitHub repository)	open
CE0074	seed	cpd24434	MNXM15828	ModelSEED	2.6.1	CC BY 4.0 (ModelSEED GitHub repository)	open
CE0713	chebi	chebi:74013;chebi:74090	MNXM149530	ChEBI	244	All data non-proprietary or derived from a non-proprietary source; freely accessible and available to anyone	open
CE0785	chebi	chebi:233789;chebi:70713	MNXM1364054	ChEBI	244	All data non-proprietary or derived from a non-proprietary source; freely accessible and available to anyone	open
CE0955	inchiKey	KFGOFTHODYBSGM-ZUNNJUQCSA-M	MNXM1103704	ModelSEED	2.6.1	CC BY 4.0 (ModelSEED GitHub repository)	open
CE0955	seed	cpd03550	MNXM1103704	ModelSEED	2.6.1	CC BY 4.0 (ModelSEED GitHub repository)	open
CE1243	chebi	chebi:63977;chebi:90694	MNXM728293	ChEBI	244	All data non-proprietary or derived from a non-proprietary source; freely accessible and available to anyone	open
CE1243	inchiKey	KUKJHGXXZWHSBG-WBGSEQOASA-M	MNXM728293	ModelSEED	2.6.1	CC BY 4.0 (ModelSEED GitHub repository)	open
CE1243	seed	cpd31076	MNXM728293	ModelSEED	2.6.1	CC BY 4.0 (ModelSEED GitHub repository)	open
CE1273	chebi	chebi:172123;chebi:172126	MNXM1105771	ChEBI	244	All data non-proprietary or derived from a non-proprietary source; freely accessible and available to anyone	open
CE1297	chebi	chebi:89982	MNXM39317	ChEBI	244	All data non-proprietary or derived from a non-proprietary source; freely accessible and available to anyone	open
CE1310	chebi	chebi:28939;chebi:78236	MNXM98606	ChEBI	244	All data non-proprietary or derived from a non-proprietary source; freely accessible and available to anyone	open
CE1310	inchiKey	PWKSKIMOESPYIA-BYPYZUCNSA-M	MNXM98606	ModelSEED	2.6.1	CC BY 4.0 (ModelSEED GitHub repository)	open
CE1310	seed	cpd04181	MNXM98606	ModelSEED	2.6.1	CC BY 4.0 (ModelSEED GitHub repository)	open
CE1401	chebi	chebi:233452;chebi:60315	MNXM738607	ChEBI	244	All data non-proprietary or derived from a non-proprietary source; freely accessible and available to anyone	open
CE1556	chebi	chebi:139582	MNXM727529	ChEBI	244	All data non-proprietary or derived from a non-proprietary source; freely accessible and available to anyone	open
CE1556	inchiKey	HXFOXFJUNFFYMO-BYPYZUCNSA-M	MNXM727529	ModelSEED	2.6.1	CC BY 4.0 (ModelSEED GitHub repository)	open
CE1556	seed	cpd25519	MNXM727529	ModelSEED	2.6.1	CC BY 4.0 (ModelSEED GitHub repository)	open
CE1562	chebi	chebi:177869;chebi:81394	MNXM6292	ChEBI	244	All data non-proprietary or derived from a non-proprietary source; freely accessible and available to anyone	open
CE1562	inchiKey	FXURFKFOPCZEKG-UHFFFAOYSA-M	MNXM6292	ModelSEED	2.6.1	CC BY 4.0 (ModelSEED GitHub repository)	open
CE1562	seed	cpd17924	MNXM6292	ModelSEED	2.6.1	CC BY 4.0 (ModelSEED GitHub repository)	open
CE1589	inchiKey	YTGXPYMXYISPEB-SIQRDODDSA-J	MNXM1104465	ModelSEED	2.6.1	CC BY 4.0 (ModelSEED GitHub repository)	open
CE1589	seed	cpd11228	MNXM1104465	ModelSEED	2.6.1	CC BY 4.0 (ModelSEED GitHub repository)	open
CE1617	chebi	chebi:50648;chebi:78630	MNXM1364383	ChEBI	244	All data non-proprietary or derived from a non-proprietary source; freely accessible and available to anyone	open
CE1617	inchiKey	SHGAZHPCJJPHSC-CDMOMSTLSA-M	MNXM1364383	ModelSEED	2.6.1	CC BY 4.0 (ModelSEED GitHub repository)	open
CE1617	seed	cpd11177	MNXM1364383	ModelSEED	2.6.1	CC BY 4.0 (ModelSEED GitHub repository)	open
CE1918	chebi	chebi:89825	MNXM8173	ChEBI	244	All data non-proprietary or derived from a non-proprietary source; freely accessible and available to anyone	open
CE1918	inchiKey	KQROHCSYOGBQGJ-UHFFFAOYSA-N	MNXM8173	ModelSEED	2.6.1	CC BY 4.0 (ModelSEED GitHub repository)	open
CE1918	seed	cpd23049	MNXM8173	ModelSEED	2.6.1	CC BY 4.0 (ModelSEED GitHub repository)	open
CE1925	chebi	chebi:88427	MNXM730635	ChEBI	244	All data non-proprietary or derived from a non-proprietary source; freely accessible and available to anyone	open
CE1925	inchiKey	AXODOWFEFKOVSH-UHFFFAOYSA-M	MNXM730635	ModelSEED	2.6.1	CC BY 4.0 (ModelSEED GitHub repository)	open
CE1925	seed	cpd23163	MNXM730635	ModelSEED	2.6.1	CC BY 4.0 (ModelSEED GitHub repository)	open
CE1926	chebi	chebi:89379	MNXM54295	ChEBI	244	All data non-proprietary or derived from a non-proprietary source; freely accessible and available to anyone	open
CE1935	chebi	chebi:180903	MNXM162716	ChEBI	244	All data non-proprietary or derived from a non-proprietary source; freely accessible and available to anyone	open
CE1936	chebi	chebi:172441;chebi:180902	MNXM82536	ChEBI	244	All data non-proprietary or derived from a non-proprietary source; freely accessible and available to anyone	open
CE1939	chebi	chebi:183796;chebi:183797	MNXM162714	ChEBI	244	All data non-proprietary or derived from a non-proprietary source; freely accessible and available to anyone	open
CE1940	chebi	chebi:51824;chebi:58869	MNXM5830	ChEBI	244	All data non-proprietary or derived from a non-proprietary source; freely accessible and available to anyone	open
CE1940	inchiKey	JNZUMEMWAPJNLC-UHFFFAOYSA-P	MNXM5830	ModelSEED	2.6.1	CC BY 4.0 (ModelSEED GitHub repository)	open
CE1940	seed	cpd24610	MNXM5830	ModelSEED	2.6.1	CC BY 4.0 (ModelSEED GitHub repository)	open
CE1944	inchiKey	ZVJHJDDKYZXRJI-UHFFFAOYSA-O	MNXM1880	ModelSEED	2.6.1	CC BY 4.0 (ModelSEED GitHub repository)	open
CE1944	seed	cpd11311	MNXM1880	ModelSEED	2.6.1	CC BY 4.0 (ModelSEED GitHub repository)	open
CE2006	inchiKey	JVJFIQYAHPMBBX-FNORWQNLSA-N	MNXM1371961	ModelSEED	2.6.1	CC BY 4.0 (ModelSEED GitHub repository)	open
CE2006	seed	cpd22829	MNXM1371961	ModelSEED	2.6.1	CC BY 4.0 (ModelSEED GitHub repository)	open
CE2026	chebi	chebi:68499	MNXM36641	ChEBI	244	All data non-proprietary or derived from a non-proprietary source; freely accessible and available to anyone	open
CE2026	inchiKey	PFWQSHXPNKRLIV-UHFFFAOYSA-M	MNXM36641	ModelSEED	2.6.1	CC BY 4.0 (ModelSEED GitHub repository)	open
CE2026	seed	cpd31613	MNXM36641	ModelSEED	2.6.1	CC BY 4.0 (ModelSEED GitHub repository)	open
CE2028	inchiKey	AXFYFNCPONWUHW-UHFFFAOYSA-M	MNXM36533	ModelSEED	2.6.1	CC BY 4.0 (ModelSEED GitHub repository)	open
CE2028	seed	cpd31748	MNXM36533	ModelSEED	2.6.1	CC BY 4.0 (ModelSEED GitHub repository)	open
CE2038	chebi	chebi:63803;chebi:77293	MNXM1103309	ChEBI	244	All data non-proprietary or derived from a non-proprietary source; freely accessible and available to anyone	open
CE2056	chebi	chebi:133437;chebi:134516	MNXM734700	ChEBI	244	All data non-proprietary or derived from a non-proprietary source; freely accessible and available to anyone	open
CE2084	chebi	chebi:184268;chebi:52449;chebi:65342	MNXM741577	ChEBI	244	All data non-proprietary or derived from a non-proprietary source; freely accessible and available to anyone	open
CE2084	inchiKey	MEASLHGILYBXFO-XTDASVJISA-M	MNXM741577	ModelSEED	2.6.1	CC BY 4.0 (ModelSEED GitHub repository)	open
CE2084	seed	cpd10430	MNXM741577	ModelSEED	2.6.1	CC BY 4.0 (ModelSEED GitHub repository)	open
CE2176	chebi	chebi:133668;chebi:172453;chebi:82913	MNXM10073	ChEBI	244	All data non-proprietary or derived from a non-proprietary source; freely accessible and available to anyone	open
CE2176	inchiKey	PFDUUKDQEHURQC-ZETCQYMHSA-N	MNXM10073	ModelSEED	2.6.1	CC BY 4.0 (ModelSEED GitHub repository)	open
CE2176	seed	cpd22970	MNXM10073	ModelSEED	2.6.1	CC BY 4.0 (ModelSEED GitHub repository)	open
CE2209	inchiKey	CBMYJHIOYJEBSB-JBDJBKRMSA-N	MNXM729267	ModelSEED	2.6.1	CC BY 4.0 (ModelSEED GitHub repository)	open
CE2209	seed	cpd02403;cpd23769	MNXM729267	ModelSEED	2.6.1	CC BY 4.0 (ModelSEED GitHub repository)	open
CE2211	inchiKey	AURFZBICLPNKBZ-SYBPFIFISA-N	MNXM734600	ModelSEED	2.6.1	CC BY 4.0 (ModelSEED GitHub repository)	open
CE2211	seed	cpd09544	MNXM734600	ModelSEED	2.6.1	CC BY 4.0 (ModelSEED GitHub repository)	open
CE2242	chebi	chebi:74692;chebi:75064	MNXM741760	ChEBI	244	All data non-proprietary or derived from a non-proprietary source; freely accessible and available to anyone	open
CE2242	inchiKey	KRTIFNFQCJTGMV-DYAVHEMFSA-J	MNXM741760	ModelSEED	2.6.1	CC BY 4.0 (ModelSEED GitHub repository)	open
CE2242	seed	cpd24271	MNXM741760	ModelSEED	2.6.1	CC BY 4.0 (ModelSEED GitHub repository)	open
CE2243	chebi	chebi:74691;chebi:75061	MNXM163905	ChEBI	244	All data non-proprietary or derived from a non-proprietary source; freely accessible and available to anyone	open
CE2243	inchiKey	ROOFWBIMBMJYGA-DSAUMYHJSA-J	MNXM163905	ModelSEED	2.6.1	CC BY 4.0 (ModelSEED GitHub repository)	open
CE2243	seed	cpd24270	MNXM163905	ModelSEED	2.6.1	CC BY 4.0 (ModelSEED GitHub repository)	open
CE2245	chebi	chebi:74693;chebi:75068	MNXM165192	ChEBI	244	All data non-proprietary or derived from a non-proprietary source; freely accessible and available to anyone	open
CE2245	inchiKey	UVJKZCSQLMWPMV-LQJAWXTISA-J	MNXM165192	ModelSEED	2.6.1	CC BY 4.0 (ModelSEED GitHub repository)	open
CE2245	seed	cpd24272	MNXM165192	ModelSEED	2.6.1	CC BY 4.0 (ModelSEED GitHub repository)	open
CE2246	chebi	chebi:52325;chebi:71456	MNXM1363770	ChEBI	244	All data non-proprietary or derived from a non-proprietary source; freely accessible and available to anyone	open
CE2247	chebi	chebi:52324;chebi:71455	MNXM1363908	ChEBI	244	All data non-proprietary or derived from a non-proprietary source; freely accessible and available to anyone	open
CE2248	chebi	chebi:50583;chebi:71408	MNXM1363898	ChEBI	244	All data non-proprietary or derived from a non-proprietary source; freely accessible and available to anyone	open
CE2248	inchiKey	WZMAIEGYXCOYSH-FWBOWLIOSA-J	MNXM1363898	ModelSEED	2.6.1	CC BY 4.0 (ModelSEED GitHub repository)	open
CE2248	seed	cpd14936	MNXM1363898	ModelSEED	2.6.1	CC BY 4.0 (ModelSEED GitHub repository)	open
CE2249	chebi	chebi:52326;chebi:65051	MNXM1105747	ChEBI	244	All data non-proprietary or derived from a non-proprietary source; freely accessible and available to anyone	open
CE2250	chebi	chebi:52328;chebi:71451	MNXM1103369	ChEBI	244	All data non-proprietary or derived from a non-proprietary source; freely accessible and available to anyone	open
CE2250	inchiKey	RKCOGGUHKPTOQJ-GNSUAQHMSA-J	MNXM1103369	ModelSEED	2.6.1	CC BY 4.0 (ModelSEED GitHub repository)	open
CE2250	seed	cpd22630	MNXM1103369	ModelSEED	2.6.1	CC BY 4.0 (ModelSEED GitHub repository)	open
CE2251	chebi	chebi:52327;chebi:65115	MNXM1104443	ChEBI	244	All data non-proprietary or derived from a non-proprietary source; freely accessible and available to anyone	open
CE2251	inchiKey	FYBVHNZJDVUVLJ-IBYUJNRCSA-J	MNXM1104443	ModelSEED	2.6.1	CC BY 4.0 (ModelSEED GitHub repository)	open
CE2251	seed	cpd24263	MNXM1104443	ModelSEED	2.6.1	CC BY 4.0 (ModelSEED GitHub repository)	open
CE2253	chebi	chebi:52329;chebi:73977	MNXM1103371	ChEBI	244	All data non-proprietary or derived from a non-proprietary source; freely accessible and available to anyone	open
CE2253	inchiKey	JJSJTIWFKNSCHC-JBKAVQFISA-J	MNXM1103371	ModelSEED	2.6.1	CC BY 4.0 (ModelSEED GitHub repository)	open
CE2253	seed	cpd24264	MNXM1103371	ModelSEED	2.6.1	CC BY 4.0 (ModelSEED GitHub repository)	open
CE2313	chebi	chebi:78904	MNXM731211	ChEBI	244	All data non-proprietary or derived from a non-proprietary source; freely accessible and available to anyone	open
CE2313	inchiKey	OGQJUYXFIOFTMA-PBJLWWPKSA-N	MNXM731211	ModelSEED	2.6.1	CC BY 4.0 (ModelSEED GitHub repository)	open
CE2313	seed	cpd25358	MNXM731211	ModelSEED	2.6.1	CC BY 4.0 (ModelSEED GitHub repository)	open
CE2314	chebi	chebi:212200;chebi:87044	MNXM5534	ChEBI	244	All data non-proprietary or derived from a non-proprietary source; freely accessible and available to anyone	open
CE2314	inchiKey	FYHRVINOXYETMN-QGBOJXOESA-N	MNXM5534	ModelSEED	2.6.1	CC BY 4.0 (ModelSEED GitHub repository)	open
CE2314	seed	cpd14644	MNXM5534	ModelSEED	2.6.1	CC BY 4.0 (ModelSEED GitHub repository)	open
CE2434	chebi	chebi:77558;chebi:78190	MNXM146682	ChEBI	244	All data non-proprietary or derived from a non-proprietary source; freely accessible and available to anyone	open
CE2510	inchiKey	BITHHVVYSMSWAG-KTKRTIGZSA-M	MNXM1107952	ModelSEED	2.6.1	CC BY 4.0 (ModelSEED GitHub repository)	open
CE2510	seed	cpd16341	MNXM1107952	ModelSEED	2.6.1	CC BY 4.0 (ModelSEED GitHub repository)	open
CE2537	chebi	chebi:88348	MNXM33401	ChEBI	244	All data non-proprietary or derived from a non-proprietary source; freely accessible and available to anyone	open
CE2567	chebi	chebi:64095	MNXM162458	ChEBI	244	All data non-proprietary or derived from a non-proprietary source; freely accessible and available to anyone	open
CE2567	inchiKey	YNHSGCYEQVDEOY-XTDAIULDSA-M	MNXM162458	ModelSEED	2.6.1	CC BY 4.0 (ModelSEED GitHub repository)	open
CE2567	seed	cpd10512	MNXM162458	ModelSEED	2.6.1	CC BY 4.0 (ModelSEED GitHub repository)	open
CE2576	chebi	chebi:171939	MNXM14753	ChEBI	244	All data non-proprietary or derived from a non-proprietary source; freely accessible and available to anyone	open
CE2576	inchiKey	TVNYLRYVAZWBEH-FNORWQNLSA-N	MNXM14753	ModelSEED	2.6.1	CC BY 4.0 (ModelSEED GitHub repository)	open
CE2576	seed	cpd22111	MNXM14753	ModelSEED	2.6.1	CC BY 4.0 (ModelSEED GitHub repository)	open
CE2705	inchiKey	FEMXZDUTFRTWPE-DZSWIPIPSA-N	MNXM723641	ModelSEED	2.6.1	CC BY 4.0 (ModelSEED GitHub repository)	open
CE2705	seed	cpd01895;cpd22433	MNXM723641	ModelSEED	2.6.1	CC BY 4.0 (ModelSEED GitHub repository)	open
CE2866	chebi	chebi:176514;chebi:45698	MNXM732211	ChEBI	244	All data non-proprietary or derived from a non-proprietary source; freely accessible and available to anyone	open
CE2866	inchiKey	CPCJBZABTUOGNM-LBPRGKRZSA-N	MNXM732211	ModelSEED	2.6.1	CC BY 4.0 (ModelSEED GitHub repository)	open
CE2866	seed	cpd22927	MNXM732211	ModelSEED	2.6.1	CC BY 4.0 (ModelSEED GitHub repository)	open
CE2870	chebi	chebi:176515;chebi:35431	MNXM3164	ChEBI	244	All data non-proprietary or derived from a non-proprietary source; freely accessible and available to anyone	open
CE2875	chebi	chebi:184344	MNXM150752	ChEBI	244	All data non-proprietary or derived from a non-proprietary source; freely accessible and available to anyone	open
CE2915	chebi	chebi:172843	MNXM729547	ChEBI	244	All data non-proprietary or derived from a non-proprietary source; freely accessible and available to anyone	open
CE2934	chebi	chebi:68455	MNXM35291	ChEBI	244	All data non-proprietary or derived from a non-proprietary source; freely accessible and available to anyone	open
CE4633	chebi	chebi:24757	MNXM733724	ChEBI	244	All data non-proprietary or derived from a non-proprietary source; freely accessible and available to anyone	open
CE4633	inchiKey	QWPPOHNGKGFGJK-UHFFFAOYSA-N	MNXM733724	ModelSEED	2.6.1	CC BY 4.0 (ModelSEED GitHub repository)	open
CE4633	seed	cpd20945;cpd23586	MNXM733724	ModelSEED	2.6.1	CC BY 4.0 (ModelSEED GitHub repository)	open
CE4793	chebi	chebi:71481;chebi:71539	MNXM166236	ChEBI	244	All data non-proprietary or derived from a non-proprietary source; freely accessible and available to anyone	open
CE4793	inchiKey	DJFXNRBQUUFIOS-DDQUOPDJSA-J	MNXM166236	ModelSEED	2.6.1	CC BY 4.0 (ModelSEED GitHub repository)	open
CE4793	seed	cpd28749	MNXM166236	ModelSEED	2.6.1	CC BY 4.0 (ModelSEED GitHub repository)	open
CE4797	chebi	chebi:86982;chebi:87181	MNXM34616	ChEBI	244	All data non-proprietary or derived from a non-proprietary source; freely accessible and available to anyone	open
CE4798	chebi	chebi:86983;chebi:87182	MNXM163033	ChEBI	244	All data non-proprietary or derived from a non-proprietary source; freely accessible and available to anyone	open
CE4804	chebi	chebi:231675	MNXM1363762	ChEBI	244	All data non-proprietary or derived from a non-proprietary source; freely accessible and available to anyone	open
CE4811	chebi	chebi:71491;chebi:71574	MNXM164249	ChEBI	244	All data non-proprietary or derived from a non-proprietary source; freely accessible and available to anyone	open
CE4811	inchiKey	VVLBCJHQULSXJN-QWOXCLFSSA-J	MNXM164249	ModelSEED	2.6.1	CC BY 4.0 (ModelSEED GitHub repository)	open
CE4811	seed	cpd35847	MNXM164249	ModelSEED	2.6.1	CC BY 4.0 (ModelSEED GitHub repository)	open
CE4819	chebi	chebi:73863;chebi:73887	MNXM730960	ChEBI	244	All data non-proprietary or derived from a non-proprietary source; freely accessible and available to anyone	open
CE4819	inchiKey	SLYKKQSPRFJDAF-HVGANWHPSA-J	MNXM730960	ModelSEED	2.6.1	CC BY 4.0 (ModelSEED GitHub repository)	open
CE4819	seed	cpd28753	MNXM730960	ModelSEED	2.6.1	CC BY 4.0 (ModelSEED GitHub repository)	open
CE4820	chebi	chebi:76367;chebi:76449	MNXM739237	ChEBI	244	All data non-proprietary or derived from a non-proprietary source; freely accessible and available to anyone	open
CE4820	inchiKey	UIAGUJIMVQPSDP-QOJZHLSOSA-J	MNXM739237	ModelSEED	2.6.1	CC BY 4.0 (ModelSEED GitHub repository)	open
CE4820	seed	cpd15095	MNXM739237	ModelSEED	2.6.1	CC BY 4.0 (ModelSEED GitHub repository)	open
CE4821	chebi	chebi:76461;chebi:76643	MNXM730934	ChEBI	244	All data non-proprietary or derived from a non-proprietary source; freely accessible and available to anyone	open
CE4821	inchiKey	HGVXUTAEZALTIG-HKHRKLHHSA-J	MNXM730934	ModelSEED	2.6.1	CC BY 4.0 (ModelSEED GitHub repository)	open
CE4821	seed	cpd28755	MNXM730934	ModelSEED	2.6.1	CC BY 4.0 (ModelSEED GitHub repository)	open
CE4831	chebi	chebi:74091	MNXM173447	ChEBI	244	All data non-proprietary or derived from a non-proprietary source; freely accessible and available to anyone	open
CE4833	chebi	chebi:63821;chebi:73852	MNXM31378	ChEBI	244	All data non-proprietary or derived from a non-proprietary source; freely accessible and available to anyone	open
CE4833	inchiKey	VMAJWSSWCPBIJY-KPOVBLHLSA-J	MNXM31378	ModelSEED	2.6.1	CC BY 4.0 (ModelSEED GitHub repository)	open
CE4833	seed	cpd35717	MNXM31378	ModelSEED	2.6.1	CC BY 4.0 (ModelSEED GitHub repository)	open
CE4834	chebi	chebi:73857;chebi:73874	MNXM1102116	ChEBI	244	All data non-proprietary or derived from a non-proprietary source; freely accessible and available to anyone	open
CE4834	inchiKey	WSALICWLARPULC-GJYKHRJNSA-J	MNXM1102116	ModelSEED	2.6.1	CC BY 4.0 (ModelSEED GitHub repository)	open
CE4834	seed	cpd34767	MNXM1102116	ModelSEED	2.6.1	CC BY 4.0 (ModelSEED GitHub repository)	open
CE4835	chebi	chebi:76416;chebi:76542	MNXM1103977	ChEBI	244	All data non-proprietary or derived from a non-proprietary source; freely accessible and available to anyone	open
CE4835	inchiKey	XSIBQUOFLNIVEK-XPBIURITSA-J	MNXM1103977	ModelSEED	2.6.1	CC BY 4.0 (ModelSEED GitHub repository)	open
CE4835	seed	cpd32008	MNXM1103977	ModelSEED	2.6.1	CC BY 4.0 (ModelSEED GitHub repository)	open
CE4838	chebi	chebi:76364;chebi:76447	MNXM1103767	ChEBI	244	All data non-proprietary or derived from a non-proprietary source; freely accessible and available to anyone	open
CE4838	inchiKey	UYOKHWFEUAJFMG-UIYHDVLFSA-J	MNXM1103767	ModelSEED	2.6.1	CC BY 4.0 (ModelSEED GitHub repository)	open
CE4838	seed	cpd15093	MNXM1103767	ModelSEED	2.6.1	CC BY 4.0 (ModelSEED GitHub repository)	open
CE4840	chebi	chebi:76408;chebi:76524	MNXM145826	ChEBI	244	All data non-proprietary or derived from a non-proprietary source; freely accessible and available to anyone	open
CE4840	inchiKey	MNTSLNSVZACNCX-JPDDAYGWSA-J	MNXM145826	ModelSEED	2.6.1	CC BY 4.0 (ModelSEED GitHub repository)	open
CE4840	seed	cpd34639	MNXM145826	ModelSEED	2.6.1	CC BY 4.0 (ModelSEED GitHub repository)	open
CE4841	chebi	chebi:74012;chebi:74109	MNXM145819	ChEBI	244	All data non-proprietary or derived from a non-proprietary source; freely accessible and available to anyone	open
CE4841	inchiKey	PUWDUOCPCWFEFG-YGYQDCEASA-J	MNXM145819	ModelSEED	2.6.1	CC BY 4.0 (ModelSEED GitHub repository)	open
CE4841	seed	cpd32037	MNXM145819	ModelSEED	2.6.1	CC BY 4.0 (ModelSEED GitHub repository)	open
CE4842	chebi	chebi:76409;chebi:76532	MNXM145821	ChEBI	244	All data non-proprietary or derived from a non-proprietary source; freely accessible and available to anyone	open
CE4842	inchiKey	JLHULLPFTGLIGF-DBYUABGNSA-J	MNXM145821	ModelSEED	2.6.1	CC BY 4.0 (ModelSEED GitHub repository)	open
CE4842	seed	cpd31757	MNXM145821	ModelSEED	2.6.1	CC BY 4.0 (ModelSEED GitHub repository)	open
CE4843	chebi	chebi:76410;chebi:76534	MNXM1371294	ChEBI	244	All data non-proprietary or derived from a non-proprietary source; freely accessible and available to anyone	open
CE4843	inchiKey	YCKYOUVXZZJCIU-YGYQDCEASA-J	MNXM1371294	ModelSEED	2.6.1	CC BY 4.0 (ModelSEED GitHub repository)	open
CE4843	seed	cpd14900	MNXM1371294	ModelSEED	2.6.1	CC BY 4.0 (ModelSEED GitHub repository)	open
CE4845	chebi	chebi:74426;chebi:74665	MNXM1102112	ChEBI	244	All data non-proprietary or derived from a non-proprietary source; freely accessible and available to anyone	open
CE4847	chebi	chebi:74423;chebi:74660	MNXM149266	ChEBI	244	All data non-proprietary or derived from a non-proprietary source; freely accessible and available to anyone	open
CE4850	chebi	chebi:74334;chebi:74609	MNXM146932	ChEBI	244	All data non-proprietary or derived from a non-proprietary source; freely accessible and available to anyone	open
CE4851	chebi	chebi:74427;chebi:74666	MNXM1102114	ChEBI	244	All data non-proprietary or derived from a non-proprietary source; freely accessible and available to anyone	open
CE4872	inchiKey	USFJGINJGUIFSY-IUFSEJPUSA-N	MNXM730282	ModelSEED	2.6.1	CC BY 4.0 (ModelSEED GitHub repository)	open
CE4872	seed	cpd00955	MNXM730282	ModelSEED	2.6.1	CC BY 4.0 (ModelSEED GitHub repository)	open
CE4877	chebi	chebi:34159;chebi:85236	MNXM33413	ChEBI	244	All data non-proprietary or derived from a non-proprietary source; freely accessible and available to anyone	open
CE4877	inchiKey	VHRUMKCAEVRUBK-GODQJPCRSA-M	MNXM33413	ModelSEED	2.6.1	CC BY 4.0 (ModelSEED GitHub repository)	open
CE4877	seed	cpd10415	MNXM33413	ModelSEED	2.6.1	CC BY 4.0 (ModelSEED GitHub repository)	open
CE4888	inchiKey	SGNZYJXNUURYCH-UHFFFAOYSA-N	MNXM730705	ModelSEED	2.6.1	CC BY 4.0 (ModelSEED GitHub repository)	open
CE4888	seed	cpd03308	MNXM730705	ModelSEED	2.6.1	CC BY 4.0 (ModelSEED GitHub repository)	open
CE4890	chebi	chebi:88540	MNXM31861	ChEBI	244	All data non-proprietary or derived from a non-proprietary source; freely accessible and available to anyone	open
CE4968	chebi	chebi:133611;chebi:70984	MNXM58397	ChEBI	244	All data non-proprietary or derived from a non-proprietary source; freely accessible and available to anyone	open
CE4969	chebi	chebi:133610;chebi:70979	MNXM57844	ChEBI	244	All data non-proprietary or derived from a non-proprietary source; freely accessible and available to anyone	open
CE4990	chebi	chebi:133309;chebi:27814	MNXM6635	ChEBI	244	All data non-proprietary or derived from a non-proprietary source; freely accessible and available to anyone	open
CE4990	inchiKey	SJVWVCVZWMJXOK-NOJHDUNKSA-M	MNXM6635	ModelSEED	2.6.1	CC BY 4.0 (ModelSEED GitHub repository)	open
CE4990	seed	cpd03538	MNXM6635	ModelSEED	2.6.1	CC BY 4.0 (ModelSEED GitHub repository)	open
CE5072	inchiKey	CYKYBWRSLLXBOW-GDYGHMJCSA-N	MNXM730973	ModelSEED	2.6.1	CC BY 4.0 (ModelSEED GitHub repository)	open
CE5072	seed	cpd09545	MNXM730973	ModelSEED	2.6.1	CC BY 4.0 (ModelSEED GitHub repository)	open
CE5114	chebi	chebi:76412;chebi:76538	MNXM165187	ChEBI	244	All data non-proprietary or derived from a non-proprietary source; freely accessible and available to anyone	open
CE5114	inchiKey	WQDZFNIBNFNRLF-XBLGNFGOSA-J	MNXM165187	ModelSEED	2.6.1	CC BY 4.0 (ModelSEED GitHub repository)	open
CE5114	seed	cpd28751	MNXM165187	ModelSEED	2.6.1	CC BY 4.0 (ModelSEED GitHub repository)	open
CE5117	chebi	chebi:233828	MNXM1413004	ChEBI	244	All data non-proprietary or derived from a non-proprietary source; freely accessible and available to anyone	open
CE5120	chebi	chebi:233831	MNXM1413007	ChEBI	244	All data non-proprietary or derived from a non-proprietary source; freely accessible and available to anyone	open
CE5144	chebi	chebi:74011;chebi:74037	MNXM163188	ChEBI	244	All data non-proprietary or derived from a non-proprietary source; freely accessible and available to anyone	open
CE5144	inchiKey	ASKKPQKSCFYPPP-FVLDFCIYSA-J	MNXM163188	ModelSEED	2.6.1	CC BY 4.0 (ModelSEED GitHub repository)	open
CE5144	seed	cpd24280	MNXM163188	ModelSEED	2.6.1	CC BY 4.0 (ModelSEED GitHub repository)	open
CE5150	chebi	chebi:76388;chebi:76509	MNXM145820	ChEBI	244	All data non-proprietary or derived from a non-proprietary source; freely accessible and available to anyone	open
CE5150	inchiKey	LAECEUXZOONXDY-NWGWHIGPSA-J	MNXM145820	ModelSEED	2.6.1	CC BY 4.0 (ModelSEED GitHub repository)	open
CE5150	seed	cpd31898	MNXM145820	ModelSEED	2.6.1	CC BY 4.0 (ModelSEED GitHub repository)	open
CE5151	chebi	chebi:74069;chebi:74126	MNXM1103876	ChEBI	244	All data non-proprietary or derived from a non-proprietary source; freely accessible and available to anyone	open
CE5151	inchiKey	ZDRKXADSROCWCG-FVLDFCIYSA-J	MNXM1103876	ModelSEED	2.6.1	CC BY 4.0 (ModelSEED GitHub repository)	open
CE5151	seed	cpd16344;cpd24275	MNXM1103876	ModelSEED	2.6.1	CC BY 4.0 (ModelSEED GitHub repository)	open
CE5152	chebi	chebi:74070;chebi:74127	MNXM145938	ChEBI	244	All data non-proprietary or derived from a non-proprietary source; freely accessible and available to anyone	open
CE5154	chebi	chebi:76391;chebi:76520	MNXM145968	ChEBI	244	All data non-proprietary or derived from a non-proprietary source; freely accessible and available to anyone	open
CE5155	chebi	chebi:74068;chebi:74106	MNXM1103851	ChEBI	244	All data non-proprietary or derived from a non-proprietary source; freely accessible and available to anyone	open
CE5155	inchiKey	OWGHRDKRIGXBJM-SPZFTOIUSA-J	MNXM1103851	ModelSEED	2.6.1	CC BY 4.0 (ModelSEED GitHub repository)	open
CE5155	seed	cpd16345;cpd24276	MNXM1103851	ModelSEED	2.6.1	CC BY 4.0 (ModelSEED GitHub repository)	open
CE5156	chebi	chebi:74071;chebi:74133	MNXM145943	ChEBI	244	All data non-proprietary or derived from a non-proprietary source; freely accessible and available to anyone	open
CE5158	chebi	chebi:76393;chebi:76523	MNXM145973	ChEBI	244	All data non-proprietary or derived from a non-proprietary source; freely accessible and available to anyone	open
CE5160	chebi	chebi:87695;chebi:88007	MNXM1101997	ChEBI	244	All data non-proprietary or derived from a non-proprietary source; freely accessible and available to anyone	open
CE5160	inchiKey	AVEYYKDEKGJVBU-BPMMELMSSA-J	MNXM1101997	ModelSEED	2.6.1	CC BY 4.0 (ModelSEED GitHub repository)	open
CE5160	seed	cpd32253	MNXM1101997	ModelSEED	2.6.1	CC BY 4.0 (ModelSEED GitHub repository)	open
CE5162	chebi	chebi:77553;chebi:78187	MNXM1101947	ChEBI	244	All data non-proprietary or derived from a non-proprietary source; freely accessible and available to anyone	open
CE5162	inchiKey	REOYMONHGHULEY-PPSVNWDXSA-J	MNXM1101947	ModelSEED	2.6.1	CC BY 4.0 (ModelSEED GitHub repository)	open
CE5162	seed	cpd31963	MNXM1101947	ModelSEED	2.6.1	CC BY 4.0 (ModelSEED GitHub repository)	open
CE5178	chebi	chebi:192149	MNXM38280	ChEBI	244	All data non-proprietary or derived from a non-proprietary source; freely accessible and available to anyone	open
CE5236	chebi	chebi:168788	MNXM65212	ChEBI	244	All data non-proprietary or derived from a non-proprietary source; freely accessible and available to anyone	open
CE5276	chebi	chebi:167191;chebi:74684	MNXM5727	ChEBI	244	All data non-proprietary or derived from a non-proprietary source; freely accessible and available to anyone	open
CE5276	inchiKey	PQPXZWUZIOASKS-UHFFFAOYSA-O	MNXM5727	ModelSEED	2.6.1	CC BY 4.0 (ModelSEED GitHub repository)	open
CE5276	seed	cpd17852	MNXM5727	ModelSEED	2.6.1	CC BY 4.0 (ModelSEED GitHub repository)	open
CE5304	chebi	chebi:63999	MNXM734306	ChEBI	244	All data non-proprietary or derived from a non-proprietary source; freely accessible and available to anyone	open
CE5586	chebi	chebi:48007;chebi:58732	MNXM4697	ChEBI	244	All data non-proprietary or derived from a non-proprietary source; freely accessible and available to anyone	open
CE5586	inchiKey	YAVLYBVKPXLZEQ-UXBLZVDNSA-Q	MNXM4697	ModelSEED	2.6.1	CC BY 4.0 (ModelSEED GitHub repository)	open
CE5586	seed	cpd14584	MNXM4697	ModelSEED	2.6.1	CC BY 4.0 (ModelSEED GitHub repository)	open
CE5626	chebi	chebi:179177	MNXM81437	ChEBI	244	All data non-proprietary or derived from a non-proprietary source; freely accessible and available to anyone	open
CE5629	chebi	chebi:178978	MNXM32113	ChEBI	244	All data non-proprietary or derived from a non-proprietary source; freely accessible and available to anyone	open
CE5643	inchiKey	CMFNMSMUKZHDEY-UHFFFAOYSA-M	MNXM6378	ModelSEED	2.6.1	CC BY 4.0 (ModelSEED GitHub repository)	open
CE5643	seed	cpd17155	MNXM6378	ModelSEED	2.6.1	CC BY 4.0 (ModelSEED GitHub repository)	open
CE5665	chebi	chebi:74683	MNXM741777	ChEBI	244	All data non-proprietary or derived from a non-proprietary source; freely accessible and available to anyone	open
CE5665	inchiKey	VGSVNUGKHOVSPK-UHFFFAOYSA-N	MNXM741777	ModelSEED	2.6.1	CC BY 4.0 (ModelSEED GitHub repository)	open
CE5665	seed	cpd17853	MNXM741777	ModelSEED	2.6.1	CC BY 4.0 (ModelSEED GitHub repository)	open
CE5786	chebi	chebi:147364;chebi:80144	MNXM1105076	ChEBI	244	All data non-proprietary or derived from a non-proprietary source; freely accessible and available to anyone	open
CE5786	seed	cpd14603	MNXM1105076	ModelSEED	2.6.1	CC BY 4.0 (ModelSEED GitHub repository)	open
CE5787	chebi	chebi:174809	MNXM744507	ChEBI	244	All data non-proprietary or derived from a non-proprietary source; freely accessible and available to anyone	open
CE5789	chebi	chebi:147365;chebi:149501	MNXM1094932	ChEBI	244	All data non-proprietary or derived from a non-proprietary source; freely accessible and available to anyone	open
CE5791	chebi	chebi:177829	MNXM744508	ChEBI	244	All data non-proprietary or derived from a non-proprietary source; freely accessible and available to anyone	open
CE5798	chebi	chebi:176195	MNXM64500	ChEBI	244	All data non-proprietary or derived from a non-proprietary source; freely accessible and available to anyone	open
CE5944	chebi	chebi:175292	MNXM33026	ChEBI	244	All data non-proprietary or derived from a non-proprietary source; freely accessible and available to anyone	open
CE5947	chebi	chebi:175747	MNXM35482	ChEBI	244	All data non-proprietary or derived from a non-proprietary source; freely accessible and available to anyone	open
CE6031	chebi	chebi:133003;chebi:83037	MNXM42074	ChEBI	244	All data non-proprietary or derived from a non-proprietary source; freely accessible and available to anyone	open
CE6205	inchiKey	QLWKTGDEPLRFAT-UHFFFAOYSA-N	MNXM14897	ModelSEED	2.6.1	CC BY 4.0 (ModelSEED GitHub repository)	open
CE6205	seed	cpd23195	MNXM14897	ModelSEED	2.6.1	CC BY 4.0 (ModelSEED GitHub repository)	open
CE6232	chebi	chebi:133084;chebi:133793	MNXM740262	ChEBI	244	All data non-proprietary or derived from a non-proprietary source; freely accessible and available to anyone	open
CE6234	chebi	chebi:90793;chebi:91133	MNXM740264	ChEBI	244	All data non-proprietary or derived from a non-proprietary source; freely accessible and available to anyone	open
CE6246	chebi	chebi:175298	MNXM37877	ChEBI	244	All data non-proprietary or derived from a non-proprietary source; freely accessible and available to anyone	open
CE6247	chebi	chebi:90732;chebi:90992	MNXM163161	ChEBI	244	All data non-proprietary or derived from a non-proprietary source; freely accessible and available to anyone	open
CE6506	chebi	chebi:171773	MNXM150783	ChEBI	244	All data non-proprietary or derived from a non-proprietary source; freely accessible and available to anyone	open
CE7082	chebi	chebi:132087;chebi:88347	MNXM33490	ChEBI	244	All data non-proprietary or derived from a non-proprietary source; freely accessible and available to anyone	open
CE7083	chebi	chebi:133302;chebi:88493	MNXM59982	ChEBI	244	All data non-proprietary or derived from a non-proprietary source; freely accessible and available to anyone	open
CE7085	chebi	chebi:72801;chebi:90737	MNXM38127	ChEBI	244	All data non-proprietary or derived from a non-proprietary source; freely accessible and available to anyone	open
CE7090	inchiKey	LRWYBGFSVUBWMO-UAAZXLHOSA-M	MNXM730433	ModelSEED	2.6.1	CC BY 4.0 (ModelSEED GitHub repository)	open
CE7090	seed	cpd19447	MNXM730433	ModelSEED	2.6.1	CC BY 4.0 (ModelSEED GitHub repository)	open
CE7096	chebi	chebi:90813;chebi:91286	MNXM735120	ChEBI	244	All data non-proprietary or derived from a non-proprietary source; freely accessible and available to anyone	open
CE7172	chebi	chebi:88459	MNXM33360	ChEBI	244	All data non-proprietary or derived from a non-proprietary source; freely accessible and available to anyone	open
HC00250	inchiKey	RWSOTUBLDIXVET-UHFFFAOYSA-M	MNXM1366460	ModelSEED	2.6.1	CC BY 4.0 (ModelSEED GitHub repository)	open
HC00250	seed	cpd00239;cpd24697	MNXM1366460	ModelSEED	2.6.1	CC BY 4.0 (ModelSEED GitHub repository)	open
HC00319	inchiKey	OFOBLEOULBTSOW-UHFFFAOYSA-L	MNXM730881	ModelSEED	2.6.1	CC BY 4.0 (ModelSEED GitHub repository)	open
HC00319	seed	cpd00308;cpd12000;cpd12448	MNXM730881	ModelSEED	2.6.1	CC BY 4.0 (ModelSEED GitHub repository)	open
HC00342	inchiKey	GTZCVFVGUGFEME-IWQZZHSRSA-K	MNXM1092518	ModelSEED	2.6.1	CC BY 4.0 (ModelSEED GitHub repository)	open
HC00342	seed	cpd00331	MNXM1092518	ModelSEED	2.6.1	CC BY 4.0 (ModelSEED GitHub repository)	open
HC00361	inchiKey	OKHXOUGRECCASI-SHUUEZRQSA-J	MNXM507505	ModelSEED	2.6.1	CC BY 4.0 (ModelSEED GitHub repository)	open
HC00361	seed	cpd00349;cpd29645	MNXM507505	ModelSEED	2.6.1	CC BY 4.0 (ModelSEED GitHub repository)	open
HC00460	inchiKey	WXTMDXOMEHJXQO-UHFFFAOYSA-M	MNXM850	ModelSEED	2.6.1	CC BY 4.0 (ModelSEED GitHub repository)	open
HC00460	seed	cpd00479	MNXM850	ModelSEED	2.6.1	CC BY 4.0 (ModelSEED GitHub repository)	open
HC00576	chebi	chebi:143075;chebi:28050;chebi:85981	MNXM56612	ChEBI	244	All data non-proprietary or derived from a non-proprietary source; freely accessible and available to anyone	open
HC00576	inchiKey	CCLQKVKJOGVQLU-QMMMGPOBSA-N	MNXM56612	ModelSEED	2.6.1	CC BY 4.0 (ModelSEED GitHub repository)	open
HC00576	seed	cpd00657	MNXM56612	ModelSEED	2.6.1	CC BY 4.0 (ModelSEED GitHub repository)	open
HC00591	inchiKey	COJBGNAUUSNXHX-UHFFFAOYSA-M	MNXM1091725	ModelSEED	2.6.1	CC BY 4.0 (ModelSEED GitHub repository)	open
HC00591	seed	cpd00695	MNXM1091725	ModelSEED	2.6.1	CC BY 4.0 (ModelSEED GitHub repository)	open
HC00617	inchiKey	SFLSHLFXELFNJZ-QMMMGPOBSA-O	MNXM31869	ModelSEED	2.6.1	CC BY 4.0 (ModelSEED GitHub repository)	open
HC00617	seed	cpd00429	MNXM31869	ModelSEED	2.6.1	CC BY 4.0 (ModelSEED GitHub repository)	open
HC00664	inchiKey	BGWGXPAPYGQALX-OEXCPVAWSA-L	MNXM1107945	ModelSEED	2.6.1	CC BY 4.0 (ModelSEED GitHub repository)	open
HC00664	seed	cpd00805	MNXM1107945	ModelSEED	2.6.1	CC BY 4.0 (ModelSEED GitHub repository)	open
HC00682	inchiKey	ARGXEXVCHMNAQU-UHFFFAOYSA-N	MNXM730605	ModelSEED	2.6.1	CC BY 4.0 (ModelSEED GitHub repository)	open
HC00682	seed	cpd00836	MNXM730605	ModelSEED	2.6.1	CC BY 4.0 (ModelSEED GitHub repository)	open
HC00718	inchiKey	HZDCAHRLLXEQFY-UHFFFAOYSA-M	MNXM1491	ModelSEED	2.6.1	CC BY 4.0 (ModelSEED GitHub repository)	open
HC00718	seed	cpd00888	MNXM1491	ModelSEED	2.6.1	CC BY 4.0 (ModelSEED GitHub repository)	open
HC00822	chebi	chebi:28681	MNXM1106005	ChEBI	244	All data non-proprietary or derived from a non-proprietary source; freely accessible and available to anyone	open
HC00822	inchiKey	CDOJPCSDOXYJJF-CBTAGEKQSA-N	MNXM1106005	ModelSEED	2.6.1	CC BY 4.0 (ModelSEED GitHub repository)	open
HC00822	seed	cpd01157	MNXM1106005	ModelSEED	2.6.1	CC BY 4.0 (ModelSEED GitHub repository)	open
HC00900	inchiKey	ZIYVHBGGAOATLY-UHFFFAOYSA-L	MNXM1572	ModelSEED	2.6.1	CC BY 4.0 (ModelSEED GitHub repository)	open
HC00900	seed	cpd01468	MNXM1572	ModelSEED	2.6.1	CC BY 4.0 (ModelSEED GitHub repository)	open
HC00955	inchiKey	BXRLWGXPSRYJDZ-VKHMYHEASA-N	MNXM1105116	ModelSEED	2.6.1	CC BY 4.0 (ModelSEED GitHub repository)	open
HC00955	seed	cpd01651	MNXM1105116	ModelSEED	2.6.1	CC BY 4.0 (ModelSEED GitHub repository)	open
HC01104	inchiKey	XZKIHKMTEMTJQX-UHFFFAOYSA-L	MNXM3867	ModelSEED	2.6.1	CC BY 4.0 (ModelSEED GitHub repository)	open
HC01104	seed	cpd02135	MNXM3867	ModelSEED	2.6.1	CC BY 4.0 (ModelSEED GitHub repository)	open
HC01180	inchiKey	RNBGYGVWRKECFJ-OEXCPVAWSA-J	MNXM1103932	ModelSEED	2.6.1	CC BY 4.0 (ModelSEED GitHub repository)	open
HC01180	seed	cpd02371;cpd29681	MNXM1103932	ModelSEED	2.6.1	CC BY 4.0 (ModelSEED GitHub repository)	open
HC01223	inchiKey	WWEOGFZEFHPUAM-MIZDRFBCSA-J	MNXM1364135	ModelSEED	2.6.1	CC BY 4.0 (ModelSEED GitHub repository)	open
HC01223	seed	cpd02503	MNXM1364135	ModelSEED	2.6.1	CC BY 4.0 (ModelSEED GitHub repository)	open
HC01254	inchiKey	HKCYZTKHPLJZDR-IUYQGCFVSA-N	MNXM1902	ModelSEED	2.6.1	CC BY 4.0 (ModelSEED GitHub repository)	open
HC01254	seed	cpd02608	MNXM1902	ModelSEED	2.6.1	CC BY 4.0 (ModelSEED GitHub repository)	open
HC01376	inchiKey	UFNCWFSSEGPJNL-UHFFFAOYSA-N	MNXM9096	ModelSEED	2.6.1	CC BY 4.0 (ModelSEED GitHub repository)	open
HC01376	seed	cpd03045	MNXM9096	ModelSEED	2.6.1	CC BY 4.0 (ModelSEED GitHub repository)	open
HC01377	inchiKey	KMUSXGCRMMQDBP-UHFFFAOYSA-N	MNXM730792	ModelSEED	2.6.1	CC BY 4.0 (ModelSEED GitHub repository)	open
HC01377	seed	cpd03046	MNXM730792	ModelSEED	2.6.1	CC BY 4.0 (ModelSEED GitHub repository)	open
HC01397	inchiKey	DEHLMTDDPWDRDR-QQOJFMBSSA-J	MNXM1364270	ModelSEED	2.6.1	CC BY 4.0 (ModelSEED GitHub repository)	open
HC01397	seed	cpd03113	MNXM1364270	ModelSEED	2.6.1	CC BY 4.0 (ModelSEED GitHub repository)	open
HC01405	inchiKey	ATVGTMKWKDUCMS-KVLJZHGYSA-J	MNXM1104724	ModelSEED	2.6.1	CC BY 4.0 (ModelSEED GitHub repository)	open
HC01405	seed	cpd03120	MNXM1104724	ModelSEED	2.6.1	CC BY 4.0 (ModelSEED GitHub repository)	open
HC01406	inchiKey	WPIVBCGRGVNDDT-CECATXLMSA-J	MNXM1093448	ModelSEED	2.6.1	CC BY 4.0 (ModelSEED GitHub repository)	open
HC01406	seed	cpd03121	MNXM1093448	ModelSEED	2.6.1	CC BY 4.0 (ModelSEED GitHub repository)	open
HC01407	inchiKey	VAAHKRMGOFIORX-DWUFXMDISA-J	MNXM1104721	ModelSEED	2.6.1	CC BY 4.0 (ModelSEED GitHub repository)	open
HC01407	seed	cpd03122	MNXM1104721	ModelSEED	2.6.1	CC BY 4.0 (ModelSEED GitHub repository)	open
HC01408	inchiKey	NFOYYXQAVVYWKV-HDRQGHTBSA-J	MNXM1104699	ModelSEED	2.6.1	CC BY 4.0 (ModelSEED GitHub repository)	open
HC01408	seed	cpd03123	MNXM1104699	ModelSEED	2.6.1	CC BY 4.0 (ModelSEED GitHub repository)	open
HC01412	inchiKey	MBCVYCOKMMMWLX-YYMFEJJQSA-J	MNXM1104173	ModelSEED	2.6.1	CC BY 4.0 (ModelSEED GitHub repository)	open
HC01412	seed	cpd03127	MNXM1104173	ModelSEED	2.6.1	CC BY 4.0 (ModelSEED GitHub repository)	open
HC01415	inchiKey	CPSDNAXXKWVYIY-NTLMCJQISA-J	MNXM1106007	ModelSEED	2.6.1	CC BY 4.0 (ModelSEED GitHub repository)	open
HC01415	seed	cpd03130	MNXM1106007	ModelSEED	2.6.1	CC BY 4.0 (ModelSEED GitHub repository)	open
HC01434	inchiKey	UFSCUAXLTRFIDC-UHFFFAOYSA-K	MNXM1093495	ModelSEED	2.6.1	CC BY 4.0 (ModelSEED GitHub repository)	open
HC01434	seed	cpd03187	MNXM1093495	ModelSEED	2.6.1	CC BY 4.0 (ModelSEED GitHub repository)	open
HC01440	inchiKey	APIQNBNBIICCON-FKMSRSAHSA-N	MNXM1103441	ModelSEED	2.6.1	CC BY 4.0 (ModelSEED GitHub repository)	open
HC01440	seed	cpd03193	MNXM1103441	ModelSEED	2.6.1	CC BY 4.0 (ModelSEED GitHub repository)	open
HC01441	chebi	chebi:28339;chebi:79080	MNXM1106813	ChEBI	244	All data non-proprietary or derived from a non-proprietary source; freely accessible and available to anyone	open
HC01441	inchiKey	ITPHOIFCAFNCLL-QKKXKWKRSA-L	MNXM1106813	ModelSEED	2.6.1	CC BY 4.0 (ModelSEED GitHub repository)	open
HC01441	seed	cpd03194	MNXM1106813	ModelSEED	2.6.1	CC BY 4.0 (ModelSEED GitHub repository)	open
HC01444	inchiKey	NHJUPBDCSOGIKX-NTXXKDEISA-N	MNXM1105770	ModelSEED	2.6.1	CC BY 4.0 (ModelSEED GitHub repository)	open
HC01444	seed	cpd03197	MNXM1105770	ModelSEED	2.6.1	CC BY 4.0 (ModelSEED GitHub repository)	open
HC01446	chebi	chebi:27571	MNXM1104439	ChEBI	244	All data non-proprietary or derived from a non-proprietary source; freely accessible and available to anyone	open
HC01446	inchiKey	HKKHTABTHSUDBP-GIHCHDTPSA-N	MNXM1104439	ModelSEED	2.6.1	CC BY 4.0 (ModelSEED GitHub repository)	open
HC01446	seed	cpd03199	MNXM1104439	ModelSEED	2.6.1	CC BY 4.0 (ModelSEED GitHub repository)	open
HC01496	chebi	chebi:28095	MNXM6691	ChEBI	244	All data non-proprietary or derived from a non-proprietary source; freely accessible and available to anyone	open
HC01496	inchiKey	HXWZRYKURKEOSO-UHFFFAOYSA-M	MNXM6691	ModelSEED	2.6.1	CC BY 4.0 (ModelSEED GitHub repository)	open
HC01496	seed	cpd03283	MNXM6691	ModelSEED	2.6.1	CC BY 4.0 (ModelSEED GitHub repository)	open
HC01501	inchiKey	DHCDFWKWKRSZHF-UHFFFAOYSA-M	MNXM1094289	ModelSEED	2.6.1	CC BY 4.0 (ModelSEED GitHub repository)	open
HC01501	seed	cpd00268	MNXM1094289	ModelSEED	2.6.1	CC BY 4.0 (ModelSEED GitHub repository)	open
HC01522	chebi	chebi:28508	MNXM4270	ChEBI	244	All data non-proprietary or derived from a non-proprietary source; freely accessible and available to anyone	open
HC01522	inchiKey	CLFRCXCBWIQVRN-UHFFFAOYSA-N	MNXM4270	ModelSEED	2.6.1	CC BY 4.0 (ModelSEED GitHub repository)	open
HC01522	seed	cpd03315	MNXM4270	ModelSEED	2.6.1	CC BY 4.0 (ModelSEED GitHub repository)	open
HC01577	inchiKey	QUAADUAOVLZBJM-WDSKDSINSA-M	MNXM11629	ModelSEED	2.6.1	CC BY 4.0 (ModelSEED GitHub repository)	open
HC01577	seed	cpd03407	MNXM11629	ModelSEED	2.6.1	CC BY 4.0 (ModelSEED GitHub repository)	open
HC01609	inchiKey	QTTNOSKSLATGQB-UHFFFAOYSA-F	MNXM726770	ModelSEED	2.6.1	CC BY 4.0 (ModelSEED GitHub repository)	open
HC01609	seed	cpd03414	MNXM726770	ModelSEED	2.6.1	CC BY 4.0 (ModelSEED GitHub repository)	open
HC01668	chebi	chebi:62371;chebi:62415	MNXM1103578	ChEBI	244	All data non-proprietary or derived from a non-proprietary source; freely accessible and available to anyone	open
HC01668	inchiKey	ZGNGGJLVZZHLQM-ZRFIDHNTSA-M	MNXM1103578	ModelSEED	2.6.1	CC BY 4.0 (ModelSEED GitHub repository)	open
HC01668	seed	cpd03560	MNXM1103578	ModelSEED	2.6.1	CC BY 4.0 (ModelSEED GitHub repository)	open
HC01672	inchiKey	UBPVOHPZRZIJHM-WOUKDFQISA-M	MNXM1103443	ModelSEED	2.6.1	CC BY 4.0 (ModelSEED GitHub repository)	open
HC01672	seed	cpd03566	MNXM1103443	ModelSEED	2.6.1	CC BY 4.0 (ModelSEED GitHub repository)	open
HC01700	chebi	chebi:28092	MNXM1104882	ChEBI	244	All data non-proprietary or derived from a non-proprietary source; freely accessible and available to anyone	open
HC01700	inchiKey	VQPVVWAFTIFKDD-LURJTMIESA-N	MNXM1104882	ModelSEED	2.6.1	CC BY 4.0 (ModelSEED GitHub repository)	open
HC01700	seed	cpd03646	MNXM1104882	ModelSEED	2.6.1	CC BY 4.0 (ModelSEED GitHub repository)	open
HC01842	inchiKey	BLHVJAAEHMLMOI-UHFFFAOYSA-M	MNXM2261	ModelSEED	2.6.1	CC BY 4.0 (ModelSEED GitHub repository)	open
HC01842	seed	cpd09444	MNXM2261	ModelSEED	2.6.1	CC BY 4.0 (ModelSEED GitHub repository)	open
HC02020	inchiKey	BBJQPKLGPMQWBU-JADYGXMDSA-N	MNXM730833	ModelSEED	2.6.1	CC BY 4.0 (ModelSEED GitHub repository)	open
HC02020	seed	cpd08114	MNXM730833	ModelSEED	2.6.1	CC BY 4.0 (ModelSEED GitHub repository)	open
HC02021	chebi	chebi:84323	MNXM164676	ChEBI	244	All data non-proprietary or derived from a non-proprietary source; freely accessible and available to anyone	open
HC02022	chebi	chebi:82750	MNXM736463	ChEBI	244	All data non-proprietary or derived from a non-proprietary source; freely accessible and available to anyone	open
HC02024	inchiKey	NAACPBBQTFFYQB-LJAITQKLSA-N	MNXM730826	ModelSEED	2.6.1	CC BY 4.0 (ModelSEED GitHub repository)	open
HC02024	seed	cpd11132	MNXM730826	ModelSEED	2.6.1	CC BY 4.0 (ModelSEED GitHub repository)	open
HC02025	chebi	chebi:84341	MNXM164674	ChEBI	244	All data non-proprietary or derived from a non-proprietary source; freely accessible and available to anyone	open
HC02025	seed	cpd29069	MNXM164674	ModelSEED	2.6.1	CC BY 4.0 (ModelSEED GitHub repository)	open
HC02027	chebi	chebi:82751	MNXM1104132	ChEBI	244	All data non-proprietary or derived from a non-proprietary source; freely accessible and available to anyone	open
HC02110	chebi	chebi:181919;chebi:1949	MNXM1104216	ChEBI	244	All data non-proprietary or derived from a non-proprietary source; freely accessible and available to anyone	open
HC02110	inchiKey	FOUJWBXBKVVHCJ-YIJYGBTNSA-N	MNXM1104216	ModelSEED	2.6.1	CC BY 4.0 (ModelSEED GitHub repository)	open
HC02110	seed	cpd03035	MNXM1104216	ModelSEED	2.6.1	CC BY 4.0 (ModelSEED GitHub repository)	open
HC02121	inchiKey	PIUSLWSYOYFRFR-BQBZGAKWSA-M	MNXM726277	ModelSEED	2.6.1	CC BY 4.0 (ModelSEED GitHub repository)	open
HC02121	seed	cpd09879	MNXM726277	ModelSEED	2.6.1	CC BY 4.0 (ModelSEED GitHub repository)	open
HC02180	inchiKey	XNRNNGPBEPRNAR-VTCRGFIFSA-M	MNXM1104004	ModelSEED	2.6.1	CC BY 4.0 (ModelSEED GitHub repository)	open
HC02180	seed	cpd03552	MNXM1104004	ModelSEED	2.6.1	CC BY 4.0 (ModelSEED GitHub repository)	open
HC02187	inchiKey	HZCBWYNLGPIQRK-LBPRGKRZSA-N	MNXM1102093	ModelSEED	2.6.1	CC BY 4.0 (ModelSEED GitHub repository)	open
HC02187	seed	cpd19082	MNXM1102093	ModelSEED	2.6.1	CC BY 4.0 (ModelSEED GitHub repository)	open
HC02191	inchiKey	SMEROWZSTRWXGI-HVATVPOCSA-M	MNXM741060	ModelSEED	2.6.1	CC BY 4.0 (ModelSEED GitHub repository)	open
HC02191	seed	cpd02475	MNXM741060	ModelSEED	2.6.1	CC BY 4.0 (ModelSEED GitHub repository)	open
HC02192	inchiKey	QBYUNVOYXHFVKC-GBURMNQMSA-M	MNXM731413	ModelSEED	2.6.1	CC BY 4.0 (ModelSEED GitHub repository)	open
HC02192	seed	cpd01694	MNXM731413	ModelSEED	2.6.1	CC BY 4.0 (ModelSEED GitHub repository)	open
HC02193	inchiKey	XBSQTYHEGZTYJE-OETIFKLTSA-M	MNXM736494	ModelSEED	2.6.1	CC BY 4.0 (ModelSEED GitHub repository)	open
HC02193	seed	cpd11226	MNXM736494	ModelSEED	2.6.1	CC BY 4.0 (ModelSEED GitHub repository)	open
HC02194	inchiKey	RUDATBOHQWOJDD-UZVSRGJWSA-M	MNXM728837	ModelSEED	2.6.1	CC BY 4.0 (ModelSEED GitHub repository)	open
HC02194	seed	cpd04945	MNXM728837	ModelSEED	2.6.1	CC BY 4.0 (ModelSEED GitHub repository)	open
HC02195	chebi	chebi:132028;chebi:80774	MNXM730341	ChEBI	244	All data non-proprietary or derived from a non-proprietary source; freely accessible and available to anyone	open
HC02195	inchiKey	BHTRKEVKTKCXOH-LBSADWJPSA-M	MNXM730341	ModelSEED	2.6.1	CC BY 4.0 (ModelSEED GitHub repository)	open
HC02195	seed	cpd17168	MNXM730341	ModelSEED	2.6.1	CC BY 4.0 (ModelSEED GitHub repository)	open
HC02197	chebi	chebi:60007;chebi:9347	MNXM1371797	ChEBI	244	All data non-proprietary or derived from a non-proprietary source; freely accessible and available to anyone	open
HC02197	inchiKey	FHXBAFXQVZOILS-OETIFKLTSA-L	MNXM1371797	ModelSEED	2.6.1	CC BY 4.0 (ModelSEED GitHub repository)	open
HC02197	seed	cpd08159	MNXM1371797	ModelSEED	2.6.1	CC BY 4.0 (ModelSEED GitHub repository)	open
HC02198	inchiKey	HSNPMXROZIQAQD-GBURMNQMSA-L	MNXM1950	ModelSEED	2.6.1	CC BY 4.0 (ModelSEED GitHub repository)	open
HC02198	seed	cpd02286	MNXM1950	ModelSEED	2.6.1	CC BY 4.0 (ModelSEED GitHub repository)	open
HC02200	chebi	chebi:133977;chebi:8927	MNXM1101886	ChEBI	244	All data non-proprietary or derived from a non-proprietary source; freely accessible and available to anyone	open
HC02200	inchiKey	FXEUKVKGTKDDIQ-UWVGGRQHSA-M	MNXM1101886	ModelSEED	2.6.1	CC BY 4.0 (ModelSEED GitHub repository)	open
HC02200	seed	cpd08051	MNXM1101886	ModelSEED	2.6.1	CC BY 4.0 (ModelSEED GitHub repository)	open
HC02202	inchiKey	BGKHCLZFGPIKKU-WYMLVPIESA-M	MNXM1108266	ModelSEED	2.6.1	CC BY 4.0 (ModelSEED GitHub repository)	open
HC02202	seed	cpd02853	MNXM1108266	ModelSEED	2.6.1	CC BY 4.0 (ModelSEED GitHub repository)	open
HC02204	inchiKey	YBHMPNRDOVPQIN-VSOYFRJCSA-M	MNXM78287	ModelSEED	2.6.1	CC BY 4.0 (ModelSEED GitHub repository)	open
HC02204	seed	cpd00707	MNXM78287	ModelSEED	2.6.1	CC BY 4.0 (ModelSEED GitHub repository)	open
HC02205	inchiKey	PRFXRIUZNKLRHM-HKVRTXJWSA-M	MNXM727777	ModelSEED	2.6.1	CC BY 4.0 (ModelSEED GitHub repository)	open
HC02205	seed	cpd03543	MNXM727777	ModelSEED	2.6.1	CC BY 4.0 (ModelSEED GitHub repository)	open
HC02206	inchiKey	PUIBPGHAXSCVRF-WYMLVPIESA-M	MNXM1108268	ModelSEED	2.6.1	CC BY 4.0 (ModelSEED GitHub repository)	open
HC02206	seed	cpd02854	MNXM1108268	ModelSEED	2.6.1	CC BY 4.0 (ModelSEED GitHub repository)	open
HC02208	inchiKey	CIMMACURCPXICP-PNQRDDRVSA-M	MNXM740252	ModelSEED	2.6.1	CC BY 4.0 (ModelSEED GitHub repository)	open
HC02208	seed	cpd03858	MNXM740252	ModelSEED	2.6.1	CC BY 4.0 (ModelSEED GitHub repository)	open
HC02214	inchiKey	DZUXGQBLFALXCR-CDIPTNKSSA-M	MNXM1104805	ModelSEED	2.6.1	CC BY 4.0 (ModelSEED GitHub repository)	open
HC02214	seed	cpd03891	MNXM1104805	ModelSEED	2.6.1	CC BY 4.0 (ModelSEED GitHub repository)	open
HC02228	chebi	chebi:17585	MNXM1371120	ChEBI	244	All data non-proprietary or derived from a non-proprietary source; freely accessible and available to anyone	open
HC02228	inchiKey	KLJFYXOVGVXZKT-CCEZHUSRSA-N	MNXM1371120	ModelSEED	2.6.1	CC BY 4.0 (ModelSEED GitHub repository)	open
HC02228	seed	cpd01800	MNXM1371120	ModelSEED	2.6.1	CC BY 4.0 (ModelSEED GitHub repository)	open
HC10856	chebi	chebi:77553;chebi:78187	MNXM1101947	ChEBI	244	All data non-proprietary or derived from a non-proprietary source; freely accessible and available to anyone	open
HC10856	inchiKey	REOYMONHGHULEY-PPSVNWDXSA-J	MNXM1101947	ModelSEED	2.6.1	CC BY 4.0 (ModelSEED GitHub repository)	open
HC10856	seed	cpd31963	MNXM1101947	ModelSEED	2.6.1	CC BY 4.0 (ModelSEED GitHub repository)	open
HC10857	chebi	chebi:87687;chebi:87781	MNXM1101975	ChEBI	244	All data non-proprietary or derived from a non-proprietary source; freely accessible and available to anyone	open
HC10857	inchiKey	LHAYYTCFPMUQNR-DFXYPYGHSA-J	MNXM1101975	ModelSEED	2.6.1	CC BY 4.0 (ModelSEED GitHub repository)	open
HC10857	seed	cpd34075	MNXM1101975	ModelSEED	2.6.1	CC BY 4.0 (ModelSEED GitHub repository)	open
HC10858	chebi	chebi:87695;chebi:88007	MNXM1101997	ChEBI	244	All data non-proprietary or derived from a non-proprietary source; freely accessible and available to anyone	open
HC10858	inchiKey	AVEYYKDEKGJVBU-BPMMELMSSA-J	MNXM1101997	ModelSEED	2.6.1	CC BY 4.0 (ModelSEED GitHub repository)	open
HC10858	seed	cpd32253	MNXM1101997	ModelSEED	2.6.1	CC BY 4.0 (ModelSEED GitHub repository)	open
HC10859	chebi	chebi:86047	MNXM1363765	ChEBI	244	All data non-proprietary or derived from a non-proprietary source; freely accessible and available to anyone	open
L2aadp	inchiKey	OYIFNHCXNCRBQI-BYPYZUCNSA-M	MNXM1368894	ModelSEED	2.6.1	CC BY 4.0 (ModelSEED GitHub repository)	open
L2aadp	seed	cpd00705	MNXM1368894	ModelSEED	2.6.1	CC BY 4.0 (ModelSEED GitHub repository)	open
L2aadp6sa	inchiKey	GFXYTQPNNXGICT-YFKPBYRVSA-N	MNXM1364547	ModelSEED	2.6.1	CC BY 4.0 (ModelSEED GitHub repository)	open
L2aadp6sa	seed	cpd01046;cpd02522	MNXM1364547	ModelSEED	2.6.1	CC BY 4.0 (ModelSEED GitHub repository)	open
L_dpchrm	inchiKey	VJNCICVKUHKIIV-LURJTMIESA-M	MNXM726109	ModelSEED	2.6.1	CC BY 4.0 (ModelSEED GitHub repository)	open
L_dpchrm	seed	cpd01169	MNXM726109	ModelSEED	2.6.1	CC BY 4.0 (ModelSEED GitHub repository)	open
Lcyst	inchiKey	XVOYSCVBGLVSOL-REOHCLBHSA-M	MNXM713	ModelSEED	2.6.1	CC BY 4.0 (ModelSEED GitHub repository)	open
Lcystin	inchiKey	LEVWYRKDKASIDU-IMJSIDKUSA-N	MNXM927	ModelSEED	2.6.1	CC BY 4.0 (ModelSEED GitHub repository)	open
Lcystin	seed	cpd00381;cpd01018	MNXM927	ModelSEED	2.6.1	CC BY 4.0 (ModelSEED GitHub repository)	open
Lfmkynr	inchiKey	BYHJHXPTQMMKCA-QMMMGPOBSA-N	MNXM727853	ModelSEED	2.6.1	CC BY 4.0 (ModelSEED GitHub repository)	open
Lfmkynr	seed	cpd01749;cpd27595	MNXM727853	ModelSEED	2.6.1	CC BY 4.0 (ModelSEED GitHub repository)	open
Lhcystin	chebi	chebi:140613;chebi:141698;chebi:17485;chebi:58163;chebi:89698	MNXM734834	ChEBI	244	All data non-proprietary or derived from a non-proprietary source; freely accessible and available to anyone	open
Lhcystin	inchiKey	ZTVZLYBCZNMWCF-WDSKDSINSA-N	MNXM734834	ModelSEED	2.6.1	CC BY 4.0 (ModelSEED GitHub repository)	open
Lhcystin	seed	cpd01251;cpd31349	MNXM734834	ModelSEED	2.6.1	CC BY 4.0 (ModelSEED GitHub repository)	open
Lkynr	inchiKey	YGPSJZOEDVAXAB-QMMMGPOBSA-N	MNXM733142	ModelSEED	2.6.1	CC BY 4.0 (ModelSEED GitHub repository)	open
Lkynr	seed	cpd00275;cpd01183;cpd30794	MNXM733142	ModelSEED	2.6.1	CC BY 4.0 (ModelSEED GitHub repository)	open
Lpipecol	inchiKey	HXEACLLIILLPRG-YFKPBYRVSA-N	MNXM684	ModelSEED	2.6.1	CC BY 4.0 (ModelSEED GitHub repository)	open
Lpipecol	seed	cpd00323	MNXM684	ModelSEED	2.6.1	CC BY 4.0 (ModelSEED GitHub repository)	open
M00003	chebi	chebi:75094;chebi:78990	MNXM727337	ChEBI	244	All data non-proprietary or derived from a non-proprietary source; freely accessible and available to anyone	open
M00003	inchiKey	GDTXICBNEOEPAZ-FPLPWBNLSA-M	MNXM727337	ModelSEED	2.6.1	CC BY 4.0 (ModelSEED GitHub repository)	open
M00003	seed	cpd34403	MNXM727337	ModelSEED	2.6.1	CC BY 4.0 (ModelSEED GitHub repository)	open
M00004	chebi	chebi:180814	MNXM1104006	ChEBI	244	All data non-proprietary or derived from a non-proprietary source; freely accessible and available to anyone	open
M00004	inchiKey	KFMWWNZRDBMYES-YGUIASHKSA-J	MNXM1104006	ModelSEED	2.6.1	CC BY 4.0 (ModelSEED GitHub repository)	open
M00004	seed	cpd32271	MNXM1104006	ModelSEED	2.6.1	CC BY 4.0 (ModelSEED GitHub repository)	open
M00006	chebi	chebi:232625	MNXM744510	ChEBI	244	All data non-proprietary or derived from a non-proprietary source; freely accessible and available to anyone	open
M00008	chebi	chebi:194379	MNXM1364272	ChEBI	244	All data non-proprietary or derived from a non-proprietary source; freely accessible and available to anyone	open
M00010	inchiKey	AHANXAKGNAKFSK-PDBXOOCHSA-M	MNXM1108488	ModelSEED	2.6.1	CC BY 4.0 (ModelSEED GitHub repository)	open
M00010	seed	cpd16337	MNXM1108488	ModelSEED	2.6.1	CC BY 4.0 (ModelSEED GitHub repository)	open
M00012	chebi	chebi:74328;chebi:74606	MNXM1363913	ChEBI	244	All data non-proprietary or derived from a non-proprietary source; freely accessible and available to anyone	open
M00012	inchiKey	BVBYYRVLCDMZNJ-UBQHHBPXSA-J	MNXM1363913	ModelSEED	2.6.1	CC BY 4.0 (ModelSEED GitHub repository)	open
M00012	seed	cpd14899;cpd23510	MNXM1363913	ModelSEED	2.6.1	CC BY 4.0 (ModelSEED GitHub repository)	open
M00017	chebi	chebi:134479	MNXM24465	ChEBI	244	All data non-proprietary or derived from a non-proprietary source; freely accessible and available to anyone	open
M00018	chebi	chebi:76563;chebi:76910	MNXM146661	ChEBI	244	All data non-proprietary or derived from a non-proprietary source; freely accessible and available to anyone	open
M00019	chebi	chebi:82617;chebi:82618	MNXM733574	ChEBI	244	All data non-proprietary or derived from a non-proprietary source; freely accessible and available to anyone	open
M00020	chebi	chebi:232446	MNXM744513	ChEBI	244	All data non-proprietary or derived from a non-proprietary source; freely accessible and available to anyone	open
M00021	chebi	chebi:75117;chebi:77806	MNXM1364555	ChEBI	244	All data non-proprietary or derived from a non-proprietary source; freely accessible and available to anyone	open
M00021	inchiKey	HVGRZDASOHMCSK-HZJYTTRNSA-M	MNXM1364555	ModelSEED	2.6.1	CC BY 4.0 (ModelSEED GitHub repository)	open
M00021	seed	cpd16347	MNXM1364555	ModelSEED	2.6.1	CC BY 4.0 (ModelSEED GitHub repository)	open
M00023	chebi	chebi:234412	MNXM1104537	ChEBI	244	All data non-proprietary or derived from a non-proprietary source; freely accessible and available to anyone	open
M00023	inchiKey	ZLXWEKYVHIYDIY-HCUKIJCOSA-J	MNXM1104537	ModelSEED	2.6.1	CC BY 4.0 (ModelSEED GitHub repository)	open
M00023	seed	cpd16448	MNXM1104537	ModelSEED	2.6.1	CC BY 4.0 (ModelSEED GitHub repository)	open
M00044	chebi	chebi:234528	MNXM744514	ChEBI	244	All data non-proprietary or derived from a non-proprietary source; freely accessible and available to anyone	open
M00046	chebi	chebi:77551;chebi:78179	MNXM1101951	ChEBI	244	All data non-proprietary or derived from a non-proprietary source; freely accessible and available to anyone	open
M00048	chebi	chebi:166980	MNXM744515	ChEBI	244	All data non-proprietary or derived from a non-proprietary source; freely accessible and available to anyone	open
M00049	chebi	chebi:52975;chebi:74281	MNXM1103853	ChEBI	244	All data non-proprietary or derived from a non-proprietary source; freely accessible and available to anyone	open
M00049	inchiKey	GGUUXBBWTGIIGE-KESUDTCVSA-J	MNXM1103853	ModelSEED	2.6.1	CC BY 4.0 (ModelSEED GitHub repository)	open
M00049	seed	cpd24273	MNXM1103853	ModelSEED	2.6.1	CC BY 4.0 (ModelSEED GitHub repository)	open
M00056	chebi	chebi:76292;chebi:76314	MNXM1101923	ChEBI	244	All data non-proprietary or derived from a non-proprietary source; freely accessible and available to anyone	open
M00056	inchiKey	HBLOTZDYPZAZLE-OWQWVSLFSA-J	MNXM1101923	ModelSEED	2.6.1	CC BY 4.0 (ModelSEED GitHub repository)	open
M00056	seed	cpd34572	MNXM1101923	ModelSEED	2.6.1	CC BY 4.0 (ModelSEED GitHub repository)	open
M00061	chebi	chebi:77545;chebi:77630	MNXM1103993	ChEBI	244	All data non-proprietary or derived from a non-proprietary source; freely accessible and available to anyone	open
M00063	chebi	chebi:86160;chebi:86441	MNXM1104255	ChEBI	244	All data non-proprietary or derived from a non-proprietary source; freely accessible and available to anyone	open
M00063	inchiKey	GJSFKOVNQYGUGN-JQVZGLFNSA-J	MNXM1104255	ModelSEED	2.6.1	CC BY 4.0 (ModelSEED GitHub repository)	open
M00063	seed	cpd01613	MNXM1104255	ModelSEED	2.6.1	CC BY 4.0 (ModelSEED GitHub repository)	open
M00067	chebi	chebi:90119;chebi:90277	MNXM1104109	ChEBI	244	All data non-proprietary or derived from a non-proprietary source; freely accessible and available to anyone	open
M00071	chebi	chebi:77548;chebi:78177	MNXM1101943	ChEBI	244	All data non-proprietary or derived from a non-proprietary source; freely accessible and available to anyone	open
M00071	inchiKey	CAVMKINPGRCURL-PHHHIDLGSA-J	MNXM1101943	ModelSEED	2.6.1	CC BY 4.0 (ModelSEED GitHub repository)	open
M00071	seed	cpd34021	MNXM1101943	ModelSEED	2.6.1	CC BY 4.0 (ModelSEED GitHub repository)	open
M00101	chebi	chebi:234423	MNXM1371778	ChEBI	244	All data non-proprietary or derived from a non-proprietary source; freely accessible and available to anyone	open
M00115	chebi	chebi:170099	MNXM24151	ChEBI	244	All data non-proprietary or derived from a non-proprietary source; freely accessible and available to anyone	open
M00123	chebi	chebi:78670;chebi:82742	MNXM1371775	ChEBI	244	All data non-proprietary or derived from a non-proprietary source; freely accessible and available to anyone	open
M00127	chebi	chebi:77537;chebi:78146	MNXM1364156	ChEBI	244	All data non-proprietary or derived from a non-proprietary source; freely accessible and available to anyone	open
M00127	inchiKey	XDUHQPOXLUAVEE-MBEFLBOUSA-J	MNXM1364156	ModelSEED	2.6.1	CC BY 4.0 (ModelSEED GitHub repository)	open
M00127	seed	cpd22623	MNXM1364156	ModelSEED	2.6.1	CC BY 4.0 (ModelSEED GitHub repository)	open
M00129	chebi	chebi:234365	MNXM1103804	ChEBI	244	All data non-proprietary or derived from a non-proprietary source; freely accessible and available to anyone	open
M00170	chebi	chebi:232532	MNXM1104140	ChEBI	244	All data non-proprietary or derived from a non-proprietary source; freely accessible and available to anyone	open
M00170	inchiKey	SCDXBWNPJAGEEK-KBOAXVDLSA-J	MNXM1104140	ModelSEED	2.6.1	CC BY 4.0 (ModelSEED GitHub repository)	open
M00170	seed	cpd34788	MNXM1104140	ModelSEED	2.6.1	CC BY 4.0 (ModelSEED GitHub repository)	open
M00172	chebi	chebi:87718;chebi:88087	MNXM729190	ChEBI	244	All data non-proprietary or derived from a non-proprietary source; freely accessible and available to anyone	open
M00172	inchiKey	KZLHPKRIEDLQGG-SQUPIXLDSA-J	MNXM729190	ModelSEED	2.6.1	CC BY 4.0 (ModelSEED GitHub repository)	open
M00172	seed	cpd32607	MNXM729190	ModelSEED	2.6.1	CC BY 4.0 (ModelSEED GitHub repository)	open
M00260	chebi	chebi:197291;chebi:229686	MNXM744522	ChEBI	244	All data non-proprietary or derived from a non-proprietary source; freely accessible and available to anyone	open
M00341	inchiKey	WBBQTNCISCKUMU-IUQGRGSQSA-M	MNXM729337	ModelSEED	2.6.1	CC BY 4.0 (ModelSEED GitHub repository)	open
M00341	seed	cpd16348	MNXM729337	ModelSEED	2.6.1	CC BY 4.0 (ModelSEED GitHub repository)	open
M00406	inchiKey	JNHJGXQUDOYJAK-IYRCEVNGSA-N	MNXM3796	ModelSEED	2.6.1	CC BY 4.0 (ModelSEED GitHub repository)	open
M00406	seed	cpd03267	MNXM3796	ModelSEED	2.6.1	CC BY 4.0 (ModelSEED GitHub repository)	open
M00429	chebi	chebi:16485	MNXM1519	ChEBI	244	All data non-proprietary or derived from a non-proprietary source; freely accessible and available to anyone	open
M00429	inchiKey	HFSXHZZDNDGLQN-ZVIOFETBSA-N	MNXM1519	ModelSEED	2.6.1	CC BY 4.0 (ModelSEED GitHub repository)	open
M00429	seed	cpd00827	MNXM1519	ModelSEED	2.6.1	CC BY 4.0 (ModelSEED GitHub repository)	open
M00579	inchiKey	ISBSSBGEYIBVTO-TYKWNDPBSA-N	MNXM1200	ModelSEED	2.6.1	CC BY 4.0 (ModelSEED GitHub repository)	open
M00579	seed	cpd03275	MNXM1200	ModelSEED	2.6.1	CC BY 4.0 (ModelSEED GitHub repository)	open
M00605	inchiKey	MOIQRAOBRXUWGN-JIUSCHCVSA-N	MNXM735991	ModelSEED	2.6.1	CC BY 4.0 (ModelSEED GitHub repository)	open
M00605	seed	cpd03266	MNXM735991	ModelSEED	2.6.1	CC BY 4.0 (ModelSEED GitHub repository)	open
M00606	inchiKey	RZPAXNJLEKLXNO-GFKLAVDKSA-N	MNXM90173	ModelSEED	2.6.1	CC BY 4.0 (ModelSEED GitHub repository)	open
M00606	seed	cpd03276;cpd30777	MNXM90173	ModelSEED	2.6.1	CC BY 4.0 (ModelSEED GitHub repository)	open
M00625	chebi	chebi:17703	MNXM1363871	ChEBI	244	All data non-proprietary or derived from a non-proprietary source; freely accessible and available to anyone	open
M00625	inchiKey	FYHRJWMENCALJY-YSQMORBQSA-N	MNXM1363871	ModelSEED	2.6.1	CC BY 4.0 (ModelSEED GitHub repository)	open
M00625	seed	cpd03781	MNXM1363871	ModelSEED	2.6.1	CC BY 4.0 (ModelSEED GitHub repository)	open
M00658	chebi	chebi:64180	MNXM9809	ChEBI	244	All data non-proprietary or derived from a non-proprietary source; freely accessible and available to anyone	open
M00658	inchiKey	LIOKNOIJMJKVCG-RDSVHMIISA-N	MNXM9809	ModelSEED	2.6.1	CC BY 4.0 (ModelSEED GitHub repository)	open
M00658	seed	cpd25884	MNXM9809	ModelSEED	2.6.1	CC BY 4.0 (ModelSEED GitHub repository)	open
M00673	inchiKey	LSBDFXRDZJMBSC-UHFFFAOYSA-N	MNXM2073	ModelSEED	2.6.1	CC BY 4.0 (ModelSEED GitHub repository)	open
M00673	seed	cpd01647	MNXM2073	ModelSEED	2.6.1	CC BY 4.0 (ModelSEED GitHub repository)	open
M00742	chebi	chebi:48736	MNXM36915	ChEBI	244	All data non-proprietary or derived from a non-proprietary source; freely accessible and available to anyone	open
M00770	chebi	chebi:64182	MNXM36398	ChEBI	244	All data non-proprietary or derived from a non-proprietary source; freely accessible and available to anyone	open
M00770	inchiKey	VLMQNHNMQVLPQI-AVRCVIBKSA-N	MNXM36398	ModelSEED	2.6.1	CC BY 4.0 (ModelSEED GitHub repository)	open
M00770	seed	cpd25888	MNXM36398	ModelSEED	2.6.1	CC BY 4.0 (ModelSEED GitHub repository)	open
M00783	chebi	chebi:64959;chebi:64972;chebi:76378;chebi:76465	MNXM1105926	ChEBI	244	All data non-proprietary or derived from a non-proprietary source; freely accessible and available to anyone	open
M00783	inchiKey	GBMJOTOUUWGTIA-CSLACTSSSA-J	MNXM1105926	ModelSEED	2.6.1	CC BY 4.0 (ModelSEED GitHub repository)	open
M00783	seed	cpd24269	MNXM1105926	ModelSEED	2.6.1	CC BY 4.0 (ModelSEED GitHub repository)	open
M00792	inchiKey	PDYUUZANEPCZPL-JOQFVOQGSA-J	MNXM1101953	ModelSEED	2.6.1	CC BY 4.0 (ModelSEED GitHub repository)	open
M00792	seed	cpd34330	MNXM1101953	ModelSEED	2.6.1	CC BY 4.0 (ModelSEED GitHub repository)	open
M00797	chebi	chebi:138607;chebi:139268	MNXM745541	ChEBI	244	All data non-proprietary or derived from a non-proprietary source; freely accessible and available to anyone	open
M00839	chebi	chebi:232890	MNXM744546	ChEBI	244	All data non-proprietary or derived from a non-proprietary source; freely accessible and available to anyone	open
M00841	chebi	chebi:76555;chebi:76896	MNXM1103981	ChEBI	244	All data non-proprietary or derived from a non-proprietary source; freely accessible and available to anyone	open
M00841	inchiKey	OUROWZUTGFHRJE-SAIINBSPSA-J	MNXM1103981	ModelSEED	2.6.1	CC BY 4.0 (ModelSEED GitHub repository)	open
M00841	seed	cpd35464	MNXM1103981	ModelSEED	2.6.1	CC BY 4.0 (ModelSEED GitHub repository)	open
M00843	chebi	chebi:76559;chebi:76905	MNXM1101933	ChEBI	244	All data non-proprietary or derived from a non-proprietary source; freely accessible and available to anyone	open
M00849	chebi	chebi:87719;chebi:88090	MNXM1101995	ChEBI	244	All data non-proprietary or derived from a non-proprietary source; freely accessible and available to anyone	open
M00849	inchiKey	BUCIFQOXNYHEOO-YDGGZUKGSA-J	MNXM1101995	ModelSEED	2.6.1	CC BY 4.0 (ModelSEED GitHub repository)	open
M00849	seed	cpd32368	MNXM1101995	ModelSEED	2.6.1	CC BY 4.0 (ModelSEED GitHub repository)	open
M00862	chebi	chebi:74329;chebi:74608	MNXM1103998	ChEBI	244	All data non-proprietary or derived from a non-proprietary source; freely accessible and available to anyone	open
M00879	chebi	chebi:52977;chebi:73980	MNXM1106079	ChEBI	244	All data non-proprietary or derived from a non-proprietary source; freely accessible and available to anyone	open
M00879	inchiKey	VOMUIFOBQMYJPJ-CPIGOPAHSA-J	MNXM1106079	ModelSEED	2.6.1	CC BY 4.0 (ModelSEED GitHub repository)	open
M00879	seed	cpd24265	MNXM1106079	ModelSEED	2.6.1	CC BY 4.0 (ModelSEED GitHub repository)	open
M00937	chebi	chebi:166681	MNXM6859	ChEBI	244	All data non-proprietary or derived from a non-proprietary source; freely accessible and available to anyone	open
M00937	inchiKey	PGGIMLIQOHYFIS-PUXRVUTHSA-N	MNXM6859	ModelSEED	2.6.1	CC BY 4.0 (ModelSEED GitHub repository)	open
M00937	seed	cpd24501	MNXM6859	ModelSEED	2.6.1	CC BY 4.0 (ModelSEED GitHub repository)	open
M00938	chebi	chebi:87060	MNXM739722	ChEBI	244	All data non-proprietary or derived from a non-proprietary source; freely accessible and available to anyone	open
M00938	inchiKey	MKMLAQLNFVFNRK-PUXRVUTHSA-N	MNXM739722	ModelSEED	2.6.1	CC BY 4.0 (ModelSEED GitHub repository)	open
M00938	seed	cpd25357	MNXM739722	ModelSEED	2.6.1	CC BY 4.0 (ModelSEED GitHub repository)	open
M00939	chebi	chebi:166806	MNXM6860	ChEBI	244	All data non-proprietary or derived from a non-proprietary source; freely accessible and available to anyone	open
M00939	inchiKey	DWVYYKFZEDMMPU-PUXRVUTHSA-N	MNXM6860	ModelSEED	2.6.1	CC BY 4.0 (ModelSEED GitHub repository)	open
M00939	seed	cpd24498	MNXM6860	ModelSEED	2.6.1	CC BY 4.0 (ModelSEED GitHub repository)	open
M00940	chebi	chebi:87057	MNXM739724	ChEBI	244	All data non-proprietary or derived from a non-proprietary source; freely accessible and available to anyone	open
M00940	inchiKey	SJPDNXKPBQHPMZ-PUXRVUTHSA-N	MNXM739724	ModelSEED	2.6.1	CC BY 4.0 (ModelSEED GitHub repository)	open
M00940	seed	cpd25356	MNXM739724	ModelSEED	2.6.1	CC BY 4.0 (ModelSEED GitHub repository)	open
M00979	chebi	chebi:48825;chebi:87476	MNXM1103706	ChEBI	244	All data non-proprietary or derived from a non-proprietary source; freely accessible and available to anyone	open
M00979	inchiKey	KVJVJJWIEXCECB-GWUAJDSISA-N	MNXM1103706	ModelSEED	2.6.1	CC BY 4.0 (ModelSEED GitHub repository)	open
M00979	seed	cpd17478	MNXM1103706	ModelSEED	2.6.1	CC BY 4.0 (ModelSEED GitHub repository)	open
M01067	inchiKey	AUNLIRXIJAVBNM-ZSBATXSLSA-N	MNXM733491	ModelSEED	2.6.1	CC BY 4.0 (ModelSEED GitHub repository)	open
M01067	seed	cpd24507	MNXM733491	ModelSEED	2.6.1	CC BY 4.0 (ModelSEED GitHub repository)	open
M01068	chebi	chebi:87056	MNXM740536	ChEBI	244	All data non-proprietary or derived from a non-proprietary source; freely accessible and available to anyone	open
M01068	inchiKey	RZSXSHNNQBIPTL-ZSBATXSLSA-N	MNXM740536	ModelSEED	2.6.1	CC BY 4.0 (ModelSEED GitHub repository)	open
M01068	seed	cpd25366	MNXM740536	ModelSEED	2.6.1	CC BY 4.0 (ModelSEED GitHub repository)	open
M01075	chebi	chebi:83865	MNXM736128	ChEBI	244	All data non-proprietary or derived from a non-proprietary source; freely accessible and available to anyone	open
M01075	inchiKey	SQGZFRITSMYKRH-QAGGRKNESA-N	MNXM736128	ModelSEED	2.6.1	CC BY 4.0 (ModelSEED GitHub repository)	open
M01075	seed	cpd21485	MNXM736128	ModelSEED	2.6.1	CC BY 4.0 (ModelSEED GitHub repository)	open
M01082	chebi	chebi:48834	MNXM1103395	ChEBI	244	All data non-proprietary or derived from a non-proprietary source; freely accessible and available to anyone	open
M01141	chebi	chebi:70712;chebi:84650	MNXM1101197	ChEBI	244	All data non-proprietary or derived from a non-proprietary source; freely accessible and available to anyone	open
M01141	inchiKey	MRVDZOHJMLTLHJ-STFCKWFXSA-J	MNXM1101197	ModelSEED	2.6.1	CC BY 4.0 (ModelSEED GitHub repository)	open
M01141	seed	cpd35448	MNXM1101197	ModelSEED	2.6.1	CC BY 4.0 (ModelSEED GitHub repository)	open
M01165	chebi	chebi:64181	MNXM9808	ChEBI	244	All data non-proprietary or derived from a non-proprietary source; freely accessible and available to anyone	open
M01165	inchiKey	XCOXSBLQZPFVGK-RGIWONJESA-N	MNXM9808	ModelSEED	2.6.1	CC BY 4.0 (ModelSEED GitHub repository)	open
M01165	seed	cpd25886	MNXM9808	ModelSEED	2.6.1	CC BY 4.0 (ModelSEED GitHub repository)	open
M01191	chebi	chebi:87698;chebi:88008	MNXM1101255	ChEBI	244	All data non-proprietary or derived from a non-proprietary source; freely accessible and available to anyone	open
M01191	inchiKey	MJWMOLDKMBISOB-YDGGZUKGSA-J	MNXM1101255	ModelSEED	2.6.1	CC BY 4.0 (ModelSEED GitHub repository)	open
M01191	seed	cpd35781	MNXM1101255	ModelSEED	2.6.1	CC BY 4.0 (ModelSEED GitHub repository)	open
M01197	chebi	chebi:165483	MNXM149560	ChEBI	244	All data non-proprietary or derived from a non-proprietary source; freely accessible and available to anyone	open
M01207	chebi	chebi:180356	MNXM489476	ChEBI	244	All data non-proprietary or derived from a non-proprietary source; freely accessible and available to anyone	open
M01235	inchiKey	LQJBNNIYVWPHFW-QXMHVHEDSA-M	MNXM54093	ModelSEED	2.6.1	CC BY 4.0 (ModelSEED GitHub repository)	open
M01235	seed	cpd35175	MNXM54093	ModelSEED	2.6.1	CC BY 4.0 (ModelSEED GitHub repository)	open
M01236	chebi	chebi:232891	MNXM744567	ChEBI	244	All data non-proprietary or derived from a non-proprietary source; freely accessible and available to anyone	open
M01237	chebi	chebi:74308;chebi:74398	MNXM1101929	ChEBI	244	All data non-proprietary or derived from a non-proprietary source; freely accessible and available to anyone	open
M01238	chebi	chebi:137434;chebi:84328	MNXM153514	ChEBI	244	All data non-proprietary or derived from a non-proprietary source; freely accessible and available to anyone	open
M01389	inchiKey	NBSCHQHZLSJFNQ-VFUOTHLCSA-L	MNXM1105856	ModelSEED	2.6.1	CC BY 4.0 (ModelSEED GitHub repository)	open
M01389	seed	cpd00863	MNXM1105856	ModelSEED	2.6.1	CC BY 4.0 (ModelSEED GitHub repository)	open
M01456	chebi	chebi:176725;chebi:88775	MNXM35512	ChEBI	244	All data non-proprietary or derived from a non-proprietary source; freely accessible and available to anyone	open
M01458	chebi	chebi:88795	MNXM35509	ChEBI	244	All data non-proprietary or derived from a non-proprietary source; freely accessible and available to anyone	open
M01461	chebi	chebi:166785	MNXM1103358	ChEBI	244	All data non-proprietary or derived from a non-proprietary source; freely accessible and available to anyone	open
M01466	chebi	chebi:74102	MNXM1103473	ChEBI	244	All data non-proprietary or derived from a non-proprietary source; freely accessible and available to anyone	open
M01468	chebi	chebi:84969	MNXM45917	ChEBI	244	All data non-proprietary or derived from a non-proprietary source; freely accessible and available to anyone	open
M01475	chebi	chebi:73910	MNXM35584	ChEBI	244	All data non-proprietary or derived from a non-proprietary source; freely accessible and available to anyone	open
M01476	chebi	chebi:142698	MNXM736470	ChEBI	244	All data non-proprietary or derived from a non-proprietary source; freely accessible and available to anyone	open
M01487	chebi	chebi:234203	MNXM1413233	ChEBI	244	All data non-proprietary or derived from a non-proprietary source; freely accessible and available to anyone	open
M01490	chebi	chebi:84346	MNXM45914	ChEBI	244	All data non-proprietary or derived from a non-proprietary source; freely accessible and available to anyone	open
M01491	chebi	chebi:84352	MNXM45918	ChEBI	244	All data non-proprietary or derived from a non-proprietary source; freely accessible and available to anyone	open
M01492	chebi	chebi:196788	MNXM1369211	ChEBI	244	All data non-proprietary or derived from a non-proprietary source; freely accessible and available to anyone	open
M01498	chebi	chebi:183816	MNXM45901	ChEBI	244	All data non-proprietary or derived from a non-proprietary source; freely accessible and available to anyone	open
M01501	chebi	chebi:84304	MNXM736459	ChEBI	244	All data non-proprietary or derived from a non-proprietary source; freely accessible and available to anyone	open
M01502	chebi	chebi:133745	MNXM33837	ChEBI	244	All data non-proprietary or derived from a non-proprietary source; freely accessible and available to anyone	open
M01573	chebi	chebi:87705;chebi:88072	MNXM1101919	ChEBI	244	All data non-proprietary or derived from a non-proprietary source; freely accessible and available to anyone	open
M01573	inchiKey	KJJPUIFALMAQPF-SUAKZGBESA-J	MNXM1101919	ModelSEED	2.6.1	CC BY 4.0 (ModelSEED GitHub repository)	open
M01573	seed	cpd26003	MNXM1101919	ModelSEED	2.6.1	CC BY 4.0 (ModelSEED GitHub repository)	open
M01724	chebi	chebi:73105	MNXM158874	ChEBI	244	All data non-proprietary or derived from a non-proprietary source; freely accessible and available to anyone	open
M01729	chebi	chebi:77086	MNXM731397	ChEBI	244	All data non-proprietary or derived from a non-proprietary source; freely accessible and available to anyone	open
M01729	inchiKey	FUJLYHJROOYKRA-QGZVFWFLSA-N	MNXM731397	ModelSEED	2.6.1	CC BY 4.0 (ModelSEED GitHub repository)	open
M01729	seed	cpd32723	MNXM731397	ModelSEED	2.6.1	CC BY 4.0 (ModelSEED GitHub repository)	open
M01770	chebi	chebi:190634;chebi:73119	MNXM1368298	ChEBI	244	All data non-proprietary or derived from a non-proprietary source; freely accessible and available to anyone	open
M01989	inchiKey	WVULKSPCQVQLCU-BUXLTGKBSA-M	MNXM1108524	ModelSEED	2.6.1	CC BY 4.0 (ModelSEED GitHub repository)	open
M01989	seed	cpd03245	MNXM1108524	ModelSEED	2.6.1	CC BY 4.0 (ModelSEED GitHub repository)	open
M02035	inchiKey	ZRALSGWEFCBTJO-UHFFFAOYSA-O	MNXM2828	ModelSEED	2.6.1	CC BY 4.0 (ModelSEED GitHub repository)	open
M02035	seed	cpd19240	MNXM2828	ModelSEED	2.6.1	CC BY 4.0 (ModelSEED GitHub repository)	open
M02107	inchiKey	CHVYGJMBUXUTSX-SVHODSNWSA-J	MNXM1104615	ModelSEED	2.6.1	CC BY 4.0 (ModelSEED GitHub repository)	open
M02107	seed	cpd35246	MNXM1104615	ModelSEED	2.6.1	CC BY 4.0 (ModelSEED GitHub repository)	open
M02108	inchiKey	MNWFXJYAOYHMED-UHFFFAOYSA-M	MNXM7416	ModelSEED	2.6.1	CC BY 4.0 (ModelSEED GitHub repository)	open
M02108	seed	cpd15608	MNXM7416	ModelSEED	2.6.1	CC BY 4.0 (ModelSEED GitHub repository)	open
M02112	chebi	chebi:74134;chebi:74149	MNXM1101945	ChEBI	244	All data non-proprietary or derived from a non-proprietary source; freely accessible and available to anyone	open
M02155	chebi	chebi:52023;chebi:58875	MNXM1108052	ChEBI	244	All data non-proprietary or derived from a non-proprietary source; freely accessible and available to anyone	open
M02155	inchiKey	DGABKXLVXPYZII-SIBKNCMHSA-M	MNXM1108052	ModelSEED	2.6.1	CC BY 4.0 (ModelSEED GitHub repository)	open
M02155	seed	cpd11197	MNXM1108052	ModelSEED	2.6.1	CC BY 4.0 (ModelSEED GitHub repository)	open
M02186	chebi	chebi:52023;chebi:58875	MNXM1108052	ChEBI	244	All data non-proprietary or derived from a non-proprietary source; freely accessible and available to anyone	open
M02186	inchiKey	DGABKXLVXPYZII-SIBKNCMHSA-M	MNXM1108052	ModelSEED	2.6.1	CC BY 4.0 (ModelSEED GitHub repository)	open
M02186	seed	cpd11197	MNXM1108052	ModelSEED	2.6.1	CC BY 4.0 (ModelSEED GitHub repository)	open
M02447	chebi	chebi:143182;chebi:61953	MNXM1093344	ChEBI	244	All data non-proprietary or derived from a non-proprietary source; freely accessible and available to anyone	open
M02447	inchiKey	OCIBBXPLUVYKCH-LIGGPISVSA-N	MNXM1093344	ModelSEED	2.6.1	CC BY 4.0 (ModelSEED GitHub repository)	open
M02447	seed	cpd01329	MNXM1093344	ModelSEED	2.6.1	CC BY 4.0 (ModelSEED GitHub repository)	open
M02451	inchiKey	LUEWUZLMQUOBSB-AYQJAVFRSA-N	MNXM1104617	ModelSEED	2.6.1	CC BY 4.0 (ModelSEED GitHub repository)	open
M02451	seed	cpd01399	MNXM1104617	ModelSEED	2.6.1	CC BY 4.0 (ModelSEED GitHub repository)	open
M02467	inchiKey	XZWYZXLIPXDOLR-UHFFFAOYSA-P	MNXM724952	ModelSEED	2.6.1	CC BY 4.0 (ModelSEED GitHub repository)	open
M02467	seed	cpd04411	MNXM724952	ModelSEED	2.6.1	CC BY 4.0 (ModelSEED GitHub repository)	open
M02490	chebi	chebi:44074;chebi:58698	MNXM1365590	ChEBI	244	All data non-proprietary or derived from a non-proprietary source; freely accessible and available to anyone	open
M02491	chebi	chebi:44074;chebi:58698	MNXM1365590	ChEBI	244	All data non-proprietary or derived from a non-proprietary source; freely accessible and available to anyone	open
M02611	chebi	chebi:137651	MNXM1364040	ChEBI	244	All data non-proprietary or derived from a non-proprietary source; freely accessible and available to anyone	open
M02612	chebi	chebi:75105;chebi:75332	MNXM1103983	ChEBI	244	All data non-proprietary or derived from a non-proprietary source; freely accessible and available to anyone	open
M02612	inchiKey	YUJZGRUJMWKAJF-ZOUGCNRJSA-J	MNXM1103983	ModelSEED	2.6.1	CC BY 4.0 (ModelSEED GitHub repository)	open
M02612	seed	cpd33510	MNXM1103983	ModelSEED	2.6.1	CC BY 4.0 (ModelSEED GitHub repository)	open
M02613	inchiKey	ISYWECDDZWTKFF-UHFFFAOYSA-M	MNXM1106852	ModelSEED	2.6.1	CC BY 4.0 (ModelSEED GitHub repository)	open
M02613	seed	cpd16349	MNXM1106852	ModelSEED	2.6.1	CC BY 4.0 (ModelSEED GitHub repository)	open
M02616	inchiKey	WLDUTYVSAGSKIV-FUEUKBNZSA-J	MNXM1104669	ModelSEED	2.6.1	CC BY 4.0 (ModelSEED GitHub repository)	open
M02616	seed	cpd01333	MNXM1104669	ModelSEED	2.6.1	CC BY 4.0 (ModelSEED GitHub repository)	open
M02637	chebi	chebi:232904	MNXM744586	ChEBI	244	All data non-proprietary or derived from a non-proprietary source; freely accessible and available to anyone	open
M02694	inchiKey	RXUATCUKICAIOA-ZMHDXICWSA-J	MNXM1104372	ModelSEED	2.6.1	CC BY 4.0 (ModelSEED GitHub repository)	open
M02694	seed	cpd00660	MNXM1104372	ModelSEED	2.6.1	CC BY 4.0 (ModelSEED GitHub repository)	open
M02745	chebi	chebi:234425;chebi:70716	MNXM1369296	ChEBI	244	All data non-proprietary or derived from a non-proprietary source; freely accessible and available to anyone	open
M02758	chebi	chebi:176856;chebi:271436	MNXM724992	ChEBI	244	All data non-proprietary or derived from a non-proprietary source; freely accessible and available to anyone	open
M02758	inchiKey	UEEJHVSXFDXPFK-UHFFFAOYSA-O	MNXM724992	ModelSEED	2.6.1	CC BY 4.0 (ModelSEED GitHub repository)	open
M02758	seed	cpd24582	MNXM724992	ModelSEED	2.6.1	CC BY 4.0 (ModelSEED GitHub repository)	open
M02760	chebi	chebi:63837	MNXM6391	ChEBI	244	All data non-proprietary or derived from a non-proprietary source; freely accessible and available to anyone	open
M02760	inchiKey	MNRHZPCIEGLWGK-LEKSSAKUSA-N	MNXM6391	ModelSEED	2.6.1	CC BY 4.0 (ModelSEED GitHub repository)	open
M02760	seed	cpd26604	MNXM6391	ModelSEED	2.6.1	CC BY 4.0 (ModelSEED GitHub repository)	open
M02761	chebi	chebi:63843	MNXM8029	ChEBI	244	All data non-proprietary or derived from a non-proprietary source; freely accessible and available to anyone	open
M02761	inchiKey	RCFJDVCRANOZEL-UHFFFAOYSA-N	MNXM8029	ModelSEED	2.6.1	CC BY 4.0 (ModelSEED GitHub repository)	open
M02761	seed	cpd26603	MNXM8029	ModelSEED	2.6.1	CC BY 4.0 (ModelSEED GitHub repository)	open
M02837	chebi	chebi:17616	MNXM1137721	ChEBI	244	All data non-proprietary or derived from a non-proprietary source; freely accessible and available to anyone	open
M02837	inchiKey	VYGQUTWHTHXGQB-FFHKNEKCSA-N	MNXM1137721	ModelSEED	2.6.1	CC BY 4.0 (ModelSEED GitHub repository)	open
M02837	seed	cpd01691	MNXM1137721	ModelSEED	2.6.1	CC BY 4.0 (ModelSEED GitHub repository)	open
M02973	chebi	chebi:192250;chebi:73061;chebi:84634	MNXM83844	ChEBI	244	All data non-proprietary or derived from a non-proprietary source; freely accessible and available to anyone	open
M02973	inchiKey	PSHXNVGSVNEJBD-LJQANCHMSA-N	MNXM83844	ModelSEED	2.6.1	CC BY 4.0 (ModelSEED GitHub repository)	open
M02973	seed	cpd35067	MNXM83844	ModelSEED	2.6.1	CC BY 4.0 (ModelSEED GitHub repository)	open
M03005	chebi	chebi:76456;chebi:76638	MNXM1104951	ChEBI	244	All data non-proprietary or derived from a non-proprietary source; freely accessible and available to anyone	open
M03005	inchiKey	YJKOIKYLHSMLHC-ATRRWJJYSA-J	MNXM1104951	ModelSEED	2.6.1	CC BY 4.0 (ModelSEED GitHub repository)	open
M03005	seed	cpd34967	MNXM1104951	ModelSEED	2.6.1	CC BY 4.0 (ModelSEED GitHub repository)	open
M03011	chebi	chebi:232888	MNXM744592	ChEBI	244	All data non-proprietary or derived from a non-proprietary source; freely accessible and available to anyone	open
M03014	chebi	chebi:76562;chebi:76909	MNXM1101927	ChEBI	244	All data non-proprietary or derived from a non-proprietary source; freely accessible and available to anyone	open
M03016	chebi	chebi:232758	MNXM744593	ChEBI	244	All data non-proprietary or derived from a non-proprietary source; freely accessible and available to anyone	open
M03018	chebi	chebi:232892	MNXM744594	ChEBI	244	All data non-proprietary or derived from a non-proprietary source; freely accessible and available to anyone	open
M03019	chebi	chebi:87717;chebi:88086	MNXM1101973	ChEBI	244	All data non-proprietary or derived from a non-proprietary source; freely accessible and available to anyone	open
M03019	inchiKey	YQARRKBGBKPBCX-DVZFGLDUSA-J	MNXM1101973	ModelSEED	2.6.1	CC BY 4.0 (ModelSEED GitHub repository)	open
M03019	seed	cpd35321	MNXM1101973	ModelSEED	2.6.1	CC BY 4.0 (ModelSEED GitHub repository)	open
M03022	chebi	chebi:87701;chebi:88067	MNXM741789	ChEBI	244	All data non-proprietary or derived from a non-proprietary source; freely accessible and available to anyone	open
M03022	inchiKey	JVEFYXPCQBMMAA-ZMLWRGBOSA-J	MNXM741789	ModelSEED	2.6.1	CC BY 4.0 (ModelSEED GitHub repository)	open
M03022	seed	cpd26002	MNXM741789	ModelSEED	2.6.1	CC BY 4.0 (ModelSEED GitHub repository)	open
M03024	chebi	chebi:76558;chebi:76904	MNXM1101925	ChEBI	244	All data non-proprietary or derived from a non-proprietary source; freely accessible and available to anyone	open
M03024	inchiKey	OPMPWWFMNYWBGF-PKYBCSRXSA-J	MNXM1101925	ModelSEED	2.6.1	CC BY 4.0 (ModelSEED GitHub repository)	open
M03024	seed	cpd35947	MNXM1101925	ModelSEED	2.6.1	CC BY 4.0 (ModelSEED GitHub repository)	open
M03045	inchiKey	XEZVDURJDFGERA-UHFFFAOYSA-M	MNXM87883	ModelSEED	2.6.1	CC BY 4.0 (ModelSEED GitHub repository)	open
M03045	seed	cpd24918	MNXM87883	ModelSEED	2.6.1	CC BY 4.0 (ModelSEED GitHub repository)	open
M03047	chebi	chebi:90118;chebi:90266	MNXM1104122	ChEBI	244	All data non-proprietary or derived from a non-proprietary source; freely accessible and available to anyone	open
M03050	chebi	chebi:84061;chebi:85029	MNXM1106158	ChEBI	244	All data non-proprietary or derived from a non-proprietary source; freely accessible and available to anyone	open
M03051	inchiKey	SZHOJFHSIKHZHA-UHFFFAOYSA-M	MNXM22174	ModelSEED	2.6.1	CC BY 4.0 (ModelSEED GitHub repository)	open
M03051	seed	cpd15640	MNXM22174	ModelSEED	2.6.1	CC BY 4.0 (ModelSEED GitHub repository)	open
M03116	chebi	chebi:77547;chebi:78176	MNXM1104752	ChEBI	244	All data non-proprietary or derived from a non-proprietary source; freely accessible and available to anyone	open
M03117	inchiKey	ZDPHROOEEOARMN-UHFFFAOYSA-M	MNXM13228	ModelSEED	2.6.1	CC BY 4.0 (ModelSEED GitHub repository)	open
M03117	seed	cpd15643	MNXM13228	ModelSEED	2.6.1	CC BY 4.0 (ModelSEED GitHub repository)	open
M03131	chebi	chebi:15412;chebi:49050;chebi:57296	MNXM733673	ChEBI	244	All data non-proprietary or derived from a non-proprietary source; freely accessible and available to anyone	open
M03131	inchiKey	NWZYYCVIOKVTII-SFOWXEAESA-M	MNXM733673	ModelSEED	2.6.1	CC BY 4.0 (ModelSEED GitHub repository)	open
M03131	seed	cpd00465;cpd01786	MNXM733673	ModelSEED	2.6.1	CC BY 4.0 (ModelSEED GitHub repository)	open
M03134	inchiKey	NQPDZGIKBAWPEJ-UHFFFAOYSA-M	MNXM3382	ModelSEED	2.6.1	CC BY 4.0 (ModelSEED GitHub repository)	open
M03134	seed	cpd00597	MNXM3382	ModelSEED	2.6.1	CC BY 4.0 (ModelSEED GitHub repository)	open
M03153	chebi	chebi:77221;chebi:77525	MNXM741114	ChEBI	244	All data non-proprietary or derived from a non-proprietary source; freely accessible and available to anyone	open
M03167	inchiKey	WLPXLNNUXMDSPG-AKGZTFGVSA-M	MNXM1105994	ModelSEED	2.6.1	CC BY 4.0 (ModelSEED GitHub repository)	open
M03167	seed	cpd02137	MNXM1105994	ModelSEED	2.6.1	CC BY 4.0 (ModelSEED GitHub repository)	open
M03168	chebi	chebi:177266	MNXM1364253	ChEBI	244	All data non-proprietary or derived from a non-proprietary source; freely accessible and available to anyone	open
N1aspmd	inchiKey	MQTAVJHICJWXBR-UHFFFAOYSA-P	MNXM501	ModelSEED	2.6.1	CC BY 4.0 (ModelSEED GitHub repository)	open
N1aspmd	seed	cpd00470	MNXM501	ModelSEED	2.6.1	CC BY 4.0 (ModelSEED GitHub repository)	open
Nacasp	inchiKey	OTCCIMWXFLJLIA-BYPYZUCNSA-L	MNXM2139	ModelSEED	2.6.1	CC BY 4.0 (ModelSEED GitHub repository)	open
Nacasp	seed	cpd00767	MNXM2139	ModelSEED	2.6.1	CC BY 4.0 (ModelSEED GitHub repository)	open
Nacsertn	inchiKey	MVAWJSIDNICKHF-UHFFFAOYSA-N	MNXM731095	ModelSEED	2.6.1	CC BY 4.0 (ModelSEED GitHub repository)	open
Nacsertn	seed	cpd00721	MNXM731095	ModelSEED	2.6.1	CC BY 4.0 (ModelSEED GitHub repository)	open
Ndmelys	chebi	chebi:172425	MNXM1370608	ChEBI	244	All data non-proprietary or derived from a non-proprietary source; freely accessible and available to anyone	open
Sfglutth	inchiKey	FHXAGOICBFGEBF-BQBZGAKWSA-M	MNXM741595	ModelSEED	2.6.1	CC BY 4.0 (ModelSEED GitHub repository)	open
Sfglutth	seed	cpd00759	MNXM741595	ModelSEED	2.6.1	CC BY 4.0 (ModelSEED GitHub repository)	open
Ssq23epx	inchiKey	QYIMSPSDBYKPPY-RSKUXYSASA-N	MNXM727928	ModelSEED	2.6.1	CC BY 4.0 (ModelSEED GitHub repository)	open
Ssq23epx	seed	cpd00776	MNXM727928	ModelSEED	2.6.1	CC BY 4.0 (ModelSEED GitHub repository)	open
T4hcinnm	inchiKey	NGSWKAQJJWESNS-ZZXKWVIFSA-M	MNXM1370019	ModelSEED	2.6.1	CC BY 4.0 (ModelSEED GitHub repository)	open
T4hcinnm	seed	cpd00604	MNXM1370019	ModelSEED	2.6.1	CC BY 4.0 (ModelSEED GitHub repository)	open
Tn_antigen	seed	cpd12535;cpd21520;cpd27560	MNXM7559	ModelSEED	2.6.1	CC BY 4.0 (ModelSEED GitHub repository)	open
aacoa	inchiKey	OJFDKHTZOUZBOS-CITAKDKDSA-J	MNXM1103802	ModelSEED	2.6.1	CC BY 4.0 (ModelSEED GitHub repository)	open
aacoa	seed	cpd00279	MNXM1103802	ModelSEED	2.6.1	CC BY 4.0 (ModelSEED GitHub repository)	open
aact	chebi	chebi:17906;chebi:58320	MNXM1106	ChEBI	244	All data non-proprietary or derived from a non-proprietary source; freely accessible and available to anyone	open
aact	inchiKey	BCDGQXUMWHRQCB-UHFFFAOYSA-O	MNXM1106	ModelSEED	2.6.1	CC BY 4.0 (ModelSEED GitHub repository)	open
aact	seed	cpd01298	MNXM1106	ModelSEED	2.6.1	CC BY 4.0 (ModelSEED GitHub repository)	open
abt	inchiKey	HEBKCHPVOIAQTA-IMJSIDKUSA-N	MNXM740330	ModelSEED	2.6.1	CC BY 4.0 (ModelSEED GitHub repository)	open
abt	seed	cpd00417	MNXM740330	ModelSEED	2.6.1	CC BY 4.0 (ModelSEED GitHub repository)	open
abt_D	chebi	chebi:18333	MNXM1018	ChEBI	244	All data non-proprietary or derived from a non-proprietary source; freely accessible and available to anyone	open
abt_D	inchiKey	HEBKCHPVOIAQTA-QWWZWVQMSA-N	MNXM1018	ModelSEED	2.6.1	CC BY 4.0 (ModelSEED GitHub repository)	open
abt_D	seed	cpd01307	MNXM1018	ModelSEED	2.6.1	CC BY 4.0 (ModelSEED GitHub repository)	open
ac	inchiKey	QTBSBXVTEAMEQO-UHFFFAOYSA-M	MNXM26	ModelSEED	2.6.1	CC BY 4.0 (ModelSEED GitHub repository)	open
ac	seed	cpd00029	MNXM26	ModelSEED	2.6.1	CC BY 4.0 (ModelSEED GitHub repository)	open
acac	inchiKey	WDJHALXBUFZDSR-UHFFFAOYSA-M	MNXM729595	ModelSEED	2.6.1	CC BY 4.0 (ModelSEED GitHub repository)	open
acald	inchiKey	IKHGUXGNUITLKF-UHFFFAOYSA-N	MNXM75	ModelSEED	2.6.1	CC BY 4.0 (ModelSEED GitHub repository)	open
acald	seed	cpd00071	MNXM75	ModelSEED	2.6.1	CC BY 4.0 (ModelSEED GitHub repository)	open
accoa	inchiKey	ZSLZBFCDCINBPY-ZSJPKINUSA-J	MNXM1104266	ModelSEED	2.6.1	CC BY 4.0 (ModelSEED GitHub repository)	open
accoa	seed	cpd00022	MNXM1104266	ModelSEED	2.6.1	CC BY 4.0 (ModelSEED GitHub repository)	open
acetol	inchiKey	XLSMFKSTNGKWQX-UHFFFAOYSA-N	MNXM1744	ModelSEED	2.6.1	CC BY 4.0 (ModelSEED GitHub repository)	open
acetol	seed	cpd03105	MNXM1744	ModelSEED	2.6.1	CC BY 4.0 (ModelSEED GitHub repository)	open
acetone	inchiKey	CSCPPACGZOOCGX-UHFFFAOYSA-N	MNXM398	ModelSEED	2.6.1	CC BY 4.0 (ModelSEED GitHub repository)	open
acetone	seed	cpd00178	MNXM398	ModelSEED	2.6.1	CC BY 4.0 (ModelSEED GitHub repository)	open
acgal	inchiKey	OVRNDRQMDRJTHS-KEWYIRBNSA-N	MNXM1105933	ModelSEED	2.6.1	CC BY 4.0 (ModelSEED GitHub repository)	open
acgal	seed	cpd27607	MNXM1105933	ModelSEED	2.6.1	CC BY 4.0 (ModelSEED GitHub repository)	open
acgal1p	inchiKey	FZLJPEPAYPUMMR-JAJWTYFOSA-L	MNXM1105799	ModelSEED	2.6.1	CC BY 4.0 (ModelSEED GitHub repository)	open
acgal1p	seed	cpd15390	MNXM1105799	ModelSEED	2.6.1	CC BY 4.0 (ModelSEED GitHub repository)	open
acgalfucgalacgalfuc12gal14acglcgalgluside_hs	chebi	chebi:44313;chebi:55404;chebi:61970	MNXM1105799	ChEBI	244	All data non-proprietary or derived from a non-proprietary source; freely accessible and available to anyone	open
acgalfucgalacgalfuc12gal14acglcgalgluside_hs	inchiKey	FZLJPEPAYPUMMR-JAJWTYFOSA-L	MNXM1105799	ModelSEED	2.6.1	CC BY 4.0 (ModelSEED GitHub repository)	open
acgalfucgalacgalfuc12gal14acglcgalgluside_hs	seed	cpd15390	MNXM1105799	ModelSEED	2.6.1	CC BY 4.0 (ModelSEED GitHub repository)	open
acgalfucgalacgalfucgalacglcgal14acglcgalgluside_hs	chebi	chebi:44313;chebi:55404;chebi:61970	MNXM1105799	ChEBI	244	All data non-proprietary or derived from a non-proprietary source; freely accessible and available to anyone	open
acgalfucgalacgalfucgalacglcgal14acglcgalgluside_hs	inchiKey	FZLJPEPAYPUMMR-JAJWTYFOSA-L	MNXM1105799	ModelSEED	2.6.1	CC BY 4.0 (ModelSEED GitHub repository)	open
acgalfucgalacgalfucgalacglcgal14acglcgalgluside_hs	seed	cpd15390	MNXM1105799	ModelSEED	2.6.1	CC BY 4.0 (ModelSEED GitHub repository)	open
acgalfucgalacglcgalgluside_hs	chebi	chebi:44313;chebi:55404;chebi:61970	MNXM1105799	ChEBI	244	All data non-proprietary or derived from a non-proprietary source; freely accessible and available to anyone	open
acgalfucgalacglcgalgluside_hs	inchiKey	FZLJPEPAYPUMMR-JAJWTYFOSA-L	MNXM1105799	ModelSEED	2.6.1	CC BY 4.0 (ModelSEED GitHub repository)	open
acgalfucgalacglcgalgluside_hs	seed	cpd15390	MNXM1105799	ModelSEED	2.6.1	CC BY 4.0 (ModelSEED GitHub repository)	open
acgam	inchiKey	OVRNDRQMDRJTHS-RTRLPJTCSA-N	MNXM1105935	ModelSEED	2.6.1	CC BY 4.0 (ModelSEED GitHub repository)	open
acgam1p	inchiKey	FZLJPEPAYPUMMR-YVKWHVBHSA-L	MNXM1105798	ModelSEED	2.6.1	CC BY 4.0 (ModelSEED GitHub repository)	open
acgam1p	seed	cpd18038;cpd19031;cpd27612	MNXM1105798	ModelSEED	2.6.1	CC BY 4.0 (ModelSEED GitHub repository)	open
acgam6p	inchiKey	BRGMHAYQAZFZDJ-RTRLPJTCSA-L	MNXM1364174	ModelSEED	2.6.1	CC BY 4.0 (ModelSEED GitHub repository)	open
acgam6p	seed	cpd00293;cpd33963	MNXM1364174	ModelSEED	2.6.1	CC BY 4.0 (ModelSEED GitHub repository)	open
acgbgbside_hs	chebi	chebi:18208;chebi:51354	MNXM1812	ChEBI	244	All data non-proprietary or derived from a non-proprietary source; freely accessible and available to anyone	open
acgbgbside_hs	inchiKey	JGSARLDLIJGVTE-MBNYWOFBSA-M	MNXM1812	ModelSEED	2.6.1	CC BY 4.0 (ModelSEED GitHub repository)	open
acgbgbside_hs	seed	cpd03292	MNXM1812	ModelSEED	2.6.1	CC BY 4.0 (ModelSEED GitHub repository)	open
acglc13galacglcgal14acglcgalgluside_hs	chebi	chebi:15784;chebi:50565;chebi:57513;chebi:58826	MNXM1364174	ChEBI	244	All data non-proprietary or derived from a non-proprietary source; freely accessible and available to anyone	open
acglc13galacglcgal14acglcgalgluside_hs	inchiKey	BRGMHAYQAZFZDJ-RTRLPJTCSA-L	MNXM1364174	ModelSEED	2.6.1	CC BY 4.0 (ModelSEED GitHub repository)	open
acglc13galacglcgal14acglcgalgluside_hs	seed	cpd00293;cpd33963	MNXM1364174	ModelSEED	2.6.1	CC BY 4.0 (ModelSEED GitHub repository)	open
acglu	inchiKey	RFMMMVDNIPUKGG-YFKPBYRVSA-L	MNXM1370620	ModelSEED	2.6.1	CC BY 4.0 (ModelSEED GitHub repository)	open
acglu	seed	cpd00477	MNXM1370620	ModelSEED	2.6.1	CC BY 4.0 (ModelSEED GitHub repository)	open
acgly	chebi	chebi:40410;chebi:61887	MNXM587422	ChEBI	244	All data non-proprietary or derived from a non-proprietary source; freely accessible and available to anyone	open
acgly	inchiKey	OKJIRPAQVSHGFK-UHFFFAOYSA-M	MNXM587422	ModelSEED	2.6.1	CC BY 4.0 (ModelSEED GitHub repository)	open
acgly	seed	cpd34522	MNXM587422	ModelSEED	2.6.1	CC BY 4.0 (ModelSEED GitHub repository)	open
ach	inchiKey	OIPILFWXSMYKGL-UHFFFAOYSA-N	MNXM793	ModelSEED	2.6.1	CC BY 4.0 (ModelSEED GitHub repository)	open
ach	seed	cpd01367	MNXM793	ModelSEED	2.6.1	CC BY 4.0 (ModelSEED GitHub repository)	open
acile_L	chebi	chebi:133735;chebi:21555	MNXM1368467	ChEBI	244	All data non-proprietary or derived from a non-proprietary source; freely accessible and available to anyone	open
acleu_L	chebi	chebi:166830	MNXM1369366	ChEBI	244	All data non-proprietary or derived from a non-proprietary source; freely accessible and available to anyone	open
aclys	chebi	chebi:35704;chebi:61512	MNXM587476	ChEBI	244	All data non-proprietary or derived from a non-proprietary source; freely accessible and available to anyone	open
aclys	inchiKey	VEYYWZRYIYDQJM-ZETCQYMHSA-N	MNXM587476	ModelSEED	2.6.1	CC BY 4.0 (ModelSEED GitHub repository)	open
aclys	seed	cpd09352	MNXM587476	ModelSEED	2.6.1	CC BY 4.0 (ModelSEED GitHub repository)	open
acmana	inchiKey	OVRNDRQMDRJTHS-ZTVVOAFPSA-N	MNXM1105881	ModelSEED	2.6.1	CC BY 4.0 (ModelSEED GitHub repository)	open
acmana	seed	cpd00492	MNXM1105881	ModelSEED	2.6.1	CC BY 4.0 (ModelSEED GitHub repository)	open
acmanap	inchiKey	BRGMHAYQAZFZDJ-ZTVVOAFPSA-L	MNXM1105998	ModelSEED	2.6.1	CC BY 4.0 (ModelSEED GitHub repository)	open
acmanap	seed	cpd02612	MNXM1105998	ModelSEED	2.6.1	CC BY 4.0 (ModelSEED GitHub repository)	open
acmp	inchiKey	RZVAJINKPMORJF-UHFFFAOYSA-N	MNXM1944	ModelSEED	2.6.1	CC BY 4.0 (ModelSEED GitHub repository)	open
acmp	seed	cpd04176	MNXM1944	ModelSEED	2.6.1	CC BY 4.0 (ModelSEED GitHub repository)	open
acnacngal14acglcgalgluside_hs	chebi	chebi:32639	MNXM2629	ChEBI	244	All data non-proprietary or derived from a non-proprietary source; freely accessible and available to anyone	open
acnam	inchiKey	SQVRNKJHWKZAKO-PFQGKNLYSA-M	MNXM1106047	ModelSEED	2.6.1	CC BY 4.0 (ModelSEED GitHub repository)	open
acnam	seed	cpd21149	MNXM1106047	ModelSEED	2.6.1	CC BY 4.0 (ModelSEED GitHub repository)	open
acnamp	inchiKey	SQMNIXJSBCSNCI-PFQGKNLYSA-K	MNXM1104151	ModelSEED	2.6.1	CC BY 4.0 (ModelSEED GitHub repository)	open
acnamp	seed	cpd03733	MNXM1104151	ModelSEED	2.6.1	CC BY 4.0 (ModelSEED GitHub repository)	open
acorn	inchiKey	JRLGPAXAGHMNOL-LURJTMIESA-N	MNXM817	ModelSEED	2.6.1	CC BY 4.0 (ModelSEED GitHub repository)	open
acorn	seed	cpd00342	MNXM817	ModelSEED	2.6.1	CC BY 4.0 (ModelSEED GitHub repository)	open
acrn	inchiKey	RDHQFKQIGNGIED-MRVPVSSYSA-N	MNXM726103	ModelSEED	2.6.1	CC BY 4.0 (ModelSEED GitHub repository)	open
acrn	seed	cpd01682	MNXM726103	ModelSEED	2.6.1	CC BY 4.0 (ModelSEED GitHub repository)	open
acthr_L	chebi	chebi:133549;chebi:45826	MNXM739026	ChEBI	244	All data non-proprietary or derived from a non-proprietary source; freely accessible and available to anyone	open
acthr_L	inchiKey	PEDXUVCGOLSNLQ-WUJLRWPWSA-M	MNXM739026	ModelSEED	2.6.1	CC BY 4.0 (ModelSEED GitHub repository)	open
acthr_L	seed	cpd34968	MNXM739026	ModelSEED	2.6.1	CC BY 4.0 (ModelSEED GitHub repository)	open
actyr	chebi	chebi:133591;chebi:21563	MNXM63521	ChEBI	244	All data non-proprietary or derived from a non-proprietary source; freely accessible and available to anyone	open
actyr	inchiKey	CAHKINHBCWCHCF-JTQLQIEISA-M	MNXM63521	ModelSEED	2.6.1	CC BY 4.0 (ModelSEED GitHub repository)	open
actyr	seed	cpd32988	MNXM63521	ModelSEED	2.6.1	CC BY 4.0 (ModelSEED GitHub repository)	open
ade	inchiKey	GFFGJBXGBJISGV-UHFFFAOYSA-N	MNXM168	ModelSEED	2.6.1	CC BY 4.0 (ModelSEED GitHub repository)	open
ade	seed	cpd00128;cpd22238	MNXM168	ModelSEED	2.6.1	CC BY 4.0 (ModelSEED GitHub repository)	open
adn	inchiKey	OIRDTQYFTABQOQ-KQYNXXCUSA-N	MNXM1105760	ModelSEED	2.6.1	CC BY 4.0 (ModelSEED GitHub repository)	open
adp	inchiKey	XTWYTFMLZFPYCI-KQYNXXCUSA-L	MNXM40333	ModelSEED	2.6.1	CC BY 4.0 (ModelSEED GitHub repository)	open
adp	seed	cpd00008;cpd22244	MNXM40333	ModelSEED	2.6.1	CC BY 4.0 (ModelSEED GitHub repository)	open
adpac	inchiKey	WNLRTRBMVRJNCN-UHFFFAOYSA-L	MNXM2800	ModelSEED	2.6.1	CC BY 4.0 (ModelSEED GitHub repository)	open
adpac	seed	cpd03642	MNXM2800	ModelSEED	2.6.1	CC BY 4.0 (ModelSEED GitHub repository)	open
adpcoa	chebi	chebi:34528;chebi:76327	MNXM1104115	ChEBI	244	All data non-proprietary or derived from a non-proprietary source; freely accessible and available to anyone	open
adpcoa	inchiKey	SPNAEHGLBRRCGL-BIEWRJSYSA-I	MNXM1104115	ModelSEED	2.6.1	CC BY 4.0 (ModelSEED GitHub repository)	open
adpcoa	seed	cpd09842	MNXM1104115	ModelSEED	2.6.1	CC BY 4.0 (ModelSEED GitHub repository)	open
adpoh	chebi	chebi:17023;chebi:57987	MNXM3812	ChEBI	244	All data non-proprietary or derived from a non-proprietary source; freely accessible and available to anyone	open
adpoh	inchiKey	OTTXIFWBPRRYOG-UHFFFAOYSA-L	MNXM3812	ModelSEED	2.6.1	CC BY 4.0 (ModelSEED GitHub repository)	open
adpoh	seed	cpd01576	MNXM3812	ModelSEED	2.6.1	CC BY 4.0 (ModelSEED GitHub repository)	open
adprib	inchiKey	SRNWOUGRCWSEMX-TYASJMOZSA-L	MNXM1104545	ModelSEED	2.6.1	CC BY 4.0 (ModelSEED GitHub repository)	open
adprib	seed	cpd00251	MNXM1104545	ModelSEED	2.6.1	CC BY 4.0 (ModelSEED GitHub repository)	open
adrncoa	inchiKey	LVXQCHCSSLFKLO-KPOVBLHLSA-J	MNXM1104760	ModelSEED	2.6.1	CC BY 4.0 (ModelSEED GitHub repository)	open
adrncoa	seed	cpd14891	MNXM1104760	ModelSEED	2.6.1	CC BY 4.0 (ModelSEED GitHub repository)	open
adrncrn	chebi	chebi:134423	MNXM8558	ChEBI	244	All data non-proprietary or derived from a non-proprietary source; freely accessible and available to anyone	open
adrnl	inchiKey	UCTWMZQNUQWSLP-VIFPVBQESA-O	MNXM31772	ModelSEED	2.6.1	CC BY 4.0 (ModelSEED GitHub repository)	open
adrnl	seed	cpd00583	MNXM31772	ModelSEED	2.6.1	CC BY 4.0 (ModelSEED GitHub repository)	open
aflatoxin	inchiKey	OQIQSTLJSLGHID-WNWIJWBNSA-N	MNXM735258	ModelSEED	2.6.1	CC BY 4.0 (ModelSEED GitHub repository)	open
aflatoxin	seed	cpd04172	MNXM735258	ModelSEED	2.6.1	CC BY 4.0 (ModelSEED GitHub repository)	open
agm	inchiKey	QYPPJABKJHAVHS-UHFFFAOYSA-P	MNXM328	ModelSEED	2.6.1	CC BY 4.0 (ModelSEED GitHub repository)	open
agm	seed	cpd00152	MNXM328	ModelSEED	2.6.1	CC BY 4.0 (ModelSEED GitHub repository)	open
ahandrostan	inchiKey	QGXBDMJGAMFCBF-BNSUEQOYSA-N	MNXM732617	ModelSEED	2.6.1	CC BY 4.0 (ModelSEED GitHub repository)	open
ahandrostan	seed	cpd02677;cpd21995	MNXM732617	ModelSEED	2.6.1	CC BY 4.0 (ModelSEED GitHub repository)	open
ahandrostanglc	inchiKey	VFUIRAVTUVCQTF-SDHZCXLISA-M	MNXM1103691	ModelSEED	2.6.1	CC BY 4.0 (ModelSEED GitHub repository)	open
ahandrostanglc	seed	cpd08018	MNXM1103691	ModelSEED	2.6.1	CC BY 4.0 (ModelSEED GitHub repository)	open
ahcys	inchiKey	ZJUKTBDSGOFHSH-WFMPWKQPSA-N	MNXM1102167	ModelSEED	2.6.1	CC BY 4.0 (ModelSEED GitHub repository)	open
ahcys	seed	cpd00019	MNXM1102167	ModelSEED	2.6.1	CC BY 4.0 (ModelSEED GitHub repository)	open
aicar	inchiKey	NOTGFIUVDGNKRI-UUOKFMHZSA-L	MNXM1103365	ModelSEED	2.6.1	CC BY 4.0 (ModelSEED GitHub repository)	open
aicar	seed	cpd02851	MNXM1103365	ModelSEED	2.6.1	CC BY 4.0 (ModelSEED GitHub repository)	open
ak2lgchol_hs	chebi	chebi:75216	MNXM1106897	ChEBI	244	All data non-proprietary or derived from a non-proprietary source; freely accessible and available to anyone	open
akg	inchiKey	KPGXRSRHYNQIFN-UHFFFAOYSA-L	MNXM1368744	ModelSEED	2.6.1	CC BY 4.0 (ModelSEED GitHub repository)	open
ala_B	inchiKey	UCMIRNVEIXFBKS-UHFFFAOYSA-N	MNXM144	ModelSEED	2.6.1	CC BY 4.0 (ModelSEED GitHub repository)	open
ala_B	seed	cpd00085	MNXM144	ModelSEED	2.6.1	CC BY 4.0 (ModelSEED GitHub repository)	open
ala_D	inchiKey	QNAYBMKLOCPYGJ-UWTATZPHSA-N	MNXM1105731	ModelSEED	2.6.1	CC BY 4.0 (ModelSEED GitHub repository)	open
ala_L	inchiKey	QNAYBMKLOCPYGJ-REOHCLBHSA-N	MNXM1105732	ModelSEED	2.6.1	CC BY 4.0 (ModelSEED GitHub repository)	open
alaala	chebi	chebi:16576;chebi:57822	MNXM1364010	ChEBI	244	All data non-proprietary or derived from a non-proprietary source; freely accessible and available to anyone	open
alaala	inchiKey	DEFJQIDDEAULHB-QWWZWVQMSA-N	MNXM1364010	ModelSEED	2.6.1	CC BY 4.0 (ModelSEED GitHub repository)	open
alaala	seed	cpd00731	MNXM1364010	ModelSEED	2.6.1	CC BY 4.0 (ModelSEED GitHub repository)	open
alaglylys	chebi	chebi:158190	MNXM744601	ChEBI	244	All data non-proprietary or derived from a non-proprietary source; freely accessible and available to anyone	open
alahisala	chebi	chebi:158202	MNXM744602	ChEBI	244	All data non-proprietary or derived from a non-proprietary source; freely accessible and available to anyone	open
aldstrn	inchiKey	PQSUYGKTWSAVDQ-ZVIOFETBSA-N	MNXM728835	ModelSEED	2.6.1	CC BY 4.0 (ModelSEED GitHub repository)	open
aldstrn	seed	cpd01228	MNXM728835	ModelSEED	2.6.1	CC BY 4.0 (ModelSEED GitHub repository)	open
allop	chebi	chebi:40279	MNXM726418	ChEBI	244	All data non-proprietary or derived from a non-proprietary source; freely accessible and available to anyone	open
allop	inchiKey	OFCNXPDARWKPPY-UHFFFAOYSA-N	MNXM726418	ModelSEED	2.6.1	CC BY 4.0 (ModelSEED GitHub repository)	open
allop	seed	cpd25535	MNXM726418	ModelSEED	2.6.1	CC BY 4.0 (ModelSEED GitHub repository)	open
alltn	inchiKey	POJWUDADGALRAB-UHFFFAOYSA-N	MNXM738834	ModelSEED	2.6.1	CC BY 4.0 (ModelSEED GitHub repository)	open
alpam	seed	cpd15217	MNXM81220	ModelSEED	2.6.1	CC BY 4.0 (ModelSEED GitHub repository)	open
am19cs	chebi	chebi:140158	MNXM746084	ChEBI	244	All data non-proprietary or derived from a non-proprietary source; freely accessible and available to anyone	open
am1acs	chebi	chebi:140178	MNXM744607	ChEBI	244	All data non-proprietary or derived from a non-proprietary source; freely accessible and available to anyone	open
am1c9cs	chebi	chebi:140177	MNXM746095	ChEBI	244	All data non-proprietary or derived from a non-proprietary source; freely accessible and available to anyone	open
am1ccs	chebi	chebi:140175	MNXM744611	ChEBI	244	All data non-proprietary or derived from a non-proprietary source; freely accessible and available to anyone	open
am1csa	chebi	chebi:140154	MNXM744613	ChEBI	244	All data non-proprietary or derived from a non-proprietary source; freely accessible and available to anyone	open
am4n9cs	chebi	chebi:140166	MNXM746087	ChEBI	244	All data non-proprietary or derived from a non-proprietary source; freely accessible and available to anyone	open
am4ncs	chebi	chebi:140171	MNXM744615	ChEBI	244	All data non-proprietary or derived from a non-proprietary source; freely accessible and available to anyone	open
am6sa	inchiKey	QCGTZPZKJPTAEP-WFTYEQLWSA-N	MNXM1371250	ModelSEED	2.6.1	CC BY 4.0 (ModelSEED GitHub repository)	open
am6sa	seed	cpd02385	MNXM1371250	ModelSEED	2.6.1	CC BY 4.0 (ModelSEED GitHub repository)	open
am9csa	chebi	chebi:140152	MNXM744616	ChEBI	244	All data non-proprietary or derived from a non-proprietary source; freely accessible and available to anyone	open
amet	inchiKey	MEFKEPWMEQBLKI-AIRLBKTGSA-O	MNXM1363767	ModelSEED	2.6.1	CC BY 4.0 (ModelSEED GitHub repository)	open
amet	seed	cpd00017	MNXM1363767	ModelSEED	2.6.1	CC BY 4.0 (ModelSEED GitHub repository)	open
ametam	inchiKey	ZUNBITIXDCPNSD-LSRJEVITSA-O	MNXM1103325	ModelSEED	2.6.1	CC BY 4.0 (ModelSEED GitHub repository)	open
ametam	seed	cpd00837	MNXM1103325	ModelSEED	2.6.1	CC BY 4.0 (ModelSEED GitHub repository)	open
amp	inchiKey	UDMBCSSLTHHNCD-KQYNXXCUSA-L	MNXM728294	ModelSEED	2.6.1	CC BY 4.0 (ModelSEED GitHub repository)	open
amp	seed	cpd00018	MNXM728294	ModelSEED	2.6.1	CC BY 4.0 (ModelSEED GitHub repository)	open
amuco	inchiKey	ZRHONLCTYUYMIQ-TZFCGSKZSA-M	MNXM1370999	ModelSEED	2.6.1	CC BY 4.0 (ModelSEED GitHub repository)	open
amuco	seed	cpd01496	MNXM1370999	ModelSEED	2.6.1	CC BY 4.0 (ModelSEED GitHub repository)	open
and19one	chebi	chebi:27576	MNXM90384	ChEBI	244	All data non-proprietary or derived from a non-proprietary source; freely accessible and available to anyone	open
and19one	inchiKey	XGUHPTGEXRHMQQ-BGJMDTOESA-N	MNXM90384	ModelSEED	2.6.1	CC BY 4.0 (ModelSEED GitHub repository)	open
and19one	seed	cpd03137	MNXM90384	ModelSEED	2.6.1	CC BY 4.0 (ModelSEED GitHub repository)	open
andrstandn	inchiKey	RAJWOBJTTGJROA-WZNAKSSCSA-N	MNXM730559	ModelSEED	2.6.1	CC BY 4.0 (ModelSEED GitHub repository)	open
andrstandn	seed	cpd00511	MNXM730559	ModelSEED	2.6.1	CC BY 4.0 (ModelSEED GitHub repository)	open
andrstndn	inchiKey	AEMFNILZOJDQLW-QAGGRKNESA-N	MNXM730402	ModelSEED	2.6.1	CC BY 4.0 (ModelSEED GitHub repository)	open
andrstndn	seed	cpd00237	MNXM730402	ModelSEED	2.6.1	CC BY 4.0 (ModelSEED GitHub repository)	open
andrstrn	inchiKey	QGXBDMJGAMFCBF-HLUDHZFRSA-N	MNXM730462	ModelSEED	2.6.1	CC BY 4.0 (ModelSEED GitHub repository)	open
andrstrn	seed	cpd00409	MNXM730462	ModelSEED	2.6.1	CC BY 4.0 (ModelSEED GitHub repository)	open
andrstrnglc	inchiKey	VFUIRAVTUVCQTF-BSOWLZGZSA-M	MNXM1103774	ModelSEED	2.6.1	CC BY 4.0 (ModelSEED GitHub repository)	open
andrstrnglc	seed	cpd08017	MNXM1103774	ModelSEED	2.6.1	CC BY 4.0 (ModelSEED GitHub repository)	open
anth	inchiKey	RWZYAGGXGHYGMB-UHFFFAOYSA-M	MNXM188	ModelSEED	2.6.1	CC BY 4.0 (ModelSEED GitHub repository)	open
anth	seed	cpd00093	MNXM188	ModelSEED	2.6.1	CC BY 4.0 (ModelSEED GitHub repository)	open
antipyrene	inchiKey	VEQOALNAAJBPNY-UHFFFAOYSA-N	MNXM10720	ModelSEED	2.6.1	CC BY 4.0 (ModelSEED GitHub repository)	open
antipyrene	seed	cpd19134	MNXM10720	ModelSEED	2.6.1	CC BY 4.0 (ModelSEED GitHub repository)	open
apnnox	inchiKey	NQFUSWIGRKFAHK-KEMUHUQJSA-N	MNXM2972	ModelSEED	2.6.1	CC BY 4.0 (ModelSEED GitHub repository)	open
apnnox	seed	cpd01783	MNXM2972	ModelSEED	2.6.1	CC BY 4.0 (ModelSEED GitHub repository)	open
appnn	inchiKey	GRWFGVWFFZKLTI-RKDXNWHRSA-N	MNXM1364658	ModelSEED	2.6.1	CC BY 4.0 (ModelSEED GitHub repository)	open
appnn	seed	cpd03747;cpd12822	MNXM1364658	ModelSEED	2.6.1	CC BY 4.0 (ModelSEED GitHub repository)	open
aprgstrn	inchiKey	RWBRUCCWZPSBFC-HWSYHKBZSA-N	MNXM1368190	ModelSEED	2.6.1	CC BY 4.0 (ModelSEED GitHub repository)	open
aprgstrn	seed	cpd02462	MNXM1368190	ModelSEED	2.6.1	CC BY 4.0 (ModelSEED GitHub repository)	open
aprut	inchiKey	KLZGKIDSEJWEDW-UHFFFAOYSA-O	MNXM1153	ModelSEED	2.6.1	CC BY 4.0 (ModelSEED GitHub repository)	open
aprut	seed	cpd01758	MNXM1153	ModelSEED	2.6.1	CC BY 4.0 (ModelSEED GitHub repository)	open
aps	inchiKey	IRLPACMLTUPBCL-KQYNXXCUSA-L	MNXM1103086	ModelSEED	2.6.1	CC BY 4.0 (ModelSEED GitHub repository)	open
aps	seed	cpd00193	MNXM1103086	ModelSEED	2.6.1	CC BY 4.0 (ModelSEED GitHub repository)	open
arab_L	inchiKey	SRBFZHDQGSBBOR-HWQSCIPKSA-N	MNXM1369602	ModelSEED	2.6.1	CC BY 4.0 (ModelSEED GitHub repository)	open
arach	inchiKey	VKOBVWXKNCXXDE-UHFFFAOYSA-M	MNXM2976	ModelSEED	2.6.1	CC BY 4.0 (ModelSEED GitHub repository)	open
arach	seed	cpd03848	MNXM2976	ModelSEED	2.6.1	CC BY 4.0 (ModelSEED GitHub repository)	open
arachcoa	inchiKey	JYLSVNBJLYCSSW-IBYUJNRCSA-J	MNXM1103962	ModelSEED	2.6.1	CC BY 4.0 (ModelSEED GitHub repository)	open
arachcoa	seed	cpd01393	MNXM1103962	ModelSEED	2.6.1	CC BY 4.0 (ModelSEED GitHub repository)	open
arachcrn	chebi	chebi:190555;chebi:73100;chebi:84645	MNXM1364041	ChEBI	244	All data non-proprietary or derived from a non-proprietary source; freely accessible and available to anyone	open
arachd	inchiKey	YZXBAPSDXZZRGB-DOFZRALJSA-M	MNXM1107770	ModelSEED	2.6.1	CC BY 4.0 (ModelSEED GitHub repository)	open
arachd	seed	cpd00188	MNXM1107770	ModelSEED	2.6.1	CC BY 4.0 (ModelSEED GitHub repository)	open
arachdcoa	inchiKey	JDEPVTUUCBFJIW-YQVDHACTSA-J	MNXM1104493	ModelSEED	2.6.1	CC BY 4.0 (ModelSEED GitHub repository)	open
arachdcoa	seed	cpd01519	MNXM1104493	ModelSEED	2.6.1	CC BY 4.0 (ModelSEED GitHub repository)	open
arachdcrn	chebi	chebi:189711;chebi:73082	MNXM42492	ChEBI	244	All data non-proprietary or derived from a non-proprietary source; freely accessible and available to anyone	open
arg_D	inchiKey	ODKSFYDXXFIFQN-SCSAIBSYSA-O	MNXM1552	ModelSEED	2.6.1	CC BY 4.0 (ModelSEED GitHub repository)	open
arg_D	seed	cpd00586	MNXM1552	ModelSEED	2.6.1	CC BY 4.0 (ModelSEED GitHub repository)	open
arg_L	inchiKey	ODKSFYDXXFIFQN-BYPYZUCNSA-O	MNXM739527	ModelSEED	2.6.1	CC BY 4.0 (ModelSEED GitHub repository)	open
argalaala	chebi	chebi:158681	MNXM744617	ChEBI	244	All data non-proprietary or derived from a non-proprietary source; freely accessible and available to anyone	open
arghisthr	chebi	chebi:159033	MNXM744628	ChEBI	244	All data non-proprietary or derived from a non-proprietary source; freely accessible and available to anyone	open
argsuc	inchiKey	KDZOASGQNOPSCU-ZBHICJROSA-M	MNXM722743	ModelSEED	2.6.1	CC BY 4.0 (ModelSEED GitHub repository)	open
argsuc	seed	cpd02152;cpd29673	MNXM722743	ModelSEED	2.6.1	CC BY 4.0 (ModelSEED GitHub repository)	open
ascb_L	inchiKey	CIWBSHSKHKDKBQ-JLAZNSOCSA-M	MNXM727871	ModelSEED	2.6.1	CC BY 4.0 (ModelSEED GitHub repository)	open
ascb_L	seed	cpd00059	MNXM727871	ModelSEED	2.6.1	CC BY 4.0 (ModelSEED GitHub repository)	open
asn_L	inchiKey	DCXYFEDJOCDNAF-REOHCLBHSA-N	MNXM1107821	ModelSEED	2.6.1	CC BY 4.0 (ModelSEED GitHub repository)	open
asncyscys	chebi	chebi:159642	MNXM744639	ChEBI	244	All data non-proprietary or derived from a non-proprietary source; freely accessible and available to anyone	open
asp_D	inchiKey	CKLJMWTZIZZHCS-UWTATZPHSA-M	MNXM1364496	ModelSEED	2.6.1	CC BY 4.0 (ModelSEED GitHub repository)	open
asp_D	seed	cpd00320	MNXM1364496	ModelSEED	2.6.1	CC BY 4.0 (ModelSEED GitHub repository)	open
asp_L	inchiKey	CKLJMWTZIZZHCS-REOHCLBHSA-M	MNXM1364497	ModelSEED	2.6.1	CC BY 4.0 (ModelSEED GitHub repository)	open
atp	inchiKey	ZKHQWZAMYRWXGA-KQYNXXCUSA-K	MNXM3	ModelSEED	2.6.1	CC BY 4.0 (ModelSEED GitHub repository)	open
atp	seed	cpd00002	MNXM3	ModelSEED	2.6.1	CC BY 4.0 (ModelSEED GitHub repository)	open
atvlac	chebi	chebi:233896	MNXM744660	ChEBI	244	All data non-proprietary or derived from a non-proprietary source; freely accessible and available to anyone	open
avite1	inchiKey	GVJHHUAWPYXKBD-IEOSBIPESA-N	MNXM2741	ModelSEED	2.6.1	CC BY 4.0 (ModelSEED GitHub repository)	open
avite1	seed	cpd01628	MNXM2741	ModelSEED	2.6.1	CC BY 4.0 (ModelSEED GitHub repository)	open
avite2	inchiKey	RZFHLOLGZPDCHJ-XZXLULOTSA-N	MNXM10684	ModelSEED	2.6.1	CC BY 4.0 (ModelSEED GitHub repository)	open
avite2	seed	cpd09852	MNXM10684	ModelSEED	2.6.1	CC BY 4.0 (ModelSEED GitHub repository)	open
b2coa	inchiKey	KFWWCMJSYSSPSK-BOGFJHSMSA-J	MNXM1363936	ModelSEED	2.6.1	CC BY 4.0 (ModelSEED GitHub repository)	open
b2coa	seed	cpd00650	MNXM1363936	ModelSEED	2.6.1	CC BY 4.0 (ModelSEED GitHub repository)	open
bamppald	inchiKey	PCXDJQZLDDHMGX-UHFFFAOYSA-O	MNXM736082	ModelSEED	2.6.1	CC BY 4.0 (ModelSEED GitHub repository)	open
bamppald	seed	cpd01504	MNXM736082	ModelSEED	2.6.1	CC BY 4.0 (ModelSEED GitHub repository)	open
betald	inchiKey	SXKNCCSPZDCRFD-UHFFFAOYSA-N	MNXM457	ModelSEED	2.6.1	CC BY 4.0 (ModelSEED GitHub repository)	open
betald	seed	cpd00447	MNXM457	ModelSEED	2.6.1	CC BY 4.0 (ModelSEED GitHub repository)	open
bgly	inchiKey	QIAFMBKCNZACKA-UHFFFAOYSA-M	MNXM1577	ModelSEED	2.6.1	CC BY 4.0 (ModelSEED GitHub repository)	open
bgly	seed	cpd01114	MNXM1577	ModelSEED	2.6.1	CC BY 4.0 (ModelSEED GitHub repository)	open
bhb	inchiKey	WHBMMWSBFZVSSR-GSVOUGTGSA-M	MNXM1104965	ModelSEED	2.6.1	CC BY 4.0 (ModelSEED GitHub repository)	open
bildglcur	inchiKey	MJRDPCMIUPHHDA-JVFYBLIPSA-L	MNXM1104084	ModelSEED	2.6.1	CC BY 4.0 (ModelSEED GitHub repository)	open
bildglcur	seed	cpd03428	MNXM1104084	ModelSEED	2.6.1	CC BY 4.0 (ModelSEED GitHub repository)	open
bilirub	inchiKey	BPYKTIZUTYGOLE-IFADSCNNSA-L	MNXM1371811	ModelSEED	2.6.1	CC BY 4.0 (ModelSEED GitHub repository)	open
bilirub	seed	cpd00376	MNXM1371811	ModelSEED	2.6.1	CC BY 4.0 (ModelSEED GitHub repository)	open
biliverd	inchiKey	QBUVFDKTZJNUPP-BBROENKCSA-L	MNXM416	ModelSEED	2.6.1	CC BY 4.0 (ModelSEED GitHub repository)	open
biliverd	seed	cpd00389	MNXM416	ModelSEED	2.6.1	CC BY 4.0 (ModelSEED GitHub repository)	open
biocyt	inchiKey	BAQMYDQNMFBZNA-ATWGWHJKSA-N	MNXM2981	ModelSEED	2.6.1	CC BY 4.0 (ModelSEED GitHub repository)	open
biocyt	seed	cpd03293;cpd31464	MNXM2981	ModelSEED	2.6.1	CC BY 4.0 (ModelSEED GitHub repository)	open
btamp	inchiKey	UTQCSTJVMLODHM-RHCAYAJFSA-M	MNXM1104306	ModelSEED	2.6.1	CC BY 4.0 (ModelSEED GitHub repository)	open
btamp	seed	cpd03517;cpd22432	MNXM1104306	ModelSEED	2.6.1	CC BY 4.0 (ModelSEED GitHub repository)	open
btcoa	inchiKey	CRFNGMNYKDXRTN-HDRJHVAISA-J	MNXM1104300	ModelSEED	2.6.1	CC BY 4.0 (ModelSEED GitHub repository)	open
btcoa	seed	cpd00120	MNXM1104300	ModelSEED	2.6.1	CC BY 4.0 (ModelSEED GitHub repository)	open
btn	inchiKey	YBJHBAHKTGYVGT-ZKWXMUAHSA-M	MNXM304	ModelSEED	2.6.1	CC BY 4.0 (ModelSEED GitHub repository)	open
but	inchiKey	FERIUCNNQQJTOY-UHFFFAOYSA-M	MNXM458	ModelSEED	2.6.1	CC BY 4.0 (ModelSEED GitHub repository)	open
bvite	chebi	chebi:182172;chebi:47771	MNXM4488	ChEBI	244	All data non-proprietary or derived from a non-proprietary source; freely accessible and available to anyone	open
bvite	inchiKey	WGVKWNUPNGFDFJ-DQCZWYHMSA-N	MNXM4488	ModelSEED	2.6.1	CC BY 4.0 (ModelSEED GitHub repository)	open
bvite	seed	cpd09851	MNXM4488	ModelSEED	2.6.1	CC BY 4.0 (ModelSEED GitHub repository)	open
bz	inchiKey	WPYMKLBDIGXBTP-UHFFFAOYSA-M	MNXM217	ModelSEED	2.6.1	CC BY 4.0 (ModelSEED GitHub repository)	open
bz	seed	cpd00153	MNXM217	ModelSEED	2.6.1	CC BY 4.0 (ModelSEED GitHub repository)	open
bzcoa	chebi	chebi:15515;chebi:57369	MNXM1363941	ChEBI	244	All data non-proprietary or derived from a non-proprietary source; freely accessible and available to anyone	open
bzcoa	inchiKey	VEVJTUNLALKRNO-TYHXJLICSA-J	MNXM1363941	ModelSEED	2.6.1	CC BY 4.0 (ModelSEED GitHub repository)	open
bzcoa	seed	cpd00401	MNXM1363941	ModelSEED	2.6.1	CC BY 4.0 (ModelSEED GitHub repository)	open
c101crn	chebi	chebi:88543	MNXM1363429	ChEBI	244	All data non-proprietary or derived from a non-proprietary source; freely accessible and available to anyone	open
c10crn	chebi	chebi:192248;chebi:28717;chebi:68830	MNXM1103533	ChEBI	244	All data non-proprietary or derived from a non-proprietary source; freely accessible and available to anyone	open
c10crn	inchiKey	LZOSYCMHQXPBFU-OAHLLOKOSA-N	MNXM1103533	ModelSEED	2.6.1	CC BY 4.0 (ModelSEED GitHub repository)	open
c10crn	seed	cpd02105	MNXM1103533	ModelSEED	2.6.1	CC BY 4.0 (ModelSEED GitHub repository)	open
c10dc	chebi	chebi:73057	MNXM158937	ChEBI	244	All data non-proprietary or derived from a non-proprietary source; freely accessible and available to anyone	open
c12dc	chebi	chebi:74121	MNXM588353	ChEBI	244	All data non-proprietary or derived from a non-proprietary source; freely accessible and available to anyone	open
c12dccoa	chebi	chebi:76315;chebi:76339	MNXM1092904	ChEBI	244	All data non-proprietary or derived from a non-proprietary source; freely accessible and available to anyone	open
c14dccoa	chebi	chebi:77084;chebi:77207	MNXM1101949	ChEBI	244	All data non-proprietary or derived from a non-proprietary source; freely accessible and available to anyone	open
c16dc	chebi	chebi:73081	MNXM738244	ChEBI	244	All data non-proprietary or derived from a non-proprietary source; freely accessible and available to anyone	open
c226coa	inchiKey	MENFZXMQSYYVRK-CRCGJGBYSA-J	MNXM1104405	ModelSEED	2.6.1	CC BY 4.0 (ModelSEED GitHub repository)	open
c226coa	seed	cpd14890	MNXM1104405	ModelSEED	2.6.1	CC BY 4.0 (ModelSEED GitHub repository)	open
c226crn	chebi	chebi:171116;chebi:190648	MNXM8387	ChEBI	244	All data non-proprietary or derived from a non-proprietary source; freely accessible and available to anyone	open
c3dc	chebi	chebi:86047	MNXM1363765	ChEBI	244	All data non-proprietary or derived from a non-proprietary source; freely accessible and available to anyone	open
c4crn	chebi	chebi:21949;chebi:7676	MNXM65151	ChEBI	244	All data non-proprietary or derived from a non-proprietary source; freely accessible and available to anyone	open
c4crn	inchiKey	QWYFHHGCZUCMBN-UHFFFAOYSA-N	MNXM65151	ModelSEED	2.6.1	CC BY 4.0 (ModelSEED GitHub repository)	open
c4crn	seed	cpd01840;cpd33774	MNXM65151	ModelSEED	2.6.1	CC BY 4.0 (ModelSEED GitHub repository)	open
c4dc	chebi	chebi:73034	MNXM729943	ChEBI	244	All data non-proprietary or derived from a non-proprietary source; freely accessible and available to anyone	open
c51crn	chebi	chebi:71179	MNXM729945	ChEBI	244	All data non-proprietary or derived from a non-proprietary source; freely accessible and available to anyone	open
c5dc	chebi	chebi:165628	MNXM727452	ChEBI	244	All data non-proprietary or derived from a non-proprietary source; freely accessible and available to anyone	open
c6crn	chebi	chebi:192246;chebi:70749;chebi:84834	MNXM56437	ChEBI	244	All data non-proprietary or derived from a non-proprietary source; freely accessible and available to anyone	open
c6crn	inchiKey	VVPRQWTYSNDTEA-LLVKDONJSA-N	MNXM56437	ModelSEED	2.6.1	CC BY 4.0 (ModelSEED GitHub repository)	open
c6crn	seed	cpd35164	MNXM56437	ModelSEED	2.6.1	CC BY 4.0 (ModelSEED GitHub repository)	open
c6dc	chebi	chebi:86507	MNXM1363586	ChEBI	244	All data non-proprietary or derived from a non-proprietary source; freely accessible and available to anyone	open
c81coa	chebi	chebi:27537;chebi:62242	MNXM1106007	ChEBI	244	All data non-proprietary or derived from a non-proprietary source; freely accessible and available to anyone	open
c81coa	inchiKey	CPSDNAXXKWVYIY-NTLMCJQISA-J	MNXM1106007	ModelSEED	2.6.1	CC BY 4.0 (ModelSEED GitHub repository)	open
c81coa	seed	cpd03130	MNXM1106007	ModelSEED	2.6.1	CC BY 4.0 (ModelSEED GitHub repository)	open
c81crn	chebi	chebi:176711	MNXM744663	ChEBI	244	All data non-proprietary or derived from a non-proprietary source; freely accessible and available to anyone	open
c8crn	inchiKey	CXTATJFJDMJMIY-CYBMUJFWSA-N	MNXM730472	ModelSEED	2.6.1	CC BY 4.0 (ModelSEED GitHub repository)	open
c8crn	seed	cpd01833	MNXM730472	ModelSEED	2.6.1	CC BY 4.0 (ModelSEED GitHub repository)	open
c8dc	chebi	chebi:77083	MNXM729942	ChEBI	244	All data non-proprietary or derived from a non-proprietary source; freely accessible and available to anyone	open
ca2	inchiKey	BHPQYMZQTOCNFJ-UHFFFAOYSA-N	MNXM128	ModelSEED	2.6.1	CC BY 4.0 (ModelSEED GitHub repository)	open
cala	inchiKey	JSJWCHRYRHKBBW-UHFFFAOYSA-M	MNXM802	ModelSEED	2.6.1	CC BY 4.0 (ModelSEED GitHub repository)	open
cala	seed	cpd01720	MNXM802	ModelSEED	2.6.1	CC BY 4.0 (ModelSEED GitHub repository)	open
camp	inchiKey	IVOMOUWHDPKRLL-KQYNXXCUSA-M	MNXM243	ModelSEED	2.6.1	CC BY 4.0 (ModelSEED GitHub repository)	open
camp	seed	cpd00446	MNXM243	ModelSEED	2.6.1	CC BY 4.0 (ModelSEED GitHub repository)	open
caproic	chebi	chebi:17120;chebi:30776	MNXM1653	ChEBI	244	All data non-proprietary or derived from a non-proprietary source; freely accessible and available to anyone	open
caproic	inchiKey	FUZZWVXGSFPDMH-UHFFFAOYSA-M	MNXM1653	ModelSEED	2.6.1	CC BY 4.0 (ModelSEED GitHub repository)	open
caproic	seed	cpd01113	MNXM1653	ModelSEED	2.6.1	CC BY 4.0 (ModelSEED GitHub repository)	open
caribup_R	chebi	chebi:133198;chebi:133199;chebi:133200	MNXM153165	ChEBI	244	All data non-proprietary or derived from a non-proprietary source; freely accessible and available to anyone	open
caribup_s	chebi	chebi:133198;chebi:133199;chebi:133200	MNXM153165	ChEBI	244	All data non-proprietary or derived from a non-proprietary source; freely accessible and available to anyone	open
carn	inchiKey	CQOVPNPJLQNMDC-ZETCQYMHSA-N	MNXM726951	ModelSEED	2.6.1	CC BY 4.0 (ModelSEED GitHub repository)	open
carn	seed	cpd00310;cpd15836	MNXM726951	ModelSEED	2.6.1	CC BY 4.0 (ModelSEED GitHub repository)	open
caro	chebi	chebi:17579	MNXM1108250	ChEBI	244	All data non-proprietary or derived from a non-proprietary source; freely accessible and available to anyone	open
caro	inchiKey	OENHQHLEOONYIE-JLTXGRSLSA-N	MNXM1108250	ModelSEED	2.6.1	CC BY 4.0 (ModelSEED GitHub repository)	open
caro	seed	cpd01420	MNXM1108250	ModelSEED	2.6.1	CC BY 4.0 (ModelSEED GitHub repository)	open
carveol	inchiKey	BAVONGHXFVOKBV-ZJUUUORDSA-N	MNXM1371224	ModelSEED	2.6.1	CC BY 4.0 (ModelSEED GitHub repository)	open
carveol	seed	cpd00711	MNXM1371224	ModelSEED	2.6.1	CC BY 4.0 (ModelSEED GitHub repository)	open
cbasp	inchiKey	HLKXYZVTANABHZ-REOHCLBHSA-L	MNXM465	ModelSEED	2.6.1	CC BY 4.0 (ModelSEED GitHub repository)	open
cbasp	seed	cpd00343	MNXM465	ModelSEED	2.6.1	CC BY 4.0 (ModelSEED GitHub repository)	open
cbp	inchiKey	FFQKYPRQEYGKAF-UHFFFAOYSA-L	MNXM138	ModelSEED	2.6.1	CC BY 4.0 (ModelSEED GitHub repository)	open
cbp	seed	cpd00146	MNXM138	ModelSEED	2.6.1	CC BY 4.0 (ModelSEED GitHub repository)	open
cdca24g	chebi	chebi:136899;chebi:137790	MNXM1092652	ChEBI	244	All data non-proprietary or derived from a non-proprietary source; freely accessible and available to anyone	open
cdca3g	chebi	chebi:136894;chebi:137725	MNXM1363620	ChEBI	244	All data non-proprietary or derived from a non-proprietary source; freely accessible and available to anyone	open
cdp	inchiKey	ZWIADYZPOWUWEW-XVFCMESISA-L	MNXM1102191	ModelSEED	2.6.1	CC BY 4.0 (ModelSEED GitHub repository)	open
cdp	seed	cpd00096	MNXM1102191	ModelSEED	2.6.1	CC BY 4.0 (ModelSEED GitHub repository)	open
cdpchol	inchiKey	RZZPDXZPRHQOCG-OJAKKHQRSA-M	MNXM1103046	ModelSEED	2.6.1	CC BY 4.0 (ModelSEED GitHub repository)	open
cdpchol	seed	cpd00256	MNXM1103046	ModelSEED	2.6.1	CC BY 4.0 (ModelSEED GitHub repository)	open
cdpea	inchiKey	WVIMUEUQJFPNDK-PEBGCTIMSA-M	MNXM1103456	ModelSEED	2.6.1	CC BY 4.0 (ModelSEED GitHub repository)	open
cdpea	seed	cpd00444	MNXM1103456	ModelSEED	2.6.1	CC BY 4.0 (ModelSEED GitHub repository)	open
cgly	inchiKey	ZUKPVRWZDMRIEO-VKHMYHEASA-N	MNXM683	ModelSEED	2.6.1	CC BY 4.0 (ModelSEED GitHub repository)	open
chlstol	inchiKey	PKEPPDGGTSZLBL-SKCNUYALSA-N	MNXM730468	ModelSEED	2.6.1	CC BY 4.0 (ModelSEED GitHub repository)	open
chlstol	seed	cpd03222	MNXM730468	ModelSEED	2.6.1	CC BY 4.0 (ModelSEED GitHub repository)	open
chol	inchiKey	OEYIOHPDSNJKLS-UHFFFAOYSA-N	MNXM90	ModelSEED	2.6.1	CC BY 4.0 (ModelSEED GitHub repository)	open
cholate	inchiKey	BHQCQFFYRZLCQQ-OELDTZBJSA-M	MNXM1371683	ModelSEED	2.6.1	CC BY 4.0 (ModelSEED GitHub repository)	open
cholate	seed	cpd00526	MNXM1371683	ModelSEED	2.6.1	CC BY 4.0 (ModelSEED GitHub repository)	open
cholcoa	inchiKey	ZKWNOTQHFKYUNU-JGCIYWTLSA-J	MNXM1104082	ModelSEED	2.6.1	CC BY 4.0 (ModelSEED GitHub repository)	open
cholcoa	seed	cpd01237	MNXM1104082	ModelSEED	2.6.1	CC BY 4.0 (ModelSEED GitHub repository)	open
cholcoaone	inchiKey	AWLXQJGPNLCTLM-YFXOTMPNSA-J	MNXM1104105	ModelSEED	2.6.1	CC BY 4.0 (ModelSEED GitHub repository)	open
cholcoaone	seed	cpd03248	MNXM1104105	ModelSEED	2.6.1	CC BY 4.0 (ModelSEED GitHub repository)	open
cholcoar	inchiKey	MNYDLIUNNOCPHG-FJWDCHQMSA-J	MNXM1103601	ModelSEED	2.6.1	CC BY 4.0 (ModelSEED GitHub repository)	open
cholcoar	seed	cpd11262	MNXM1103601	ModelSEED	2.6.1	CC BY 4.0 (ModelSEED GitHub repository)	open
cholp	inchiKey	YHHSONZFOIEMCP-UHFFFAOYSA-M	MNXM229	ModelSEED	2.6.1	CC BY 4.0 (ModelSEED GitHub repository)	open
cholp	seed	cpd00457	MNXM229	ModelSEED	2.6.1	CC BY 4.0 (ModelSEED GitHub repository)	open
chsterol	inchiKey	HVYWMOMLDIMFJA-DPAQBDIFSA-N	MNXM726122	ModelSEED	2.6.1	CC BY 4.0 (ModelSEED GitHub repository)	open
chsterol	seed	cpd00160	MNXM726122	ModelSEED	2.6.1	CC BY 4.0 (ModelSEED GitHub repository)	open
chsterols	inchiKey	BHYOQNUELFTYRT-DPAQBDIFSA-M	MNXM91512	ModelSEED	2.6.1	CC BY 4.0 (ModelSEED GitHub repository)	open
chsterols	seed	cpd18026	MNXM91512	ModelSEED	2.6.1	CC BY 4.0 (ModelSEED GitHub repository)	open
cit	inchiKey	KRKNYBCHXYNGOX-UHFFFAOYSA-K	MNXM1107752	ModelSEED	2.6.1	CC BY 4.0 (ModelSEED GitHub repository)	open
citmcoa_L	inchiKey	XYGOWHUIVNMEIA-NOUMMWROSA-I	MNXM163785	ModelSEED	2.6.1	CC BY 4.0 (ModelSEED GitHub repository)	open
citmcoa_L	seed	cpd00671;cpd00743;cpd36725	MNXM163785	ModelSEED	2.6.1	CC BY 4.0 (ModelSEED GitHub repository)	open
cl	inchiKey	VEXZGXHMUGYJMC-UHFFFAOYSA-M	MNXM735978	ModelSEED	2.6.1	CC BY 4.0 (ModelSEED GitHub repository)	open
clpndcoa	inchiKey	NDRVWKXEWNMEEO-HVGANWHPSA-J	MNXM1104511	ModelSEED	2.6.1	CC BY 4.0 (ModelSEED GitHub repository)	open
clpndcoa	seed	cpd14887	MNXM1104511	ModelSEED	2.6.1	CC BY 4.0 (ModelSEED GitHub repository)	open
clpndcrn	chebi	chebi:134424	MNXM8437	ChEBI	244	All data non-proprietary or derived from a non-proprietary source; freely accessible and available to anyone	open
cmp	inchiKey	IERHLVCPSMICTF-XVFCMESISA-L	MNXM1103302	ModelSEED	2.6.1	CC BY 4.0 (ModelSEED GitHub repository)	open
cmp	seed	cpd00046	MNXM1103302	ModelSEED	2.6.1	CC BY 4.0 (ModelSEED GitHub repository)	open
cmpacna	inchiKey	TXCIAUNLDRJGJZ-BILDWYJOSA-L	MNXM1103953	ModelSEED	2.6.1	CC BY 4.0 (ModelSEED GitHub repository)	open
cmpacna	seed	cpd00112	MNXM1103953	ModelSEED	2.6.1	CC BY 4.0 (ModelSEED GitHub repository)	open
co2	inchiKey	CURLTUGMZLYLDI-UHFFFAOYSA-N	MNXM13	ModelSEED	2.6.1	CC BY 4.0 (ModelSEED GitHub repository)	open
coa	inchiKey	RGJOEKWQDUBAIZ-IBOSZNHHSA-J	MNXM727276	ModelSEED	2.6.1	CC BY 4.0 (ModelSEED GitHub repository)	open
coa	seed	cpd00010	MNXM727276	ModelSEED	2.6.1	CC BY 4.0 (ModelSEED GitHub repository)	open
coke	inchiKey	ZPUCINDJVBIVPJ-LJISPDSOSA-O	MNXM1104184	ModelSEED	2.6.1	CC BY 4.0 (ModelSEED GitHub repository)	open
coke	seed	cpd01014	MNXM1104184	ModelSEED	2.6.1	CC BY 4.0 (ModelSEED GitHub repository)	open
coprost	chebi	chebi:89519	MNXM1092729	ChEBI	244	All data non-proprietary or derived from a non-proprietary source; freely accessible and available to anyone	open
coprost	inchiKey	QYIXCDOBOSTCEI-NWKZBHTNSA-N	MNXM1092729	ModelSEED	2.6.1	CC BY 4.0 (ModelSEED GitHub repository)	open
coprost	seed	cpd35292	MNXM1092729	ModelSEED	2.6.1	CC BY 4.0 (ModelSEED GitHub repository)	open
cortsn	chebi	chebi:16962	MNXM731048	ChEBI	244	All data non-proprietary or derived from a non-proprietary source; freely accessible and available to anyone	open
cortsn	inchiKey	MFYSYFVPBJMHGN-ZPOLXVRWSA-N	MNXM731048	ModelSEED	2.6.1	CC BY 4.0 (ModelSEED GitHub repository)	open
cortsn	seed	cpd00566	MNXM731048	ModelSEED	2.6.1	CC BY 4.0 (ModelSEED GitHub repository)	open
coumarin	inchiKey	ZYGHJZDHTFUPRJ-UHFFFAOYSA-N	MNXM2111	ModelSEED	2.6.1	CC BY 4.0 (ModelSEED GitHub repository)	open
coumarin	seed	cpd03479	MNXM2111	ModelSEED	2.6.1	CC BY 4.0 (ModelSEED GitHub repository)	open
cpppg1	inchiKey	WIUGGJKHYQIGNH-UHFFFAOYSA-J	MNXM1322	ModelSEED	2.6.1	CC BY 4.0 (ModelSEED GitHub repository)	open
cpppg1	seed	cpd03416	MNXM1322	ModelSEED	2.6.1	CC BY 4.0 (ModelSEED GitHub repository)	open
cpppg3	inchiKey	NIUVHXTXUXOFEB-UHFFFAOYSA-J	MNXM735625	ModelSEED	2.6.1	CC BY 4.0 (ModelSEED GitHub repository)	open
cpppg3	seed	cpd02083	MNXM735625	ModelSEED	2.6.1	CC BY 4.0 (ModelSEED GitHub repository)	open
creat	inchiKey	CVSVTCORWBXHQV-UHFFFAOYSA-N	MNXM728947	ModelSEED	2.6.1	CC BY 4.0 (ModelSEED GitHub repository)	open
creat	seed	cpd00250	MNXM728947	ModelSEED	2.6.1	CC BY 4.0 (ModelSEED GitHub repository)	open
crn	inchiKey	PHIQHXFUZVPYII-LURJTMIESA-N	MNXM1105736	ModelSEED	2.6.1	CC BY 4.0 (ModelSEED GitHub repository)	open
crtn	inchiKey	DDRJAANPRJIHGJ-UHFFFAOYSA-N	MNXM728946	ModelSEED	2.6.1	CC BY 4.0 (ModelSEED GitHub repository)	open
crtn	seed	cpd00585	MNXM728946	ModelSEED	2.6.1	CC BY 4.0 (ModelSEED GitHub repository)	open
crtsl	inchiKey	JYGXADMDTFJGBT-VWUMJDOOSA-N	MNXM730404	ModelSEED	2.6.1	CC BY 4.0 (ModelSEED GitHub repository)	open
crtsl	seed	cpd00546	MNXM730404	ModelSEED	2.6.1	CC BY 4.0 (ModelSEED GitHub repository)	open
crtstrn	inchiKey	OMFXVFTZEKFJBZ-HJTSIMOOSA-N	MNXM730568	ModelSEED	2.6.1	CC BY 4.0 (ModelSEED GitHub repository)	open
crtstrn	seed	cpd01450	MNXM730568	ModelSEED	2.6.1	CC BY 4.0 (ModelSEED GitHub repository)	open
crvnc	inchiKey	MBMBGCFOFBJSGT-KUBAVDMBSA-M	MNXM7161	ModelSEED	2.6.1	CC BY 4.0 (ModelSEED GitHub repository)	open
crvnc	seed	cpd03852	MNXM7161	ModelSEED	2.6.1	CC BY 4.0 (ModelSEED GitHub repository)	open
crvs	chebi	chebi:3558;chebi:406059	MNXM1368396	ChEBI	244	All data non-proprietary or derived from a non-proprietary source; freely accessible and available to anyone	open
crvs	inchiKey	SEERZIQQUAZTOL-ANMDKAQQSA-M	MNXM1368396	ModelSEED	2.6.1	CC BY 4.0 (ModelSEED GitHub repository)	open
crvs	seed	cpd04987	MNXM1368396	ModelSEED	2.6.1	CC BY 4.0 (ModelSEED GitHub repository)	open
csa	chebi	chebi:4031	MNXM1371321	ChEBI	244	All data non-proprietary or derived from a non-proprietary source; freely accessible and available to anyone	open
csa	inchiKey	PMATZTZNYRCHOR-IMVLJIQESA-N	MNXM1371321	ModelSEED	2.6.1	CC BY 4.0 (ModelSEED GitHub repository)	open
csa	seed	cpd03033;cpd32541	MNXM1371321	ModelSEED	2.6.1	CC BY 4.0 (ModelSEED GitHub repository)	open
csasulp	chebi	chebi:229978;chebi:230454	MNXM744671	ChEBI	244	All data non-proprietary or derived from a non-proprietary source; freely accessible and available to anyone	open
csn	inchiKey	OPTASPLRGRRNAP-UHFFFAOYSA-N	MNXM761	ModelSEED	2.6.1	CC BY 4.0 (ModelSEED GitHub repository)	open
ctdecdcoa	chebi	chebi:62244;chebi:62409	MNXM1104901	ChEBI	244	All data non-proprietary or derived from a non-proprietary source; freely accessible and available to anyone	open
ctdecdcoa	inchiKey	FASAKYLWSRDQOH-PPQZQFPZSA-J	MNXM1104901	ModelSEED	2.6.1	CC BY 4.0 (ModelSEED GitHub repository)	open
ctdecdcoa	seed	cpd33282	MNXM1104901	ModelSEED	2.6.1	CC BY 4.0 (ModelSEED GitHub repository)	open
ctp	inchiKey	PCDQPRRSZKQHHS-XVFCMESISA-K	MNXM1103718	ModelSEED	2.6.1	CC BY 4.0 (ModelSEED GitHub repository)	open
ctp	seed	cpd00052	MNXM1103718	ModelSEED	2.6.1	CC BY 4.0 (ModelSEED GitHub repository)	open
cyan	inchiKey	LELOWRISYMNNSU-UHFFFAOYSA-N	MNXM727657	ModelSEED	2.6.1	CC BY 4.0 (ModelSEED GitHub repository)	open
cyan	seed	cpd00150;cpd19012	MNXM727657	ModelSEED	2.6.1	CC BY 4.0 (ModelSEED GitHub repository)	open
cynt	chebi	chebi:28024;chebi:29195	MNXM727224	ChEBI	244	All data non-proprietary or derived from a non-proprietary source; freely accessible and available to anyone	open
cynt	inchiKey	XLJMAIOERFSOGZ-UHFFFAOYSA-M	MNXM727224	ModelSEED	2.6.1	CC BY 4.0 (ModelSEED GitHub repository)	open
cys_L	inchiKey	XUJNEKJLAYXESH-REOHCLBHSA-N	MNXM738068	ModelSEED	2.6.1	CC BY 4.0 (ModelSEED GitHub repository)	open
cysacmp	chebi	chebi:133066;chebi:133067	MNXM681236	ChEBI	244	All data non-proprietary or derived from a non-proprietary source; freely accessible and available to anyone	open
cysam	inchiKey	UFULAYFCSOUIOV-UHFFFAOYSA-O	MNXM1226	ModelSEED	2.6.1	CC BY 4.0 (ModelSEED GitHub repository)	open
cysam	seed	cpd01160	MNXM1226	ModelSEED	2.6.1	CC BY 4.0 (ModelSEED GitHub repository)	open
cyst_L	inchiKey	ILRYLPWNYFXEMH-WHFBIAKZSA-N	MNXM319	ModelSEED	2.6.1	CC BY 4.0 (ModelSEED GitHub repository)	open
cyst_L	seed	cpd19019	MNXM319	ModelSEED	2.6.1	CC BY 4.0 (ModelSEED GitHub repository)	open
cytd	inchiKey	UHDGCWIWMRVCDJ-XVFCMESISA-N	MNXM1363925	ModelSEED	2.6.1	CC BY 4.0 (ModelSEED GitHub repository)	open
dad_2	inchiKey	OLXZPDWKRNYJJZ-RRKCRQDMSA-N	MNXM625	ModelSEED	2.6.1	CC BY 4.0 (ModelSEED GitHub repository)	open
dadp	inchiKey	DAEAPNUQQAICNR-RRKCRQDMSA-L	MNXM735047	ModelSEED	2.6.1	CC BY 4.0 (ModelSEED GitHub repository)	open
dadp	seed	cpd00177	MNXM735047	ModelSEED	2.6.1	CC BY 4.0 (ModelSEED GitHub repository)	open
damp	inchiKey	KHWCHTKSEGGWEX-RRKCRQDMSA-L	MNXM432	ModelSEED	2.6.1	CC BY 4.0 (ModelSEED GitHub repository)	open
damp	seed	cpd00294	MNXM432	ModelSEED	2.6.1	CC BY 4.0 (ModelSEED GitHub repository)	open
datp	inchiKey	SUYVUBYJARFZHO-RRKCRQDMSA-K	MNXM286	ModelSEED	2.6.1	CC BY 4.0 (ModelSEED GitHub repository)	open
datp	seed	cpd00115	MNXM286	ModelSEED	2.6.1	CC BY 4.0 (ModelSEED GitHub repository)	open
dc2coa	inchiKey	MGNBGCRQQFMNBM-YJHHLLFWSA-J	MNXM1104631	ModelSEED	2.6.1	CC BY 4.0 (ModelSEED GitHub repository)	open
dc2coa	seed	cpd03129	MNXM1104631	ModelSEED	2.6.1	CC BY 4.0 (ModelSEED GitHub repository)	open
dca	inchiKey	GHVNFZFCNZKVNT-UHFFFAOYSA-M	MNXM1043	ModelSEED	2.6.1	CC BY 4.0 (ModelSEED GitHub repository)	open
dca	seed	cpd01107	MNXM1043	ModelSEED	2.6.1	CC BY 4.0 (ModelSEED GitHub repository)	open
dca3g	chebi	chebi:145757	MNXM1137658	ChEBI	244	All data non-proprietary or derived from a non-proprietary source; freely accessible and available to anyone	open
dcacoa	inchiKey	CNKJPHSEFDPYDB-HSJNEKGZSA-J	MNXM1092836	ModelSEED	2.6.1	CC BY 4.0 (ModelSEED GitHub repository)	open
dcacoa	seed	cpd03128	MNXM1092836	ModelSEED	2.6.1	CC BY 4.0 (ModelSEED GitHub repository)	open
dcamp	inchiKey	OFBHPPMPBOJXRT-DPXQIYNJSA-J	MNXM1103622	ModelSEED	2.6.1	CC BY 4.0 (ModelSEED GitHub repository)	open
dcamp	seed	cpd02375	MNXM1103622	ModelSEED	2.6.1	CC BY 4.0 (ModelSEED GitHub repository)	open
dcdp	chebi	chebi:28846;chebi:58593	MNXM411	ChEBI	244	All data non-proprietary or derived from a non-proprietary source; freely accessible and available to anyone	open
dcdp	inchiKey	FTDHDKPUHBLBTL-SHYZEUOFSA-L	MNXM411	ModelSEED	2.6.1	CC BY 4.0 (ModelSEED GitHub repository)	open
dcdp	seed	cpd00533	MNXM411	ModelSEED	2.6.1	CC BY 4.0 (ModelSEED GitHub repository)	open
dchac	inchiKey	KXGVEGMKQFWNSR-LLQZFEROSA-M	MNXM738432	ModelSEED	2.6.1	CC BY 4.0 (ModelSEED GitHub repository)	open
dchac	seed	cpd02733	MNXM738432	ModelSEED	2.6.1	CC BY 4.0 (ModelSEED GitHub repository)	open
dcholcoa	inchiKey	IIWDDMINEZBCTG-RUAADODMSA-J	MNXM1103837	ModelSEED	2.6.1	CC BY 4.0 (ModelSEED GitHub repository)	open
dcholcoa	seed	cpd03164	MNXM1103837	ModelSEED	2.6.1	CC BY 4.0 (ModelSEED GitHub repository)	open
dcmp	inchiKey	NCMVOABPESMRCP-SHYZEUOFSA-L	MNXM266	ModelSEED	2.6.1	CC BY 4.0 (ModelSEED GitHub repository)	open
dcmp	seed	cpd00206	MNXM266	ModelSEED	2.6.1	CC BY 4.0 (ModelSEED GitHub repository)	open
dcsptn1coa	chebi	chebi:76368;chebi:76450	MNXM1106061	ChEBI	244	All data non-proprietary or derived from a non-proprietary source; freely accessible and available to anyone	open
dcsptn1coa	inchiKey	QKBTYZDPVNTERQ-UWVCYPHHSA-J	MNXM1106061	ModelSEED	2.6.1	CC BY 4.0 (ModelSEED GitHub repository)	open
dcsptn1coa	seed	cpd14894	MNXM1106061	ModelSEED	2.6.1	CC BY 4.0 (ModelSEED GitHub repository)	open
dcsptn1crn	chebi	chebi:134423	MNXM8558	ChEBI	244	All data non-proprietary or derived from a non-proprietary source; freely accessible and available to anyone	open
dctp	inchiKey	RGWHQCVHVJXOKC-SHYZEUOFSA-K	MNXM360	ModelSEED	2.6.1	CC BY 4.0 (ModelSEED GitHub repository)	open
dctp	seed	cpd00356	MNXM360	ModelSEED	2.6.1	CC BY 4.0 (ModelSEED GitHub repository)	open
dcyt	inchiKey	CKTSBUTUHBMZGZ-SHYZEUOFSA-N	MNXM704	ModelSEED	2.6.1	CC BY 4.0 (ModelSEED GitHub repository)	open
dd2coa	inchiKey	IRFYVBULXZMEDE-HENKSQNASA-J	MNXM1104661	ModelSEED	2.6.1	CC BY 4.0 (ModelSEED GitHub repository)	open
dd2coa	seed	cpd02060	MNXM1104661	ModelSEED	2.6.1	CC BY 4.0 (ModelSEED GitHub repository)	open
dd3coa	inchiKey	XEMIVMKTVGRFTD-QXMHVHEDSA-J	MNXM1103969	ModelSEED	2.6.1	CC BY 4.0 (ModelSEED GitHub repository)	open
dd3coa	seed	cpd01887	MNXM1103969	ModelSEED	2.6.1	CC BY 4.0 (ModelSEED GitHub repository)	open
ddca	inchiKey	POULHZVOKOAJMA-UHFFFAOYSA-M	MNXM402	ModelSEED	2.6.1	CC BY 4.0 (ModelSEED GitHub repository)	open
ddca	seed	cpd01741	MNXM402	ModelSEED	2.6.1	CC BY 4.0 (ModelSEED GitHub repository)	open
ddcacoa	inchiKey	YMCXGHLSVALICC-GMHMEAMDSA-J	MNXM1092909	ModelSEED	2.6.1	CC BY 4.0 (ModelSEED GitHub repository)	open
ddcacoa	seed	cpd01260	MNXM1092909	ModelSEED	2.6.1	CC BY 4.0 (ModelSEED GitHub repository)	open
ddeccrn	chebi	chebi:77086	MNXM731397	ChEBI	244	All data non-proprietary or derived from a non-proprietary source; freely accessible and available to anyone	open
ddeccrn	inchiKey	FUJLYHJROOYKRA-QGZVFWFLSA-N	MNXM731397	ModelSEED	2.6.1	CC BY 4.0 (ModelSEED GitHub repository)	open
ddeccrn	seed	cpd32723	MNXM731397	ModelSEED	2.6.1	CC BY 4.0 (ModelSEED GitHub repository)	open
ddece1crn	chebi	chebi:73053	MNXM158861	ChEBI	244	All data non-proprietary or derived from a non-proprietary source; freely accessible and available to anyone	open
ddsmsterol	inchiKey	RUSSPKPUXDSHNC-DDPQNLDTSA-N	MNXM941	ModelSEED	2.6.1	CC BY 4.0 (ModelSEED GitHub repository)	open
ddsmsterol	seed	cpd03037	MNXM941	ModelSEED	2.6.1	CC BY 4.0 (ModelSEED GitHub repository)	open
debrisoquine	inchiKey	JWPGJSVJDAJRLW-UHFFFAOYSA-O	MNXM48845	ModelSEED	2.6.1	CC BY 4.0 (ModelSEED GitHub repository)	open
debrisoquine	seed	cpd09492	MNXM48845	ModelSEED	2.6.1	CC BY 4.0 (ModelSEED GitHub repository)	open
dec24dicoa	chebi	chebi:137593;chebi:29119	MNXM1601	ChEBI	244	All data non-proprietary or derived from a non-proprietary source; freely accessible and available to anyone	open
dec24dicoa	inchiKey	FASAKYLWSRDQOH-IMVFQKDNSA-J	MNXM1601	ModelSEED	2.6.1	CC BY 4.0 (ModelSEED GitHub repository)	open
dec24dicoa	seed	cpd28212	MNXM1601	ModelSEED	2.6.1	CC BY 4.0 (ModelSEED GitHub repository)	open
decdicoa	chebi	chebi:137593;chebi:29119	MNXM1601	ChEBI	244	All data non-proprietary or derived from a non-proprietary source; freely accessible and available to anyone	open
decdicoa	inchiKey	FASAKYLWSRDQOH-IMVFQKDNSA-J	MNXM1601	ModelSEED	2.6.1	CC BY 4.0 (ModelSEED GitHub repository)	open
decdicoa	seed	cpd28212	MNXM1601	ModelSEED	2.6.1	CC BY 4.0 (ModelSEED GitHub repository)	open
decdicrn	chebi	chebi:177713	MNXM1368301	ChEBI	244	All data non-proprietary or derived from a non-proprietary source; freely accessible and available to anyone	open
decdp	chebi	chebi:60721;chebi:61011	MNXM1371339	ChEBI	244	All data non-proprietary or derived from a non-proprietary source; freely accessible and available to anyone	open
decdp	inchiKey	FSCYHDCTHRVSKN-CMVHWAPMSA-L	MNXM1371339	ModelSEED	2.6.1	CC BY 4.0 (ModelSEED GitHub repository)	open
decdp	seed	cpd19241	MNXM1371339	ModelSEED	2.6.1	CC BY 4.0 (ModelSEED GitHub repository)	open
dece3coa	chebi	chebi:29126;chebi:84793	MNXM1105996	ChEBI	244	All data non-proprietary or derived from a non-proprietary source; freely accessible and available to anyone	open
dece3coa	inchiKey	CQGVNMQHZQJNII-ZJZQAHHTSA-J	MNXM1105996	ModelSEED	2.6.1	CC BY 4.0 (ModelSEED GitHub repository)	open
dece3coa	seed	cpd32438	MNXM1105996	ModelSEED	2.6.1	CC BY 4.0 (ModelSEED GitHub repository)	open
dece4coa	chebi	chebi:234369	MNXM1105050	ChEBI	244	All data non-proprietary or derived from a non-proprietary source; freely accessible and available to anyone	open
dedoldp_L	chebi	chebi:81086	MNXM7283	ChEBI	244	All data non-proprietary or derived from a non-proprietary source; freely accessible and available to anyone	open
dedoldp_L	inchiKey	JMVSBFJBMXQNJW-PSTDWBAXSA-L	MNXM7283	ModelSEED	2.6.1	CC BY 4.0 (ModelSEED GitHub repository)	open
dedoldp_L	seed	cpd12788;cpd17565	MNXM7283	ModelSEED	2.6.1	CC BY 4.0 (ModelSEED GitHub repository)	open
dgcholcoa	chebi	chebi:28701;chebi:62989	MNXM1103837	ChEBI	244	All data non-proprietary or derived from a non-proprietary source; freely accessible and available to anyone	open
dgcholcoa	inchiKey	IIWDDMINEZBCTG-RUAADODMSA-J	MNXM1103837	ModelSEED	2.6.1	CC BY 4.0 (ModelSEED GitHub repository)	open
dgcholcoa	seed	cpd03164	MNXM1103837	ModelSEED	2.6.1	CC BY 4.0 (ModelSEED GitHub repository)	open
dgdp	inchiKey	CIKGWCTVFSRMJU-KVQBGUIXSA-L	MNXM436	ModelSEED	2.6.1	CC BY 4.0 (ModelSEED GitHub repository)	open
dgdp	seed	cpd00295	MNXM436	ModelSEED	2.6.1	CC BY 4.0 (ModelSEED GitHub repository)	open
dgmp	inchiKey	LTFMZDNNPPEQNG-KVQBGUIXSA-L	MNXM736654	ModelSEED	2.6.1	CC BY 4.0 (ModelSEED GitHub repository)	open
dgmp	seed	cpd00296	MNXM736654	ModelSEED	2.6.1	CC BY 4.0 (ModelSEED GitHub repository)	open
dgsn	inchiKey	YKBGVTZYEHREMT-KVQBGUIXSA-N	MNXM647	ModelSEED	2.6.1	CC BY 4.0 (ModelSEED GitHub repository)	open
dgtp	inchiKey	HAAZLUGHYHWQIW-KVQBGUIXSA-K	MNXM344	ModelSEED	2.6.1	CC BY 4.0 (ModelSEED GitHub repository)	open
dgtp	seed	cpd00241	MNXM344	ModelSEED	2.6.1	CC BY 4.0 (ModelSEED GitHub repository)	open
dha	inchiKey	RXKJFZQQPQGTFL-UHFFFAOYSA-N	MNXM460	ModelSEED	2.6.1	CC BY 4.0 (ModelSEED GitHub repository)	open
dha	seed	cpd00157	MNXM460	ModelSEED	2.6.1	CC BY 4.0 (ModelSEED GitHub repository)	open
dhap	inchiKey	GNGACRATGGDKBX-UHFFFAOYSA-L	MNXM77	ModelSEED	2.6.1	CC BY 4.0 (ModelSEED GitHub repository)	open
dhap	seed	cpd00095	MNXM77	ModelSEED	2.6.1	CC BY 4.0 (ModelSEED GitHub repository)	open
dhbpt	chebi	chebi:140754;chebi:20680;chebi:43120	MNXM730235	ChEBI	244	All data non-proprietary or derived from a non-proprietary source; freely accessible and available to anyone	open
dhbpt	inchiKey	ZHQJVZLJDXWFFX-RPDRRWSUSA-N	MNXM730235	ModelSEED	2.6.1	CC BY 4.0 (ModelSEED GitHub repository)	open
dhbpt	seed	cpd00231	MNXM730235	ModelSEED	2.6.1	CC BY 4.0 (ModelSEED GitHub repository)	open
dhcholestanate	inchiKey	ITZYGDKGRKKBSN-RXDNHGQQSA-M	MNXM1107209	ModelSEED	2.6.1	CC BY 4.0 (ModelSEED GitHub repository)	open
dhcholestanate	seed	cpd02773	MNXM1107209	ModelSEED	2.6.1	CC BY 4.0 (ModelSEED GitHub repository)	open
dhcholestancoa	inchiKey	SBYLHTNKEWSLBA-SEDXAVTFSA-J	MNXM1104095	ModelSEED	2.6.1	CC BY 4.0 (ModelSEED GitHub repository)	open
dhcholestancoa	seed	cpd02830;cpd17482	MNXM1104095	ModelSEED	2.6.1	CC BY 4.0 (ModelSEED GitHub repository)	open
dhcholoylcoa	inchiKey	SEBZZAWTQNNGPK-RDYMGNODSA-J	MNXM1104117	ModelSEED	2.6.1	CC BY 4.0 (ModelSEED GitHub repository)	open
dhcholoylcoa	seed	cpd03230;cpd22727	MNXM1104117	ModelSEED	2.6.1	CC BY 4.0 (ModelSEED GitHub repository)	open
dhdascb	inchiKey	SBJKKFFYIZUCET-SZSCBOSDSA-N	MNXM1108062	ModelSEED	2.6.1	CC BY 4.0 (ModelSEED GitHub repository)	open
dhdascb	seed	cpd00335	MNXM1108062	ModelSEED	2.6.1	CC BY 4.0 (ModelSEED GitHub repository)	open
dhea	inchiKey	FMGSKLZLMKYGDP-USOAJAOKSA-N	MNXM731293	ModelSEED	2.6.1	CC BY 4.0 (ModelSEED GitHub repository)	open
dhea	seed	cpd00904	MNXM731293	ModelSEED	2.6.1	CC BY 4.0 (ModelSEED GitHub repository)	open
dheas	inchiKey	CZWCKYRVOZZJNM-USOAJAOKSA-M	MNXM736990	ModelSEED	2.6.1	CC BY 4.0 (ModelSEED GitHub repository)	open
dheas	seed	cpd02774;cpd22427	MNXM736990	ModelSEED	2.6.1	CC BY 4.0 (ModelSEED GitHub repository)	open
dhf	inchiKey	OZRNSSUDZOLUSN-LBPRGKRZSA-L	MNXM281	ModelSEED	2.6.1	CC BY 4.0 (ModelSEED GitHub repository)	open
dhf	seed	cpd00330	MNXM281	ModelSEED	2.6.1	CC BY 4.0 (ModelSEED GitHub repository)	open
dhlam	inchiKey	VLYUGYAKYZETRF-SSDOTTSWSA-N	MNXM1277	ModelSEED	2.6.1	CC BY 4.0 (ModelSEED GitHub repository)	open
dhlam	seed	cpd00449	MNXM1277	ModelSEED	2.6.1	CC BY 4.0 (ModelSEED GitHub repository)	open
dhor_S	inchiKey	UFIVEPVSAGBUSI-REOHCLBHSA-M	MNXM252	ModelSEED	2.6.1	CC BY 4.0 (ModelSEED GitHub repository)	open
dhor_S	seed	cpd00282	MNXM252	ModelSEED	2.6.1	CC BY 4.0 (ModelSEED GitHub repository)	open
didecaeth	chebi	chebi:85263	MNXM59819	ChEBI	244	All data non-proprietary or derived from a non-proprietary source; freely accessible and available to anyone	open
didp	inchiKey	BKUSIKGSPSFQAC-RRKCRQDMSA-L	MNXM2174	ModelSEED	2.6.1	CC BY 4.0 (ModelSEED GitHub repository)	open
didp	seed	cpd00976	MNXM2174	ModelSEED	2.6.1	CC BY 4.0 (ModelSEED GitHub repository)	open
diholineth	chebi	chebi:93379	MNXM1369075	ChEBI	244	All data non-proprietary or derived from a non-proprietary source; freely accessible and available to anyone	open
dimp	inchiKey	PHNGFPPXDJJADG-RRKCRQDMSA-L	MNXM1922	ModelSEED	2.6.1	CC BY 4.0 (ModelSEED GitHub repository)	open
dimp	seed	cpd03704	MNXM1922	ModelSEED	2.6.1	CC BY 4.0 (ModelSEED GitHub repository)	open
din	inchiKey	VGONTNSXDCQUGY-RRKCRQDMSA-N	MNXM935	ModelSEED	2.6.1	CC BY 4.0 (ModelSEED GitHub repository)	open
ditp	inchiKey	UFJPAQSLHAGEBL-RRKCRQDMSA-K	MNXM728062	ModelSEED	2.6.1	CC BY 4.0 (ModelSEED GitHub repository)	open
ditp	seed	cpd00977	MNXM728062	ModelSEED	2.6.1	CC BY 4.0 (ModelSEED GitHub repository)	open
dkmpp	inchiKey	HKEAOVFNWRDVAJ-UHFFFAOYSA-L	MNXM162358	ModelSEED	2.6.1	CC BY 4.0 (ModelSEED GitHub repository)	open
dkmpp	seed	cpd11295	MNXM162358	ModelSEED	2.6.1	CC BY 4.0 (ModelSEED GitHub repository)	open
dlnlcg	inchiKey	HOBAELRKJCKHQD-QNEBEIHSSA-M	MNXM1370278	ModelSEED	2.6.1	CC BY 4.0 (ModelSEED GitHub repository)	open
dlnlcg	seed	cpd02077	MNXM1370278	ModelSEED	2.6.1	CC BY 4.0 (ModelSEED GitHub repository)	open
dlnlcgcoa	inchiKey	FJWJALRUNNZIBB-DDQUOPDJSA-J	MNXM1104037	ModelSEED	2.6.1	CC BY 4.0 (ModelSEED GitHub repository)	open
dlnlcgcoa	seed	cpd02263	MNXM1104037	ModelSEED	2.6.1	CC BY 4.0 (ModelSEED GitHub repository)	open
dmantipyrine	inchiKey	QELUYTUMUWHWMC-UHFFFAOYSA-N	MNXM1364663	ModelSEED	2.6.1	CC BY 4.0 (ModelSEED GitHub repository)	open
dmantipyrine	seed	cpd09354	MNXM1364663	ModelSEED	2.6.1	CC BY 4.0 (ModelSEED GitHub repository)	open
dmgly	inchiKey	FFDGPVCHZBVARC-UHFFFAOYSA-N	MNXM464	ModelSEED	2.6.1	CC BY 4.0 (ModelSEED GitHub repository)	open
dmgly	seed	cpd00756	MNXM464	ModelSEED	2.6.1	CC BY 4.0 (ModelSEED GitHub repository)	open
dmhptcoa	chebi	chebi:84847;chebi:85504	MNXM1104111	ChEBI	244	All data non-proprietary or derived from a non-proprietary source; freely accessible and available to anyone	open
dmhptcrn	chebi	chebi:84095;chebi:84843	MNXM1103756	ChEBI	244	All data non-proprietary or derived from a non-proprietary source; freely accessible and available to anyone	open
dmnoncoa	chebi	chebi:63856;chebi:77061	MNXM1104447	ChEBI	244	All data non-proprietary or derived from a non-proprietary source; freely accessible and available to anyone	open
dmnoncrn	chebi	chebi:84654	MNXM8138	ChEBI	244	All data non-proprietary or derived from a non-proprietary source; freely accessible and available to anyone	open
dmpp	inchiKey	CBIDRCWHNCKSTO-UHFFFAOYSA-L	MNXM132	ModelSEED	2.6.1	CC BY 4.0 (ModelSEED GitHub repository)	open
dmpp	seed	cpd00202	MNXM132	ModelSEED	2.6.1	CC BY 4.0 (ModelSEED GitHub repository)	open
doco13ac	inchiKey	DPUOLQHDNGRHBS-KTKRTIGZSA-M	MNXM11520	ModelSEED	2.6.1	CC BY 4.0 (ModelSEED GitHub repository)	open
doco13ac	seed	cpd05231	MNXM11520	ModelSEED	2.6.1	CC BY 4.0 (ModelSEED GitHub repository)	open
doco13ecoa	chebi	chebi:74068;chebi:74106	MNXM1103851	ChEBI	244	All data non-proprietary or derived from a non-proprietary source; freely accessible and available to anyone	open
doco13ecoa	inchiKey	OWGHRDKRIGXBJM-SPZFTOIUSA-J	MNXM1103851	ModelSEED	2.6.1	CC BY 4.0 (ModelSEED GitHub repository)	open
doco13ecoa	seed	cpd16345;cpd24276	MNXM1103851	ModelSEED	2.6.1	CC BY 4.0 (ModelSEED GitHub repository)	open
docosac	inchiKey	UKMSUNONTOPOIO-UHFFFAOYSA-M	MNXM7102	ModelSEED	2.6.1	CC BY 4.0 (ModelSEED GitHub repository)	open
docosac	seed	cpd05196	MNXM7102	ModelSEED	2.6.1	CC BY 4.0 (ModelSEED GitHub repository)	open
docoscoa	inchiKey	NDDZLVOCGALPLR-GNSUAQHMSA-J	MNXM726559	ModelSEED	2.6.1	CC BY 4.0 (ModelSEED GitHub repository)	open
docoscoa	seed	cpd16343	MNXM726559	ModelSEED	2.6.1	CC BY 4.0 (ModelSEED GitHub repository)	open
docosdiac	chebi	chebi:76299;chebi:76319	MNXM11428	ChEBI	244	All data non-proprietary or derived from a non-proprietary source; freely accessible and available to anyone	open
docosdiac	inchiKey	DGXRZJSPDXZJFG-UHFFFAOYSA-L	MNXM11428	ModelSEED	2.6.1	CC BY 4.0 (ModelSEED GitHub repository)	open
docosdiac	seed	cpd20878	MNXM11428	ModelSEED	2.6.1	CC BY 4.0 (ModelSEED GitHub repository)	open
docteteth	chebi	chebi:109536	MNXM1369325	ChEBI	244	All data non-proprietary or derived from a non-proprietary source; freely accessible and available to anyone	open
dodecanac	chebi	chebi:4676;chebi:76273	MNXM51465	ChEBI	244	All data non-proprietary or derived from a non-proprietary source; freely accessible and available to anyone	open
dodecanac	inchiKey	TVIDDXQYHWJXFK-UHFFFAOYSA-L	MNXM51465	ModelSEED	2.6.1	CC BY 4.0 (ModelSEED GitHub repository)	open
dodecanac	seed	cpd01740	MNXM51465	ModelSEED	2.6.1	CC BY 4.0 (ModelSEED GitHub repository)	open
dopa	inchiKey	VYFYYTLLBUKUHU-UHFFFAOYSA-O	MNXM205	ModelSEED	2.6.1	CC BY 4.0 (ModelSEED GitHub repository)	open
dopa	seed	cpd02357	MNXM205	ModelSEED	2.6.1	CC BY 4.0 (ModelSEED GitHub repository)	open
dopa4glcur	chebi	chebi:88776	MNXM1105746	ChEBI	244	All data non-proprietary or derived from a non-proprietary source; freely accessible and available to anyone	open
dopa4sf	chebi	chebi:133529;chebi:34729	MNXM17397	ChEBI	244	All data non-proprietary or derived from a non-proprietary source; freely accessible and available to anyone	open
dopa4sf	inchiKey	DEKNNWJXAQTLFA-UHFFFAOYSA-N	MNXM17397	ModelSEED	2.6.1	CC BY 4.0 (ModelSEED GitHub repository)	open
dopa4sf	seed	cpd09523	MNXM17397	ModelSEED	2.6.1	CC BY 4.0 (ModelSEED GitHub repository)	open
dopaqn	inchiKey	AHMIDUVKSGCHAU-LURJTMIESA-N	MNXM729106	ModelSEED	2.6.1	CC BY 4.0 (ModelSEED GitHub repository)	open
dopaqn	seed	cpd00612	MNXM729106	ModelSEED	2.6.1	CC BY 4.0 (ModelSEED GitHub repository)	open
dopasf	inchiKey	NZKRYJGNYPYXJZ-UHFFFAOYSA-N	MNXM2668	ModelSEED	2.6.1	CC BY 4.0 (ModelSEED GitHub repository)	open
dopasf	seed	cpd09522	MNXM2668	ModelSEED	2.6.1	CC BY 4.0 (ModelSEED GitHub repository)	open
dpcoa	inchiKey	KDTSHFARGAKYJN-IBOSZNHHSA-L	MNXM1104543	ModelSEED	2.6.1	CC BY 4.0 (ModelSEED GitHub repository)	open
dpcoa	seed	cpd00655	MNXM1104543	ModelSEED	2.6.1	CC BY 4.0 (ModelSEED GitHub repository)	open
dsmsterol	inchiKey	AVSXSVCZWQODGV-DPAQBDIFSA-N	MNXM730572	ModelSEED	2.6.1	CC BY 4.0 (ModelSEED GitHub repository)	open
dsmsterol	seed	cpd01243	MNXM730572	ModelSEED	2.6.1	CC BY 4.0 (ModelSEED GitHub repository)	open
dtdp	inchiKey	UJLXYODCHAELLY-XLPZGREQSA-L	MNXM152	ModelSEED	2.6.1	CC BY 4.0 (ModelSEED GitHub repository)	open
dtdp	seed	cpd00297	MNXM152	ModelSEED	2.6.1	CC BY 4.0 (ModelSEED GitHub repository)	open
dtmp	inchiKey	GYOZYWVXFNDGLU-XLPZGREQSA-L	MNXM257	ModelSEED	2.6.1	CC BY 4.0 (ModelSEED GitHub repository)	open
dtmp	seed	cpd00298	MNXM257	ModelSEED	2.6.1	CC BY 4.0 (ModelSEED GitHub repository)	open
dttp	inchiKey	NHVNXKFIZYSCEB-XLPZGREQSA-K	MNXM394	ModelSEED	2.6.1	CC BY 4.0 (ModelSEED GitHub repository)	open
dttp	seed	cpd00357	MNXM394	ModelSEED	2.6.1	CC BY 4.0 (ModelSEED GitHub repository)	open
dudp	inchiKey	QHWZTVCCBMIIKE-SHYZEUOFSA-L	MNXM572	ModelSEED	2.6.1	CC BY 4.0 (ModelSEED GitHub repository)	open
dudp	seed	cpd00978	MNXM572	ModelSEED	2.6.1	CC BY 4.0 (ModelSEED GitHub repository)	open
dump	inchiKey	JSRLJPSBLDHEIO-SHYZEUOFSA-L	MNXM234	ModelSEED	2.6.1	CC BY 4.0 (ModelSEED GitHub repository)	open
dump	seed	cpd00299	MNXM234	ModelSEED	2.6.1	CC BY 4.0 (ModelSEED GitHub repository)	open
duri	inchiKey	MXHRCPNRJAMMIM-SHYZEUOFSA-N	MNXM492	ModelSEED	2.6.1	CC BY 4.0 (ModelSEED GitHub repository)	open
dutp	inchiKey	AHCYMLUZIRLXAA-SHYZEUOFSA-K	MNXM452	ModelSEED	2.6.1	CC BY 4.0 (ModelSEED GitHub repository)	open
dutp	seed	cpd00358	MNXM452	ModelSEED	2.6.1	CC BY 4.0 (ModelSEED GitHub repository)	open
e4hglu	chebi	chebi:16338;chebi:21285;chebi:32811;chebi:32812;chebi:6331	MNXM1371442	ChEBI	244	All data non-proprietary or derived from a non-proprietary source; freely accessible and available to anyone	open
e4hglu	inchiKey	HBDWQSHEVMSFGY-SCQFTWEKSA-M	MNXM1371442	ModelSEED	2.6.1	CC BY 4.0 (ModelSEED GitHub repository)	open
e4hglu	seed	cpd01974;cpd19042	MNXM1371442	ModelSEED	2.6.1	CC BY 4.0 (ModelSEED GitHub repository)	open
e4p	inchiKey	NGHMDNPXVRFFGS-IUYQGCFVSA-L	MNXM258	ModelSEED	2.6.1	CC BY 4.0 (ModelSEED GitHub repository)	open
e4p	seed	cpd00236	MNXM258	ModelSEED	2.6.1	CC BY 4.0 (ModelSEED GitHub repository)	open
eaflatoxin	chebi	chebi:30725	MNXM8257	ChEBI	244	All data non-proprietary or derived from a non-proprietary source; freely accessible and available to anyone	open
eaflatoxin	inchiKey	KHBXRZGALJGBPA-IRWJRLHMSA-N	MNXM8257	ModelSEED	2.6.1	CC BY 4.0 (ModelSEED GitHub repository)	open
eaflatoxin	seed	cpd20840	MNXM8257	ModelSEED	2.6.1	CC BY 4.0 (ModelSEED GitHub repository)	open
eandrstrn	inchiKey	QQIVKFZWLZJXJT-DNKQKWOHSA-N	MNXM2595	ModelSEED	2.6.1	CC BY 4.0 (ModelSEED GitHub repository)	open
eandrstrn	seed	cpd03059	MNXM2595	ModelSEED	2.6.1	CC BY 4.0 (ModelSEED GitHub repository)	open
ebastine	inchiKey	MJJALKDDGIKVBE-UHFFFAOYSA-O	MNXM51766	ModelSEED	2.6.1	CC BY 4.0 (ModelSEED GitHub repository)	open
ebastine	seed	cpd31992	MNXM51766	ModelSEED	2.6.1	CC BY 4.0 (ModelSEED GitHub repository)	open
ebastineoh	chebi	chebi:184055	MNXM8725	ChEBI	244	All data non-proprietary or derived from a non-proprietary source; freely accessible and available to anyone	open
egme	inchiKey	QIQNNBXHAYSQRY-UYXSQOIJSA-O	MNXM1104153	ModelSEED	2.6.1	CC BY 4.0 (ModelSEED GitHub repository)	open
egme	seed	cpd09199	MNXM1104153	ModelSEED	2.6.1	CC BY 4.0 (ModelSEED GitHub repository)	open
ei11ecoa	chebi	chebi:74069;chebi:74126	MNXM1103876	ChEBI	244	All data non-proprietary or derived from a non-proprietary source; freely accessible and available to anyone	open
ei11ecoa	inchiKey	ZDRKXADSROCWCG-FVLDFCIYSA-J	MNXM1103876	ModelSEED	2.6.1	CC BY 4.0 (ModelSEED GitHub repository)	open
ei11ecoa	seed	cpd16344;cpd24275	MNXM1103876	ModelSEED	2.6.1	CC BY 4.0 (ModelSEED GitHub repository)	open
eicostet	chebi	chebi:71488;chebi:71563	MNXM8573	ChEBI	244	All data non-proprietary or derived from a non-proprietary source; freely accessible and available to anyone	open
eicostet	inchiKey	HQPCSDADVLFHHO-LTKCOYKYSA-M	MNXM8573	ModelSEED	2.6.1	CC BY 4.0 (ModelSEED GitHub repository)	open
eicostet	seed	cpd25049	MNXM8573	ModelSEED	2.6.1	CC BY 4.0 (ModelSEED GitHub repository)	open
eicostetcoa	chebi	chebi:63542;chebi:74265	MNXM1104574	ChEBI	244	All data non-proprietary or derived from a non-proprietary source; freely accessible and available to anyone	open
eicostetcoa	inchiKey	PLHICYKOPITJJT-QWOXCLFSSA-J	MNXM1104574	ModelSEED	2.6.1	CC BY 4.0 (ModelSEED GitHub repository)	open
eicostetcoa	seed	cpd14885	MNXM1104574	ModelSEED	2.6.1	CC BY 4.0 (ModelSEED GitHub repository)	open
eicostetcrn	chebi	chebi:189711;chebi:73082	MNXM42492	ChEBI	244	All data non-proprietary or derived from a non-proprietary source; freely accessible and available to anyone	open
eitetcoa	chebi	chebi:15514;chebi:57368	MNXM1104493	ChEBI	244	All data non-proprietary or derived from a non-proprietary source; freely accessible and available to anyone	open
eitetcoa	inchiKey	JDEPVTUUCBFJIW-YQVDHACTSA-J	MNXM1104493	ModelSEED	2.6.1	CC BY 4.0 (ModelSEED GitHub repository)	open
eitetcoa	seed	cpd01519	MNXM1104493	ModelSEED	2.6.1	CC BY 4.0 (ModelSEED GitHub repository)	open
elaid	inchiKey	ZQPPMHVWECSIRJ-MDZDMXLPSA-M	MNXM1364394	ModelSEED	2.6.1	CC BY 4.0 (ModelSEED GitHub repository)	open
elaid	seed	cpd01179	MNXM1364394	ModelSEED	2.6.1	CC BY 4.0 (ModelSEED GitHub repository)	open
elaidcrn	chebi	chebi:86038	MNXM8576	ChEBI	244	All data non-proprietary or derived from a non-proprietary source; freely accessible and available to anyone	open
estradiol	inchiKey	VOXZDWNPVJITMN-ZBRFXRBCSA-N	MNXM733896	ModelSEED	2.6.1	CC BY 4.0 (ModelSEED GitHub repository)	open
estradiol	seed	cpd00702	MNXM733896	ModelSEED	2.6.1	CC BY 4.0 (ModelSEED GitHub repository)	open
estradiolglc	inchiKey	MUOHJTRCBBDUOW-QXYWQCSFSA-M	MNXM1363992	ModelSEED	2.6.1	CC BY 4.0 (ModelSEED GitHub repository)	open
estradiolglc	seed	cpd03277	MNXM1363992	ModelSEED	2.6.1	CC BY 4.0 (ModelSEED GitHub repository)	open
estriol	inchiKey	PROQIPRRNZUXQM-ZXXIGWHRSA-N	MNXM2673	ModelSEED	2.6.1	CC BY 4.0 (ModelSEED GitHub repository)	open
estriol	seed	cpd03061	MNXM2673	ModelSEED	2.6.1	CC BY 4.0 (ModelSEED GitHub repository)	open
estriolglc	chebi	chebi:136650;chebi:766	MNXM1103684	ChEBI	244	All data non-proprietary or derived from a non-proprietary source; freely accessible and available to anyone	open
estriolglc	inchiKey	FQYGGFDZJFIDPU-JRSYHJKYSA-M	MNXM1103684	ModelSEED	2.6.1	CC BY 4.0 (ModelSEED GitHub repository)	open
estriolglc	seed	cpd03278	MNXM1103684	ModelSEED	2.6.1	CC BY 4.0 (ModelSEED GitHub repository)	open
estrone	inchiKey	DNXHEGUUPJUMQT-CBZIJGRNSA-N	MNXM734122	ModelSEED	2.6.1	CC BY 4.0 (ModelSEED GitHub repository)	open
estrone	seed	cpd00362	MNXM734122	ModelSEED	2.6.1	CC BY 4.0 (ModelSEED GitHub repository)	open
estroneglc	inchiKey	FJAZVHYPASAQKM-JBAURARKSA-M	MNXM1104134	ModelSEED	2.6.1	CC BY 4.0 (ModelSEED GitHub repository)	open
estroneglc	seed	cpd08015	MNXM1104134	ModelSEED	2.6.1	CC BY 4.0 (ModelSEED GitHub repository)	open
estrones	inchiKey	JKKFKPJIXZFSSB-CBZIJGRNSA-M	MNXM727399	ModelSEED	2.6.1	CC BY 4.0 (ModelSEED GitHub repository)	open
estrones	seed	cpd01669	MNXM727399	ModelSEED	2.6.1	CC BY 4.0 (ModelSEED GitHub repository)	open
etha	inchiKey	HZAXFHJVJLSVMW-UHFFFAOYSA-O	MNXM218	ModelSEED	2.6.1	CC BY 4.0 (ModelSEED GitHub repository)	open
ethamp	inchiKey	SUHOOTKUPISOBE-UHFFFAOYSA-M	MNXM187	ModelSEED	2.6.1	CC BY 4.0 (ModelSEED GitHub repository)	open
ethamp	seed	cpd00285	MNXM187	ModelSEED	2.6.1	CC BY 4.0 (ModelSEED GitHub repository)	open
ethmalac	chebi	chebi:132938;chebi:132939;chebi:741548	MNXM52829	ChEBI	244	All data non-proprietary or derived from a non-proprietary source; freely accessible and available to anyone	open
etoh	inchiKey	LFQSCWFLJHTTHZ-UHFFFAOYSA-N	MNXM1108092	ModelSEED	2.6.1	CC BY 4.0 (ModelSEED GitHub repository)	open
etoh	seed	cpd00363	MNXM1108092	ModelSEED	2.6.1	CC BY 4.0 (ModelSEED GitHub repository)	open
f26bp	inchiKey	YXWOAJXNVLXPMU-ZXXMMSQZSA-J	MNXM739220	ModelSEED	2.6.1	CC BY 4.0 (ModelSEED GitHub repository)	open
f26bp	seed	cpd00503	MNXM739220	ModelSEED	2.6.1	CC BY 4.0 (ModelSEED GitHub repository)	open
f6p	inchiKey	GSXOAOHZAIYLCY-HSUXUTPPSA-L	MNXM89629	ModelSEED	2.6.1	CC BY 4.0 (ModelSEED GitHub repository)	open
f6p	seed	cpd36209	MNXM89629	ModelSEED	2.6.1	CC BY 4.0 (ModelSEED GitHub repository)	open
fad	inchiKey	IMGVNJNCCGXBHD-UYBVJOGSSA-K	MNXM1364149	ModelSEED	2.6.1	CC BY 4.0 (ModelSEED GitHub repository)	open
fad	seed	cpd00015	MNXM1364149	ModelSEED	2.6.1	CC BY 4.0 (ModelSEED GitHub repository)	open
fadh2	inchiKey	YPZRHBJKEMOYQH-UYBVJOGSSA-L	MNXM1105762	ModelSEED	2.6.1	CC BY 4.0 (ModelSEED GitHub repository)	open
fadh2	seed	cpd00982	MNXM1105762	ModelSEED	2.6.1	CC BY 4.0 (ModelSEED GitHub repository)	open
fald	inchiKey	WSFSSNUMVMOOMR-UHFFFAOYSA-N	MNXM1364673	ModelSEED	2.6.1	CC BY 4.0 (ModelSEED GitHub repository)	open
fald	seed	cpd00055	MNXM1364673	ModelSEED	2.6.1	CC BY 4.0 (ModelSEED GitHub repository)	open
fdp	inchiKey	RNBGYGVWRKECFJ-VRPWFDPXSA-J	MNXM1364229	ModelSEED	2.6.1	CC BY 4.0 (ModelSEED GitHub repository)	open
fdp	seed	cpd00290;cpd19036	MNXM1364229	ModelSEED	2.6.1	CC BY 4.0 (ModelSEED GitHub repository)	open
fe2	inchiKey	CWYNVVGOOAEACU-UHFFFAOYSA-N	MNXM1370983	ModelSEED	2.6.1	CC BY 4.0 (ModelSEED GitHub repository)	open
fe3	inchiKey	VTLYFUHAOXGGBS-UHFFFAOYSA-N	MNXM1370984	ModelSEED	2.6.1	CC BY 4.0 (ModelSEED GitHub repository)	open
fgam	inchiKey	VDXLUNDMVKSKHO-XVFCMESISA-L	MNXM1094915	ModelSEED	2.6.1	CC BY 4.0 (ModelSEED GitHub repository)	open
fgam	seed	cpd02678	MNXM1094915	ModelSEED	2.6.1	CC BY 4.0 (ModelSEED GitHub repository)	open
fmn	inchiKey	ANKZYBDXHMZBDK-SCRDCRAPSA-K	MNXM1364147	ModelSEED	2.6.1	CC BY 4.0 (ModelSEED GitHub repository)	open
fmn	seed	cpd00050	MNXM1364147	ModelSEED	2.6.1	CC BY 4.0 (ModelSEED GitHub repository)	open
fna5moxam	chebi	chebi:194285	MNXM730865	ChEBI	244	All data non-proprietary or derived from a non-proprietary source; freely accessible and available to anyone	open
fna5moxam	inchiKey	JYWNYMJKURVPFH-UHFFFAOYSA-N	MNXM730865	ModelSEED	2.6.1	CC BY 4.0 (ModelSEED GitHub repository)	open
fna5moxam	seed	cpd03353	MNXM730865	ModelSEED	2.6.1	CC BY 4.0 (ModelSEED GitHub repository)	open
fol	inchiKey	OVBPIULPVIDEAO-LBPRGKRZSA-L	MNXM617	ModelSEED	2.6.1	CC BY 4.0 (ModelSEED GitHub repository)	open
for	inchiKey	BDAGIHXWWSANSR-UHFFFAOYSA-M	MNXM39	ModelSEED	2.6.1	CC BY 4.0 (ModelSEED GitHub repository)	open
forglu	inchiKey	NRXIKWMTVXPVEF-BYPYZUCNSA-M	MNXM496	ModelSEED	2.6.1	CC BY 4.0 (ModelSEED GitHub repository)	open
forglu	seed	cpd00344	MNXM496	ModelSEED	2.6.1	CC BY 4.0 (ModelSEED GitHub repository)	open
formcoa	inchiKey	SXMOKYXNAPLNCW-GORZOVPNSA-J	MNXM738242	ModelSEED	2.6.1	CC BY 4.0 (ModelSEED GitHub repository)	open
formcoa	seed	cpd00592	MNXM738242	ModelSEED	2.6.1	CC BY 4.0 (ModelSEED GitHub repository)	open
fpram	inchiKey	PMCOGCVKOAOZQM-XVFCMESISA-M	MNXM1363644	ModelSEED	2.6.1	CC BY 4.0 (ModelSEED GitHub repository)	open
fpram	seed	cpd02826	MNXM1363644	ModelSEED	2.6.1	CC BY 4.0 (ModelSEED GitHub repository)	open
fprica	inchiKey	ABCOOORLYAOBOZ-KQYNXXCUSA-L	MNXM1104518	ModelSEED	2.6.1	CC BY 4.0 (ModelSEED GitHub repository)	open
fprica	seed	cpd02884	MNXM1104518	ModelSEED	2.6.1	CC BY 4.0 (ModelSEED GitHub repository)	open
frdp	inchiKey	VWFJDQUYCIWHTN-YFVJMOTDSA-L	MNXM1363833	ModelSEED	2.6.1	CC BY 4.0 (ModelSEED GitHub repository)	open
frdp	seed	cpd00350	MNXM1363833	ModelSEED	2.6.1	CC BY 4.0 (ModelSEED GitHub repository)	open
fru	inchiKey	RFSUNEUAIZKAJO-ARQDHWQXSA-N	MNXM1364098	ModelSEED	2.6.1	CC BY 4.0 (ModelSEED GitHub repository)	open
fuc132galacglcgal14acglcgalgluside_hs	chebi	chebi:28645	MNXM1364098	ChEBI	244	All data non-proprietary or derived from a non-proprietary source; freely accessible and available to anyone	open
fuc132galacglcgal14acglcgalgluside_hs	inchiKey	RFSUNEUAIZKAJO-ARQDHWQXSA-N	MNXM1364098	ModelSEED	2.6.1	CC BY 4.0 (ModelSEED GitHub repository)	open
fuc132galacglcgal14acglcgalgluside_hs	seed	cpd30321	MNXM1364098	ModelSEED	2.6.1	CC BY 4.0 (ModelSEED GitHub repository)	open
fuc13galacglcgal14acglcgalgluside_hs	chebi	chebi:28645	MNXM1364098	ChEBI	244	All data non-proprietary or derived from a non-proprietary source; freely accessible and available to anyone	open
fuc13galacglcgal14acglcgalgluside_hs	inchiKey	RFSUNEUAIZKAJO-ARQDHWQXSA-N	MNXM1364098	ModelSEED	2.6.1	CC BY 4.0 (ModelSEED GitHub repository)	open
fuc13galacglcgal14acglcgalgluside_hs	seed	cpd30321	MNXM1364098	ModelSEED	2.6.1	CC BY 4.0 (ModelSEED GitHub repository)	open
fuc1p_L	inchiKey	PTVXQARCLQPGIR-SXUWKVJYSA-L	MNXM1107990	ModelSEED	2.6.1	CC BY 4.0 (ModelSEED GitHub repository)	open
fuc_L	inchiKey	SHZGCJCMOBCMKK-DHVFOXMCSA-N	MNXM1364298	ModelSEED	2.6.1	CC BY 4.0 (ModelSEED GitHub repository)	open
fuc_L	seed	cpd00751;cpd22637;cpd27358	MNXM1364298	ModelSEED	2.6.1	CC BY 4.0 (ModelSEED GitHub repository)	open
fucacgalfucgalacglcgalgluside_hs	chebi	chebi:2181;chebi:42548	MNXM1364298	ChEBI	244	All data non-proprietary or derived from a non-proprietary source; freely accessible and available to anyone	open
fucacgalfucgalacglcgalgluside_hs	inchiKey	SHZGCJCMOBCMKK-DHVFOXMCSA-N	MNXM1364298	ModelSEED	2.6.1	CC BY 4.0 (ModelSEED GitHub repository)	open
fucacgalfucgalacglcgalgluside_hs	seed	cpd00751;cpd22637;cpd27358	MNXM1364298	ModelSEED	2.6.1	CC BY 4.0 (ModelSEED GitHub repository)	open
fucacngal14acglcgalgluside_hs	chebi	chebi:2181;chebi:42548	MNXM1364298	ChEBI	244	All data non-proprietary or derived from a non-proprietary source; freely accessible and available to anyone	open
fucacngal14acglcgalgluside_hs	inchiKey	SHZGCJCMOBCMKK-DHVFOXMCSA-N	MNXM1364298	ModelSEED	2.6.1	CC BY 4.0 (ModelSEED GitHub repository)	open
fucacngal14acglcgalgluside_hs	seed	cpd00751;cpd22637;cpd27358	MNXM1364298	ModelSEED	2.6.1	CC BY 4.0 (ModelSEED GitHub repository)	open
fucgalacgalfuc12gal14acglcgalgluside_hs	chebi	chebi:2181;chebi:42548	MNXM1364298	ChEBI	244	All data non-proprietary or derived from a non-proprietary source; freely accessible and available to anyone	open
fucgalacgalfuc12gal14acglcgalgluside_hs	inchiKey	SHZGCJCMOBCMKK-DHVFOXMCSA-N	MNXM1364298	ModelSEED	2.6.1	CC BY 4.0 (ModelSEED GitHub repository)	open
fucgalacgalfuc12gal14acglcgalgluside_hs	seed	cpd00751;cpd22637;cpd27358	MNXM1364298	ModelSEED	2.6.1	CC BY 4.0 (ModelSEED GitHub repository)	open
fucgalacglcgal14acglcgalgluside_hs	chebi	chebi:2181;chebi:42548	MNXM1364298	ChEBI	244	All data non-proprietary or derived from a non-proprietary source; freely accessible and available to anyone	open
fucgalacglcgal14acglcgalgluside_hs	inchiKey	SHZGCJCMOBCMKK-DHVFOXMCSA-N	MNXM1364298	ModelSEED	2.6.1	CC BY 4.0 (ModelSEED GitHub repository)	open
fucgalacglcgal14acglcgalgluside_hs	seed	cpd00751;cpd22637;cpd27358	MNXM1364298	ModelSEED	2.6.1	CC BY 4.0 (ModelSEED GitHub repository)	open
fum	inchiKey	VZCYOOQTPOCHFL-OWOJBTEDSA-L	MNXM737340	ModelSEED	2.6.1	CC BY 4.0 (ModelSEED GitHub repository)	open
fvs	chebi	chebi:38565;chebi:77600	MNXM1368308	ChEBI	244	All data non-proprietary or derived from a non-proprietary source; freely accessible and available to anyone	open
g1p	inchiKey	HXXFSFRBOHSIMQ-GASJEMHNSA-L	MNXM1364212	ModelSEED	2.6.1	CC BY 4.0 (ModelSEED GitHub repository)	open
g1p	seed	cpd36413	MNXM1364212	ModelSEED	2.6.1	CC BY 4.0 (ModelSEED GitHub repository)	open
g3p	inchiKey	LXJXRIRHZLFYRP-VKHMYHEASA-L	MNXM1372045	ModelSEED	2.6.1	CC BY 4.0 (ModelSEED GitHub repository)	open
g3p	seed	cpd00102	MNXM1372045	ModelSEED	2.6.1	CC BY 4.0 (ModelSEED GitHub repository)	open
g3pc	inchiKey	SUHOQUVVVLNYQR-MRVPVSSYSA-N	MNXM1369256	ModelSEED	2.6.1	CC BY 4.0 (ModelSEED GitHub repository)	open
g3pc	seed	cpd00507	MNXM1369256	ModelSEED	2.6.1	CC BY 4.0 (ModelSEED GitHub repository)	open
g6p	inchiKey	NBSCHQHZLSJFNQ-GASJEMHNSA-L	MNXM1364111	ModelSEED	2.6.1	CC BY 4.0 (ModelSEED GitHub repository)	open
gal	inchiKey	WQZGKKKJIJFFOK-PHYPRBDBSA-N	MNXM1364486	ModelSEED	2.6.1	CC BY 4.0 (ModelSEED GitHub repository)	open
gal1p	chebi	chebi:17973;chebi:37480;chebi:58336	MNXM1364213	ChEBI	244	All data non-proprietary or derived from a non-proprietary source; freely accessible and available to anyone	open
gal1p	inchiKey	HXXFSFRBOHSIMQ-FPRJBGLDSA-L	MNXM1364213	ModelSEED	2.6.1	CC BY 4.0 (ModelSEED GitHub repository)	open
gal1p	seed	cpd00348;cpd19025	MNXM1364213	ModelSEED	2.6.1	CC BY 4.0 (ModelSEED GitHub repository)	open
galacglc13galacglcgal14acglcgalgluside_hs	chebi	chebi:17973;chebi:37480;chebi:58336	MNXM1364213	ChEBI	244	All data non-proprietary or derived from a non-proprietary source; freely accessible and available to anyone	open
galacglc13galacglcgal14acglcgalgluside_hs	inchiKey	HXXFSFRBOHSIMQ-FPRJBGLDSA-L	MNXM1364213	ModelSEED	2.6.1	CC BY 4.0 (ModelSEED GitHub repository)	open
galacglc13galacglcgal14acglcgalgluside_hs	seed	cpd00348;cpd19025	MNXM1364213	ModelSEED	2.6.1	CC BY 4.0 (ModelSEED GitHub repository)	open
galacglcgal14acglcgalgluside_hs	chebi	chebi:17973;chebi:37480;chebi:58336	MNXM1364213	ChEBI	244	All data non-proprietary or derived from a non-proprietary source; freely accessible and available to anyone	open
galacglcgal14acglcgalgluside_hs	inchiKey	HXXFSFRBOHSIMQ-FPRJBGLDSA-L	MNXM1364213	ModelSEED	2.6.1	CC BY 4.0 (ModelSEED GitHub repository)	open
galacglcgal14acglcgalgluside_hs	seed	cpd00348;cpd19025	MNXM1364213	ModelSEED	2.6.1	CC BY 4.0 (ModelSEED GitHub repository)	open
galam	inchiKey	MSWZFWKMSRAUBD-GASJEMHNSA-O	MNXM1105683	ModelSEED	2.6.1	CC BY 4.0 (ModelSEED GitHub repository)	open
galam	seed	cpd01524	MNXM1105683	ModelSEED	2.6.1	CC BY 4.0 (ModelSEED GitHub repository)	open
galt	inchiKey	FBPFZTCFMRRESA-GUCUJZIJSA-N	MNXM1233	ModelSEED	2.6.1	CC BY 4.0 (ModelSEED GitHub repository)	open
gam	inchiKey	MSWZFWKMSRAUBD-IVMDWMLBSA-O	MNXM1105684	ModelSEED	2.6.1	CC BY 4.0 (ModelSEED GitHub repository)	open
gam	seed	cpd00276;cpd05263;cpd27103	MNXM1105684	ModelSEED	2.6.1	CC BY 4.0 (ModelSEED GitHub repository)	open
gam6p	inchiKey	XHMJOUIAFHJHBW-IVMDWMLBSA-M	MNXM1104065	ModelSEED	2.6.1	CC BY 4.0 (ModelSEED GitHub repository)	open
gam6p	seed	cpd00288;cpd23898	MNXM1104065	ModelSEED	2.6.1	CC BY 4.0 (ModelSEED GitHub repository)	open
gar	inchiKey	OBQMLSFOUZUIOB-SHUUEZRQSA-M	MNXM1104522	ModelSEED	2.6.1	CC BY 4.0 (ModelSEED GitHub repository)	open
gar	seed	cpd02394	MNXM1104522	ModelSEED	2.6.1	CC BY 4.0 (ModelSEED GitHub repository)	open
gcald	inchiKey	WGCNASOHLSPBMP-UHFFFAOYSA-N	MNXM734590	ModelSEED	2.6.1	CC BY 4.0 (ModelSEED GitHub repository)	open
gcald	seed	cpd00229	MNXM734590	ModelSEED	2.6.1	CC BY 4.0 (ModelSEED GitHub repository)	open
gchola	inchiKey	RFDAIACWWDREDC-FRVQLJSFSA-M	MNXM1371202	ModelSEED	2.6.1	CC BY 4.0 (ModelSEED GitHub repository)	open
gchola	seed	cpd01318	MNXM1371202	ModelSEED	2.6.1	CC BY 4.0 (ModelSEED GitHub repository)	open
gdp	inchiKey	QGWNDRXFNXRZMB-UUOKFMHZSA-L	MNXM1103285	ModelSEED	2.6.1	CC BY 4.0 (ModelSEED GitHub repository)	open
gdp	seed	cpd00031	MNXM1103285	ModelSEED	2.6.1	CC BY 4.0 (ModelSEED GitHub repository)	open
gdpddman	inchiKey	PNHLMHWWFOPQLK-LCYPLHFISA-L	MNXM1104155	ModelSEED	2.6.1	CC BY 4.0 (ModelSEED GitHub repository)	open
gdpddman	seed	cpd00900	MNXM1104155	ModelSEED	2.6.1	CC BY 4.0 (ModelSEED GitHub repository)	open
gdpfuc	inchiKey	LQEBEXMHBLQMDB-QIXZNPMTSA-L	MNXM1364175	ModelSEED	2.6.1	CC BY 4.0 (ModelSEED GitHub repository)	open
gdpfuc	seed	cpd27127	MNXM1364175	ModelSEED	2.6.1	CC BY 4.0 (ModelSEED GitHub repository)	open
gdpmann	inchiKey	MVMSCBBUIHUTGJ-WONUKNIPSA-L	MNXM1104188	ModelSEED	2.6.1	CC BY 4.0 (ModelSEED GitHub repository)	open
gdpmann	seed	cpd00083	MNXM1104188	ModelSEED	2.6.1	CC BY 4.0 (ModelSEED GitHub repository)	open
glac	inchiKey	UYUXSRADSPPKRZ-SKNVOMKLSA-N	MNXM1105901	ModelSEED	2.6.1	CC BY 4.0 (ModelSEED GitHub repository)	open
glac	seed	cpd01735	MNXM1105901	ModelSEED	2.6.1	CC BY 4.0 (ModelSEED GitHub repository)	open
glc_D	inchiKey	WQZGKKKJIJFFOK-GASJEMHNSA-N	MNXM1364061	ModelSEED	2.6.1	CC BY 4.0 (ModelSEED GitHub repository)	open
glc_D	seed	cpd00027	MNXM1364061	ModelSEED	2.6.1	CC BY 4.0 (ModelSEED GitHub repository)	open
glcn	inchiKey	RGHNJXZEOKUKBD-SQOUGZDYSA-M	MNXM341	ModelSEED	2.6.1	CC BY 4.0 (ModelSEED GitHub repository)	open
glcr	inchiKey	DSLZVSRJTYRBFB-LLEIAEIESA-L	MNXM1107695	ModelSEED	2.6.1	CC BY 4.0 (ModelSEED GitHub repository)	open
glcur	inchiKey	AEMOLEFTQBMNLQ-AQKNRBDQSA-M	MNXM1105765	ModelSEED	2.6.1	CC BY 4.0 (ModelSEED GitHub repository)	open
glcur1p	inchiKey	AIQDYKMWENWVQJ-QIUUJYRFSA-K	MNXM1103867	ModelSEED	2.6.1	CC BY 4.0 (ModelSEED GitHub repository)	open
glcur1p	seed	cpd00880;cpd03191	MNXM1103867	ModelSEED	2.6.1	CC BY 4.0 (ModelSEED GitHub repository)	open
gln_L	inchiKey	ZDXPYRJPNDTMRX-VKHMYHEASA-N	MNXM37	ModelSEED	2.6.1	CC BY 4.0 (ModelSEED GitHub repository)	open
glnhislys	chebi	chebi:162200	MNXM744707	ChEBI	244	All data non-proprietary or derived from a non-proprietary source; freely accessible and available to anyone	open
glnlyslys	chebi	chebi:162318	MNXM744708	ChEBI	244	All data non-proprietary or derived from a non-proprietary source; freely accessible and available to anyone	open
glnlystrp	chebi	chebi:162330	MNXM744709	ChEBI	244	All data non-proprietary or derived from a non-proprietary source; freely accessible and available to anyone	open
glu5p	inchiKey	PJRXVIJAERNUIP-VKHMYHEASA-L	MNXM1280	ModelSEED	2.6.1	CC BY 4.0 (ModelSEED GitHub repository)	open
glu5p	seed	cpd02097	MNXM1280	ModelSEED	2.6.1	CC BY 4.0 (ModelSEED GitHub repository)	open
glu5sa	inchiKey	KABXUUFDPUOJMW-BYPYZUCNSA-N	MNXM1093051	ModelSEED	2.6.1	CC BY 4.0 (ModelSEED GitHub repository)	open
glu5sa	seed	cpd00858	MNXM1093051	ModelSEED	2.6.1	CC BY 4.0 (ModelSEED GitHub repository)	open
glu_L	inchiKey	WHUUTDBJXJRKMK-VKHMYHEASA-M	MNXM741173	ModelSEED	2.6.1	CC BY 4.0 (ModelSEED GitHub repository)	open
gluala	seed	cpd15236	MNXM1105815	ModelSEED	2.6.1	CC BY 4.0 (ModelSEED GitHub repository)	open
glucys	inchiKey	RITKHVBHSGLULN-WHFBIAKZSA-M	MNXM735669	ModelSEED	2.6.1	CC BY 4.0 (ModelSEED GitHub repository)	open
glucys	seed	cpd00506	MNXM735669	ModelSEED	2.6.1	CC BY 4.0 (ModelSEED GitHub repository)	open
gluside_hs	chebi	chebi:185325	MNXM1371888	ChEBI	244	All data non-proprietary or derived from a non-proprietary source; freely accessible and available to anyone	open
glutar	inchiKey	JFCQEDHGNNZCLN-UHFFFAOYSA-L	MNXM1021	ModelSEED	2.6.1	CC BY 4.0 (ModelSEED GitHub repository)	open
glutar	seed	cpd00379	MNXM1021	ModelSEED	2.6.1	CC BY 4.0 (ModelSEED GitHub repository)	open
glutcoa	inchiKey	SYKWLIJQEHRDNH-CKRMAKSASA-I	MNXM1104451	ModelSEED	2.6.1	CC BY 4.0 (ModelSEED GitHub repository)	open
glutcoa	seed	cpd00413	MNXM1104451	ModelSEED	2.6.1	CC BY 4.0 (ModelSEED GitHub repository)	open
glutcon	chebi	chebi:15670;chebi:36460	MNXM733969	ChEBI	244	All data non-proprietary or derived from a non-proprietary source; freely accessible and available to anyone	open
glutcon	inchiKey	XVOUMQNXTGKGMA-OWOJBTEDSA-L	MNXM733969	ModelSEED	2.6.1	CC BY 4.0 (ModelSEED GitHub repository)	open
glutcon	seed	cpd01492	MNXM733969	ModelSEED	2.6.1	CC BY 4.0 (ModelSEED GitHub repository)	open
glutrpala	chebi	chebi:163291	MNXM744722	ChEBI	244	All data non-proprietary or derived from a non-proprietary source; freely accessible and available to anyone	open
glx	inchiKey	HHLFWLYXYJOTON-UHFFFAOYSA-M	MNXM69	ModelSEED	2.6.1	CC BY 4.0 (ModelSEED GitHub repository)	open
glx	seed	cpd00040	MNXM69	ModelSEED	2.6.1	CC BY 4.0 (ModelSEED GitHub repository)	open
gly	inchiKey	DHMQDGOQFOQNFH-UHFFFAOYSA-N	MNXM29	ModelSEED	2.6.1	CC BY 4.0 (ModelSEED GitHub repository)	open
glyald	inchiKey	MNQZXJOMYWMBOU-VKHMYHEASA-N	MNXM435	ModelSEED	2.6.1	CC BY 4.0 (ModelSEED GitHub repository)	open
glyald	seed	cpd00448	MNXM435	ModelSEED	2.6.1	CC BY 4.0 (ModelSEED GitHub repository)	open
glyb	inchiKey	KWIUHFFTVRNATP-UHFFFAOYSA-N	MNXM289	ModelSEED	2.6.1	CC BY 4.0 (ModelSEED GitHub repository)	open
glyc	inchiKey	PEDCQBHIVMGVHV-UHFFFAOYSA-N	MNXM89612	ModelSEED	2.6.1	CC BY 4.0 (ModelSEED GitHub repository)	open
glyc2p	chebi	chebi:17270;chebi:58083	MNXM2527	ChEBI	244	All data non-proprietary or derived from a non-proprietary source; freely accessible and available to anyone	open
glyc2p	inchiKey	DHCLVCXQIBBOPH-UHFFFAOYSA-L	MNXM2527	ModelSEED	2.6.1	CC BY 4.0 (ModelSEED GitHub repository)	open
glyc2p	seed	cpd01908	MNXM2527	ModelSEED	2.6.1	CC BY 4.0 (ModelSEED GitHub repository)	open
glyc3p	inchiKey	AWUCVROLDVIAJX-GSVOUGTGSA-L	MNXM66	ModelSEED	2.6.1	CC BY 4.0 (ModelSEED GitHub repository)	open
glyc_R	inchiKey	RBNPOMFGQQGHHO-UWTATZPHSA-M	MNXM1136254	ModelSEED	2.6.1	CC BY 4.0 (ModelSEED GitHub repository)	open
glyc_R	seed	cpd00223	MNXM1136254	ModelSEED	2.6.1	CC BY 4.0 (ModelSEED GitHub repository)	open
glyc_S	chebi	chebi:74324	MNXM147340	ChEBI	244	All data non-proprietary or derived from a non-proprietary source; freely accessible and available to anyone	open
glyclt	inchiKey	AEMRFAOFKBGASW-UHFFFAOYSA-M	MNXM222	ModelSEED	2.6.1	CC BY 4.0 (ModelSEED GitHub repository)	open
glygly	chebi	chebi:17201;chebi:356445	MNXM727715	ChEBI	244	All data non-proprietary or derived from a non-proprietary source; freely accessible and available to anyone	open
glygly	inchiKey	YMAWOPBAYDPSLA-UHFFFAOYSA-N	MNXM727715	ModelSEED	2.6.1	CC BY 4.0 (ModelSEED GitHub repository)	open
glygly	seed	cpd01391	MNXM727715	ModelSEED	2.6.1	CC BY 4.0 (ModelSEED GitHub repository)	open
glyleu	inchiKey	DKEXFJVMVGETOO-LURJTMIESA-N	MNXM126241	ModelSEED	2.6.1	CC BY 4.0 (ModelSEED GitHub repository)	open
glyphe	chebi	chebi:137014	MNXM739788	ChEBI	244	All data non-proprietary or derived from a non-proprietary source; freely accessible and available to anyone	open
glypro	inchiKey	KZNQNBZMBZJQJO-YFKPBYRVSA-N	MNXM727167	ModelSEED	2.6.1	CC BY 4.0 (ModelSEED GitHub repository)	open
glysar	chebi	chebi:155838;chebi:155876	MNXM55458	ChEBI	244	All data non-proprietary or derived from a non-proprietary source; freely accessible and available to anyone	open
glysar	inchiKey	VYAMLSCELQQRAE-UHFFFAOYSA-N	MNXM55458	ModelSEED	2.6.1	CC BY 4.0 (ModelSEED GitHub repository)	open
glysar	seed	cpd26332	MNXM55458	ModelSEED	2.6.1	CC BY 4.0 (ModelSEED GitHub repository)	open
glz	chebi	chebi:31654	MNXM55072	ChEBI	244	All data non-proprietary or derived from a non-proprietary source; freely accessible and available to anyone	open
gmp	inchiKey	RQFCJASXJCIDSX-UUOKFMHZSA-L	MNXM1101285	ModelSEED	2.6.1	CC BY 4.0 (ModelSEED GitHub repository)	open
gmp	seed	cpd00126	MNXM1101285	ModelSEED	2.6.1	CC BY 4.0 (ModelSEED GitHub repository)	open
grdp	inchiKey	GVVPGTZRZFNKDS-JXMROGBWSA-L	MNXM100	ModelSEED	2.6.1	CC BY 4.0 (ModelSEED GitHub repository)	open
grdp	seed	cpd00283;cpd03476	MNXM100	ModelSEED	2.6.1	CC BY 4.0 (ModelSEED GitHub repository)	open
gsn	inchiKey	NYHBQMYGNKIUIF-UUOKFMHZSA-N	MNXM1103400	ModelSEED	2.6.1	CC BY 4.0 (ModelSEED GitHub repository)	open
gthox	inchiKey	YPZRWBKMTBYPTK-BJDJZHNGSA-L	MNXM1371191	ModelSEED	2.6.1	CC BY 4.0 (ModelSEED GitHub repository)	open
gthox	seed	cpd00111	MNXM1371191	ModelSEED	2.6.1	CC BY 4.0 (ModelSEED GitHub repository)	open
gthrd	inchiKey	RWSXRVCMGQZWBV-WDSKDSINSA-M	MNXM490899	ModelSEED	2.6.1	CC BY 4.0 (ModelSEED GitHub repository)	open
gthrd	seed	cpd00042	MNXM490899	ModelSEED	2.6.1	CC BY 4.0 (ModelSEED GitHub repository)	open
gtp	inchiKey	XKMLYUALXHKNFT-UUOKFMHZSA-K	MNXM1103553	ModelSEED	2.6.1	CC BY 4.0 (ModelSEED GitHub repository)	open
gtp	seed	cpd00038	MNXM1103553	ModelSEED	2.6.1	CC BY 4.0 (ModelSEED GitHub repository)	open
gua	inchiKey	UYTPUPDQBNUYGX-UHFFFAOYSA-N	MNXM733114	ModelSEED	2.6.1	CC BY 4.0 (ModelSEED GitHub repository)	open
gua	seed	cpd00207	MNXM733114	ModelSEED	2.6.1	CC BY 4.0 (ModelSEED GitHub repository)	open
gudac	inchiKey	BPMFZUMJYQTVII-UHFFFAOYSA-N	MNXM730869	ModelSEED	2.6.1	CC BY 4.0 (ModelSEED GitHub repository)	open
gudac	seed	cpd00451	MNXM730869	ModelSEED	2.6.1	CC BY 4.0 (ModelSEED GitHub repository)	open
gullac	inchiKey	SXZYCXMUPBBULW-SKNVOMKLSA-N	MNXM1105120	ModelSEED	2.6.1	CC BY 4.0 (ModelSEED GitHub repository)	open
gullac	seed	cpd00765	MNXM1105120	ModelSEED	2.6.1	CC BY 4.0 (ModelSEED GitHub repository)	open
guln	inchiKey	RGHNJXZEOKUKBD-QTBDOELSSA-M	MNXM1927	ModelSEED	2.6.1	CC BY 4.0 (ModelSEED GitHub repository)	open
guln	seed	cpd00594	MNXM1927	ModelSEED	2.6.1	CC BY 4.0 (ModelSEED GitHub repository)	open
h	inchiKey	GPRLSGONYQIRFK-UHFFFAOYSA-N	MNXM1	ModelSEED	2.6.1	CC BY 4.0 (ModelSEED GitHub repository)	open
h2co3	inchiKey	BVKZGUZCCUSVTD-UHFFFAOYSA-M	MNXM1094693	ModelSEED	2.6.1	CC BY 4.0 (ModelSEED GitHub repository)	open
h2co3	seed	cpd00242	MNXM1094693	ModelSEED	2.6.1	CC BY 4.0 (ModelSEED GitHub repository)	open
h2o	inchiKey	XLYOFNOQVPJJNP-UHFFFAOYSA-N	WATER	ModelSEED	2.6.1	CC BY 4.0 (ModelSEED GitHub repository)	open
h2o2	inchiKey	MHAJPDPJQMAIIY-UHFFFAOYSA-N	MNXM732620	ModelSEED	2.6.1	CC BY 4.0 (ModelSEED GitHub repository)	open
h2o2	seed	cpd00025	MNXM732620	ModelSEED	2.6.1	CC BY 4.0 (ModelSEED GitHub repository)	open
hLkynr	inchiKey	VCKPUUFAIGNJHC-LURJTMIESA-N	MNXM728564	ModelSEED	2.6.1	CC BY 4.0 (ModelSEED GitHub repository)	open
hLkynr	seed	cpd01804;cpd02065	MNXM728564	ModelSEED	2.6.1	CC BY 4.0 (ModelSEED GitHub repository)	open
ha_pre1	inchiKey	DLGJWSVWTWEWBJ-ZDLRKIOHSA-M	MNXM1106091	ModelSEED	2.6.1	CC BY 4.0 (ModelSEED GitHub repository)	open
ha_pre1	seed	cpd02913	MNXM1106091	ModelSEED	2.6.1	CC BY 4.0 (ModelSEED GitHub repository)	open
hco3	inchiKey	BVKZGUZCCUSVTD-UHFFFAOYSA-M	MNXM1094693	ModelSEED	2.6.1	CC BY 4.0 (ModelSEED GitHub repository)	open
hco3	seed	cpd00242	MNXM1094693	ModelSEED	2.6.1	CC BY 4.0 (ModelSEED GitHub repository)	open
hcoumarin	inchiKey	ORHBXUUXSCNDEV-UHFFFAOYSA-N	MNXM2293	ModelSEED	2.6.1	CC BY 4.0 (ModelSEED GitHub repository)	open
hcoumarin	seed	cpd06210	MNXM2293	ModelSEED	2.6.1	CC BY 4.0 (ModelSEED GitHub repository)	open
hcys_L	inchiKey	FFFHZYDWPBMWHY-VKHMYHEASA-N	MNXM123	ModelSEED	2.6.1	CC BY 4.0 (ModelSEED GitHub repository)	open
hcys_L	seed	cpd00135;cpd19034	MNXM123	ModelSEED	2.6.1	CC BY 4.0 (ModelSEED GitHub repository)	open
hdca	inchiKey	IPCSVZSSVZVIGE-UHFFFAOYSA-M	MNXM108	ModelSEED	2.6.1	CC BY 4.0 (ModelSEED GitHub repository)	open
hdcea	inchiKey	SECPZKHBENQXJG-FPLPWBNLSA-M	MNXM1107900	ModelSEED	2.6.1	CC BY 4.0 (ModelSEED GitHub repository)	open
hdcea	seed	cpd05274	MNXM1107900	ModelSEED	2.6.1	CC BY 4.0 (ModelSEED GitHub repository)	open
hdcecrn	chebi	chebi:17490	MNXM730425	ChEBI	244	All data non-proprietary or derived from a non-proprietary source; freely accessible and available to anyone	open
hdcecrn	inchiKey	XOMRRQXKHMYMOC-OAQYLSRUSA-N	MNXM730425	ModelSEED	2.6.1	CC BY 4.0 (ModelSEED GitHub repository)	open
hdcecrn	seed	cpd01915	MNXM730425	ModelSEED	2.6.1	CC BY 4.0 (ModelSEED GitHub repository)	open
hdcoa	inchiKey	QBYOCCWNZAOZTL-MDMKAECGSA-J	MNXM1364251	ModelSEED	2.6.1	CC BY 4.0 (ModelSEED GitHub repository)	open
hdcoa	seed	cpd22622	MNXM1364251	ModelSEED	2.6.1	CC BY 4.0 (ModelSEED GitHub repository)	open
hdd2coa	inchiKey	JUPAQFRKPHPXLD-MSHHSVQMSA-J	MNXM1104633	ModelSEED	2.6.1	CC BY 4.0 (ModelSEED GitHub repository)	open
hdd2coa	seed	cpd03126	MNXM1104633	ModelSEED	2.6.1	CC BY 4.0 (ModelSEED GitHub repository)	open
hdd2crn	chebi	chebi:86031	MNXM9167	ChEBI	244	All data non-proprietary or derived from a non-proprietary source; freely accessible and available to anyone	open
hepcoa	chebi	chebi:37283;chebi:78811	MNXM1104615	ChEBI	244	All data non-proprietary or derived from a non-proprietary source; freely accessible and available to anyone	open
hepcoa	inchiKey	CHVYGJMBUXUTSX-SVHODSNWSA-J	MNXM1104615	ModelSEED	2.6.1	CC BY 4.0 (ModelSEED GitHub repository)	open
hepcoa	seed	cpd35246	MNXM1104615	ModelSEED	2.6.1	CC BY 4.0 (ModelSEED GitHub repository)	open
hepdeceth	chebi	chebi:165587	MNXM61170	ChEBI	244	All data non-proprietary or derived from a non-proprietary source; freely accessible and available to anyone	open
hestratriol	chebi	chebi:62845	MNXM1371192	ChEBI	244	All data non-proprietary or derived from a non-proprietary source; freely accessible and available to anyone	open
hestratriol	inchiKey	QOZFCKXEVSGWGS-ZHIYBZGJSA-N	MNXM1371192	ModelSEED	2.6.1	CC BY 4.0 (ModelSEED GitHub repository)	open
hestratriol	seed	cpd09908	MNXM1371192	ModelSEED	2.6.1	CC BY 4.0 (ModelSEED GitHub repository)	open
hexc	inchiKey	XMHIUKTWLZUKEX-UHFFFAOYSA-M	MNXM1833	ModelSEED	2.6.1	CC BY 4.0 (ModelSEED GitHub repository)	open
hexc	seed	cpd15240	MNXM1833	ModelSEED	2.6.1	CC BY 4.0 (ModelSEED GitHub repository)	open
hexccoa	chebi	chebi:52966;chebi:64868	MNXM1103880	ChEBI	244	All data non-proprietary or derived from a non-proprietary source; freely accessible and available to anyone	open
hexccoa	inchiKey	FHLYYFPJDVYWQH-CPIGOPAHSA-J	MNXM1103880	ModelSEED	2.6.1	CC BY 4.0 (ModelSEED GitHub repository)	open
hexccoa	seed	cpd26581	MNXM1103880	ModelSEED	2.6.1	CC BY 4.0 (ModelSEED GitHub repository)	open
hexdeceeth	chebi	chebi:71464	MNXM107548	ChEBI	244	All data non-proprietary or derived from a non-proprietary source; freely accessible and available to anyone	open
hexdeceeth	inchiKey	HXYVTAGFYLMHSO-UHFFFAOYSA-N	MNXM107548	ModelSEED	2.6.1	CC BY 4.0 (ModelSEED GitHub repository)	open
hexdeceeth	seed	cpd16300	MNXM107548	ModelSEED	2.6.1	CC BY 4.0 (ModelSEED GitHub repository)	open
hexdiac	chebi	chebi:73722;chebi:76276	MNXM11807	ChEBI	244	All data non-proprietary or derived from a non-proprietary source; freely accessible and available to anyone	open
hexdiac	inchiKey	QQHJDPROMQRDLA-UHFFFAOYSA-L	MNXM11807	ModelSEED	2.6.1	CC BY 4.0 (ModelSEED GitHub repository)	open
hexdiac	seed	cpd20868	MNXM11807	ModelSEED	2.6.1	CC BY 4.0 (ModelSEED GitHub repository)	open
hexdicoa	chebi	chebi:77085;chebi:77208	MNXM1101299	ChEBI	244	All data non-proprietary or derived from a non-proprietary source; freely accessible and available to anyone	open
hexdicoa	inchiKey	GTCSHNMTNCXODY-CCAJQFMUSA-I	MNXM1101299	ModelSEED	2.6.1	CC BY 4.0 (ModelSEED GitHub repository)	open
hexdicoa	seed	cpd32101	MNXM1101299	ModelSEED	2.6.1	CC BY 4.0 (ModelSEED GitHub repository)	open
hexdtr	chebi	chebi:22340;chebi:90499	MNXM1107230	ChEBI	244	All data non-proprietary or derived from a non-proprietary source; freely accessible and available to anyone	open
hexdtr	inchiKey	KBGYPXOSNDMZRV-PDBXOOCHSA-M	MNXM1107230	ModelSEED	2.6.1	CC BY 4.0 (ModelSEED GitHub repository)	open
hexdtr	seed	cpd35331	MNXM1107230	ModelSEED	2.6.1	CC BY 4.0 (ModelSEED GitHub repository)	open
hexe3coa	chebi	chebi:85415;chebi:85889	MNXM1364160	ChEBI	244	All data non-proprietary or derived from a non-proprietary source; freely accessible and available to anyone	open
hexe3coa	inchiKey	SKDDJNFRAZIJIG-KEOONSNPSA-J	MNXM1364160	ModelSEED	2.6.1	CC BY 4.0 (ModelSEED GitHub repository)	open
hexe3coa	seed	cpd32973	MNXM1364160	ModelSEED	2.6.1	CC BY 4.0 (ModelSEED GitHub repository)	open
hexgly	chebi	chebi:133580;chebi:64390	MNXM587747	ChEBI	244	All data non-proprietary or derived from a non-proprietary source; freely accessible and available to anyone	open
hgentis	inchiKey	IGMNYECMUMZDDF-UHFFFAOYSA-M	MNXM345	ModelSEED	2.6.1	CC BY 4.0 (ModelSEED GitHub repository)	open
hgentis	seed	cpd00426	MNXM345	ModelSEED	2.6.1	CC BY 4.0 (ModelSEED GitHub repository)	open
hhxdcal	chebi	chebi:138635;chebi:50626	MNXM35167	ChEBI	244	All data non-proprietary or derived from a non-proprietary source; freely accessible and available to anyone	open
hhxdcal	inchiKey	BKBDVQVDRVGXKT-UHFFFAOYSA-N	MNXM35167	ModelSEED	2.6.1	CC BY 4.0 (ModelSEED GitHub repository)	open
hhxdcal	seed	cpd15197;cpd34609	MNXM35167	ModelSEED	2.6.1	CC BY 4.0 (ModelSEED GitHub repository)	open
his_L	inchiKey	HNDVDQJCIGZPNO-YFKPBYRVSA-N	MNXM1107769	ModelSEED	2.6.1	CC BY 4.0 (ModelSEED GitHub repository)	open
hisargcys	chebi	chebi:164236	MNXM744734	ChEBI	244	All data non-proprietary or derived from a non-proprietary source; freely accessible and available to anyone	open
hishislys	chebi	chebi:164531	MNXM744742	ChEBI	244	All data non-proprietary or derived from a non-proprietary source; freely accessible and available to anyone	open
hislysile	chebi	chebi:164647	MNXM744745	ChEBI	244	All data non-proprietary or derived from a non-proprietary source; freely accessible and available to anyone	open
hislysval	chebi	chebi:164667	MNXM744747	ChEBI	244	All data non-proprietary or derived from a non-proprietary source; freely accessible and available to anyone	open
hismet	chebi	chebi:74053	MNXM126513	ChEBI	244	All data non-proprietary or derived from a non-proprietary source; freely accessible and available to anyone	open
hista	inchiKey	NTYJJOPFIAHURM-UHFFFAOYSA-O	MNXM635	ModelSEED	2.6.1	CC BY 4.0 (ModelSEED GitHub repository)	open
hista	seed	cpd00312	MNXM635	ModelSEED	2.6.1	CC BY 4.0 (ModelSEED GitHub repository)	open
hmbil	inchiKey	WDFJYRZCZIUBPR-UHFFFAOYSA-F	MNXM547	ModelSEED	2.6.1	CC BY 4.0 (ModelSEED GitHub repository)	open
hmbil	seed	cpd00755	MNXM547	ModelSEED	2.6.1	CC BY 4.0 (ModelSEED GitHub repository)	open
hmcarn	chebi	chebi:143075;chebi:28050;chebi:85981	MNXM56612	ChEBI	244	All data non-proprietary or derived from a non-proprietary source; freely accessible and available to anyone	open
hmcarn	inchiKey	CCLQKVKJOGVQLU-QMMMGPOBSA-N	MNXM56612	ModelSEED	2.6.1	CC BY 4.0 (ModelSEED GitHub repository)	open
hmcarn	seed	cpd00657	MNXM56612	ModelSEED	2.6.1	CC BY 4.0 (ModelSEED GitHub repository)	open
hmcr	chebi	chebi:17443;chebi:58148	MNXM4639	ChEBI	244	All data non-proprietary or derived from a non-proprietary source; freely accessible and available to anyone	open
hmcr	inchiKey	XIGSAGMEBXLVJJ-YFKPBYRVSA-N	MNXM4639	ModelSEED	2.6.1	CC BY 4.0 (ModelSEED GitHub repository)	open
hmcr	seed	cpd01606	MNXM4639	ModelSEED	2.6.1	CC BY 4.0 (ModelSEED GitHub repository)	open
hmgcoa	inchiKey	CABVTRNMFUVUDM-VRHQGPGLSA-I	MNXM1104235	ModelSEED	2.6.1	CC BY 4.0 (ModelSEED GitHub repository)	open
hmgcoa	seed	cpd00292	MNXM1104235	ModelSEED	2.6.1	CC BY 4.0 (ModelSEED GitHub repository)	open
hnifedipine	chebi	chebi:234254	MNXM1104221	ChEBI	244	All data non-proprietary or derived from a non-proprietary source; freely accessible and available to anyone	open
hom_L	inchiKey	UKAUYVFTDYCKQA-VKHMYHEASA-N	MNXM353	ModelSEED	2.6.1	CC BY 4.0 (ModelSEED GitHub repository)	open
hom_L	seed	cpd00227	MNXM353	ModelSEED	2.6.1	CC BY 4.0 (ModelSEED GitHub repository)	open
homoval	inchiKey	QRMZSPFSDQBLIX-UHFFFAOYSA-M	MNXM3287	ModelSEED	2.6.1	CC BY 4.0 (ModelSEED GitHub repository)	open
homoval	seed	cpd03312	MNXM3287	ModelSEED	2.6.1	CC BY 4.0 (ModelSEED GitHub repository)	open
hpdca	inchiKey	KEMQGTRYUADPNZ-UHFFFAOYSA-M	MNXM11802	ModelSEED	2.6.1	CC BY 4.0 (ModelSEED GitHub repository)	open
hpdca	seed	cpd24916	MNXM11802	ModelSEED	2.6.1	CC BY 4.0 (ModelSEED GitHub repository)	open
hpdcacoa	chebi	chebi:74307;chebi:74397	MNXM1104779	ChEBI	244	All data non-proprietary or derived from a non-proprietary source; freely accessible and available to anyone	open
hpdcacoa	inchiKey	DRABUZIHHACUPI-DUPKZGIXSA-J	MNXM1104779	ModelSEED	2.6.1	CC BY 4.0 (ModelSEED GitHub repository)	open
hpdcacoa	seed	cpd32507	MNXM1104779	ModelSEED	2.6.1	CC BY 4.0 (ModelSEED GitHub repository)	open
hpdcacrn	chebi	chebi:131887;chebi:190604	MNXM8707	ChEBI	244	All data non-proprietary or derived from a non-proprietary source; freely accessible and available to anyone	open
hpdece	chebi	chebi:78992	MNXM733008	ChEBI	244	All data non-proprietary or derived from a non-proprietary source; freely accessible and available to anyone	open
hpdececoa	chebi	chebi:77551;chebi:78179	MNXM1101951	ChEBI	244	All data non-proprietary or derived from a non-proprietary source; freely accessible and available to anyone	open
hpyr	inchiKey	HHDDCCUIIUWNGJ-UHFFFAOYSA-M	MNXM392	ModelSEED	2.6.1	CC BY 4.0 (ModelSEED GitHub repository)	open
hpyr	seed	cpd00145	MNXM392	ModelSEED	2.6.1	CC BY 4.0 (ModelSEED GitHub repository)	open
hretn	inchiKey	KGUMXGDKXYTTEY-FRCNGJHJSA-M	MNXM1107685	ModelSEED	2.6.1	CC BY 4.0 (ModelSEED GitHub repository)	open
hretn	seed	cpd16475	MNXM1107685	ModelSEED	2.6.1	CC BY 4.0 (ModelSEED GitHub repository)	open
hx2coa	inchiKey	OINXHIBNZUUIMR-IXUYQXAASA-J	MNXM1104717	ModelSEED	2.6.1	CC BY 4.0 (ModelSEED GitHub repository)	open
hx2coa	seed	cpd03125	MNXM1104717	ModelSEED	2.6.1	CC BY 4.0 (ModelSEED GitHub repository)	open
hxa	chebi	chebi:17120;chebi:30776	MNXM1653	ChEBI	244	All data non-proprietary or derived from a non-proprietary source; freely accessible and available to anyone	open
hxa	inchiKey	FUZZWVXGSFPDMH-UHFFFAOYSA-M	MNXM1653	ModelSEED	2.6.1	CC BY 4.0 (ModelSEED GitHub repository)	open
hxa	seed	cpd01113	MNXM1653	ModelSEED	2.6.1	CC BY 4.0 (ModelSEED GitHub repository)	open
hxan	inchiKey	FDGQSTZJBFJUBT-UHFFFAOYSA-N	MNXM732487	ModelSEED	2.6.1	CC BY 4.0 (ModelSEED GitHub repository)	open
hxcoa	inchiKey	OEXFMSFODMQEPE-HDRQGHTBSA-J	MNXM1103616	ModelSEED	2.6.1	CC BY 4.0 (ModelSEED GitHub repository)	open
hxcoa	seed	cpd03124	MNXM1103616	ModelSEED	2.6.1	CC BY 4.0 (ModelSEED GitHub repository)	open
hxdcal	inchiKey	NIOYUNMRJMEDGI-UHFFFAOYSA-N	MNXM528	ModelSEED	2.6.1	CC BY 4.0 (ModelSEED GitHub repository)	open
hxdcal	seed	cpd00405	MNXM528	ModelSEED	2.6.1	CC BY 4.0 (ModelSEED GitHub repository)	open
hyptaur	inchiKey	VVIUBCNYACGLLV-UHFFFAOYSA-N	MNXM726	ModelSEED	2.6.1	CC BY 4.0 (ModelSEED GitHub repository)	open
hyptaur	seed	cpd00406	MNXM726	ModelSEED	2.6.1	CC BY 4.0 (ModelSEED GitHub repository)	open
i	inchiKey	XMBWDFGMSWQBCA-UHFFFAOYSA-M	MNXM1371248	ModelSEED	2.6.1	CC BY 4.0 (ModelSEED GitHub repository)	open
i	seed	cpd00534	MNXM1371248	ModelSEED	2.6.1	CC BY 4.0 (ModelSEED GitHub repository)	open
ibcoa	inchiKey	AEWHYWSPVRZHCT-NDZSKPAWSA-J	MNXM1104531	ModelSEED	2.6.1	CC BY 4.0 (ModelSEED GitHub repository)	open
ibcoa	seed	cpd00481	MNXM1104531	ModelSEED	2.6.1	CC BY 4.0 (ModelSEED GitHub repository)	open
ibup_R	chebi	chebi:132922;chebi:5855	MNXM724821	ChEBI	244	All data non-proprietary or derived from a non-proprietary source; freely accessible and available to anyone	open
ibup_R	inchiKey	HEFNNWSXXWATRW-UHFFFAOYSA-M	MNXM724821	ModelSEED	2.6.1	CC BY 4.0 (ModelSEED GitHub repository)	open
ibup_R	seed	cpd01115	MNXM724821	ModelSEED	2.6.1	CC BY 4.0 (ModelSEED GitHub repository)	open
ibup_S	chebi	chebi:132922;chebi:5855	MNXM724821	ChEBI	244	All data non-proprietary or derived from a non-proprietary source; freely accessible and available to anyone	open
ibup_S	inchiKey	HEFNNWSXXWATRW-UHFFFAOYSA-M	MNXM724821	ModelSEED	2.6.1	CC BY 4.0 (ModelSEED GitHub repository)	open
ibup_S	seed	cpd01115	MNXM724821	ModelSEED	2.6.1	CC BY 4.0 (ModelSEED GitHub repository)	open
icdchol	chebi	chebi:87730;chebi:88102	MNXM57865	ChEBI	244	All data non-proprietary or derived from a non-proprietary source; freely accessible and available to anyone	open
icdchol	inchiKey	RUDATBOHQWOJDD-JGFDLHJZSA-M	MNXM57865	ModelSEED	2.6.1	CC BY 4.0 (ModelSEED GitHub repository)	open
icdchol	seed	cpd17775	MNXM57865	ModelSEED	2.6.1	CC BY 4.0 (ModelSEED GitHub repository)	open
icit	inchiKey	ODBLHEXUDAPZAU-UHFFFAOYSA-K	MNXM89661	ModelSEED	2.6.1	CC BY 4.0 (ModelSEED GitHub repository)	open
icit	seed	cpd00260	MNXM89661	ModelSEED	2.6.1	CC BY 4.0 (ModelSEED GitHub repository)	open
id3acald	chebi	chebi:18086	MNXM518	ChEBI	244	All data non-proprietary or derived from a non-proprietary source; freely accessible and available to anyone	open
id3acald	inchiKey	WHOOUMGHGSPMGR-UHFFFAOYSA-N	MNXM518	ModelSEED	2.6.1	CC BY 4.0 (ModelSEED GitHub repository)	open
id3acald	seed	cpd00486	MNXM518	ModelSEED	2.6.1	CC BY 4.0 (ModelSEED GitHub repository)	open
idour	inchiKey	IAJILQKETJEXLJ-SKNVOMKLSA-M	MNXM727431	ModelSEED	2.6.1	CC BY 4.0 (ModelSEED GitHub repository)	open
idour	seed	cpd35099	MNXM727431	ModelSEED	2.6.1	CC BY 4.0 (ModelSEED GitHub repository)	open
idp	inchiKey	JPXZQMKKFWMMGK-KQYNXXCUSA-L	MNXM1104559	ModelSEED	2.6.1	CC BY 4.0 (ModelSEED GitHub repository)	open
idp	seed	cpd00090	MNXM1104559	ModelSEED	2.6.1	CC BY 4.0 (ModelSEED GitHub repository)	open
ile_L	inchiKey	AGPKZVBTJJNPAG-WHFBIAKZSA-N	MNXM728337	ModelSEED	2.6.1	CC BY 4.0 (ModelSEED GitHub repository)	open
im4ac	inchiKey	PRJKNHOMHKJCEJ-UHFFFAOYSA-M	MNXM728089	ModelSEED	2.6.1	CC BY 4.0 (ModelSEED GitHub repository)	open
im4ac	seed	cpd01831	MNXM728089	ModelSEED	2.6.1	CC BY 4.0 (ModelSEED GitHub repository)	open
im4act	inchiKey	MQSRGWNVEZRLDK-UHFFFAOYSA-N	MNXM1745	ModelSEED	2.6.1	CC BY 4.0 (ModelSEED GitHub repository)	open
im4act	seed	cpd03052	MNXM1745	ModelSEED	2.6.1	CC BY 4.0 (ModelSEED GitHub repository)	open
imp	inchiKey	GRSZFWQUAKGDAV-KQYNXXCUSA-L	MNXM1101868	ModelSEED	2.6.1	CC BY 4.0 (ModelSEED GitHub repository)	open
imp	seed	cpd00114	MNXM1101868	ModelSEED	2.6.1	CC BY 4.0 (ModelSEED GitHub repository)	open
ind3ac	inchiKey	SEOVTRFCIGRIMH-UHFFFAOYSA-M	MNXM383	ModelSEED	2.6.1	CC BY 4.0 (ModelSEED GitHub repository)	open
ind3ac	seed	cpd00703	MNXM383	ModelSEED	2.6.1	CC BY 4.0 (ModelSEED GitHub repository)	open
ind56qn	chebi	chebi:27406	MNXM5183	ChEBI	244	All data non-proprietary or derived from a non-proprietary source; freely accessible and available to anyone	open
ind56qn	inchiKey	IGGVVGHJSQSLFO-UHFFFAOYSA-N	MNXM5183	ModelSEED	2.6.1	CC BY 4.0 (ModelSEED GitHub repository)	open
ind56qn	seed	cpd03309	MNXM5183	ModelSEED	2.6.1	CC BY 4.0 (ModelSEED GitHub repository)	open
inost	inchiKey	CDAISMWEOUEBRE-GPIVLXJGSA-N	MNXM1105941	ModelSEED	2.6.1	CC BY 4.0 (ModelSEED GitHub repository)	open
ins	inchiKey	UGQMRVRMYYASKQ-KQYNXXCUSA-N	MNXM1103335	ModelSEED	2.6.1	CC BY 4.0 (ModelSEED GitHub repository)	open
iodine	inchiKey	PNDPGZBMCMUPRI-UHFFFAOYSA-N	MNXM945	ModelSEED	2.6.1	CC BY 4.0 (ModelSEED GitHub repository)	open
iodine	seed	cpd00994	MNXM945	ModelSEED	2.6.1	CC BY 4.0 (ModelSEED GitHub repository)	open
ipdp	inchiKey	NUHSROFQTUXZQQ-UHFFFAOYSA-L	MNXM83	ModelSEED	2.6.1	CC BY 4.0 (ModelSEED GitHub repository)	open
ipdp	seed	cpd00113	MNXM83	ModelSEED	2.6.1	CC BY 4.0 (ModelSEED GitHub repository)	open
isomal	chebi	chebi:28189	MNXM1107787	ChEBI	244	All data non-proprietary or derived from a non-proprietary source; freely accessible and available to anyone	open
isomal	inchiKey	DLRVVLDZNNYCBX-RTPHMHGBSA-N	MNXM1107787	ModelSEED	2.6.1	CC BY 4.0 (ModelSEED GitHub repository)	open
isomal	seed	cpd00217	MNXM1107787	ModelSEED	2.6.1	CC BY 4.0 (ModelSEED GitHub repository)	open
itaccoa	inchiKey	NFVGYLGSSJPRKW-CITAKDKDSA-I	MNXM1104182	ModelSEED	2.6.1	CC BY 4.0 (ModelSEED GitHub repository)	open
itaccoa	seed	cpd00416	MNXM1104182	ModelSEED	2.6.1	CC BY 4.0 (ModelSEED GitHub repository)	open
itacon	inchiKey	LVHBHZANLOWSRM-UHFFFAOYSA-L	MNXM1747	ModelSEED	2.6.1	CC BY 4.0 (ModelSEED GitHub repository)	open
itacon	seed	cpd00380	MNXM1747	ModelSEED	2.6.1	CC BY 4.0 (ModelSEED GitHub repository)	open
itp	inchiKey	HAEJPQIATWHALX-KQYNXXCUSA-K	MNXM1103428	ModelSEED	2.6.1	CC BY 4.0 (ModelSEED GitHub repository)	open
itp	seed	cpd00068	MNXM1103428	ModelSEED	2.6.1	CC BY 4.0 (ModelSEED GitHub repository)	open
ivcoa	inchiKey	UYVZIWWBJMYRCD-ZMHDXICWSA-J	MNXM1363975	ModelSEED	2.6.1	CC BY 4.0 (ModelSEED GitHub repository)	open
ivcoa	seed	cpd01882	MNXM1363975	ModelSEED	2.6.1	CC BY 4.0 (ModelSEED GitHub repository)	open
ivcrn	chebi	chebi:70819;chebi:73025	MNXM1101229	ChEBI	244	All data non-proprietary or derived from a non-proprietary source; freely accessible and available to anyone	open
k	inchiKey	NPYPAHLBTDXSSS-UHFFFAOYSA-N	MNXM95	ModelSEED	2.6.1	CC BY 4.0 (ModelSEED GitHub repository)	open
kynate	inchiKey	HCZHHEIFKROPDY-UHFFFAOYSA-M	MNXM1113	ModelSEED	2.6.1	CC BY 4.0 (ModelSEED GitHub repository)	open
kynate	seed	cpd01182	MNXM1113	ModelSEED	2.6.1	CC BY 4.0 (ModelSEED GitHub repository)	open
lac_D	inchiKey	JVTAAEKCZFNVCJ-UWTATZPHSA-M	MNXM1371362	ModelSEED	2.6.1	CC BY 4.0 (ModelSEED GitHub repository)	open
lac_D	seed	cpd00221	MNXM1371362	ModelSEED	2.6.1	CC BY 4.0 (ModelSEED GitHub repository)	open
lac_L	inchiKey	JVTAAEKCZFNVCJ-REOHCLBHSA-M	MNXM1371363	ModelSEED	2.6.1	CC BY 4.0 (ModelSEED GitHub repository)	open
lald_D	inchiKey	BSABBBMNWQWLLU-GSVOUGTGSA-N	MNXM909	ModelSEED	2.6.1	CC BY 4.0 (ModelSEED GitHub repository)	open
lald_D	seed	cpd00693	MNXM909	ModelSEED	2.6.1	CC BY 4.0 (ModelSEED GitHub repository)	open
lald_L	inchiKey	BSABBBMNWQWLLU-VKHMYHEASA-N	MNXM732880	ModelSEED	2.6.1	CC BY 4.0 (ModelSEED GitHub repository)	open
lald_L	seed	cpd00334	MNXM732880	ModelSEED	2.6.1	CC BY 4.0 (ModelSEED GitHub repository)	open
lanost	inchiKey	CAHGCLMLTWQZNJ-BQNIITSRSA-N	MNXM736942	ModelSEED	2.6.1	CC BY 4.0 (ModelSEED GitHub repository)	open
lanost	seed	cpd01188	MNXM736942	ModelSEED	2.6.1	CC BY 4.0 (ModelSEED GitHub repository)	open
lca3s	chebi	chebi:133940;chebi:35421	MNXM1093269	ChEBI	244	All data non-proprietary or derived from a non-proprietary source; freely accessible and available to anyone	open
lcts	inchiKey	GUBGYTABKSRVRQ-QKKXKWKRSA-N	MNXM1104434	ModelSEED	2.6.1	CC BY 4.0 (ModelSEED GitHub repository)	open
leu_L	inchiKey	ROHFNLRQFUQHCH-YFKPBYRVSA-N	MNXM1106761	ModelSEED	2.6.1	CC BY 4.0 (ModelSEED GitHub repository)	open
leugly	chebi	chebi:133658;chebi:74534	MNXM727717	ChEBI	244	All data non-proprietary or derived from a non-proprietary source; freely accessible and available to anyone	open
leugly	inchiKey	LESXFEZIFXFIQR-LURJTMIESA-N	MNXM727717	ModelSEED	2.6.1	CC BY 4.0 (ModelSEED GitHub repository)	open
leugly	seed	cpd32743	MNXM727717	ModelSEED	2.6.1	CC BY 4.0 (ModelSEED GitHub repository)	open
leuktrA4	inchiKey	UFPQIRYSPUYQHK-XWYPZHSRSA-M	MNXM1371766	ModelSEED	2.6.1	CC BY 4.0 (ModelSEED GitHub repository)	open
leuktrA4	seed	cpd00675	MNXM1371766	ModelSEED	2.6.1	CC BY 4.0 (ModelSEED GitHub repository)	open
leuktrB4	inchiKey	VNYSSYRCGWBHLG-AMOLWHMGSA-M	MNXM1368516	ModelSEED	2.6.1	CC BY 4.0 (ModelSEED GitHub repository)	open
leuktrB4	seed	cpd01464	MNXM1368516	ModelSEED	2.6.1	CC BY 4.0 (ModelSEED GitHub repository)	open
leuktrB4woh	inchiKey	PTJFJXLGRSTECQ-PSPARDEHSA-M	MNXM727151	ModelSEED	2.6.1	CC BY 4.0 (ModelSEED GitHub repository)	open
leuktrB4woh	seed	cpd02949	MNXM727151	ModelSEED	2.6.1	CC BY 4.0 (ModelSEED GitHub repository)	open
leuktrC4	inchiKey	GWNVDXQDILPJIG-NXOLIXFESA-L	MNXM1371560	ModelSEED	2.6.1	CC BY 4.0 (ModelSEED GitHub repository)	open
leuktrC4	seed	cpd01465	MNXM1371560	ModelSEED	2.6.1	CC BY 4.0 (ModelSEED GitHub repository)	open
leuktrD4	inchiKey	YEESKJGWJFYOOK-IJHYULJSSA-M	MNXM162546	ModelSEED	2.6.1	CC BY 4.0 (ModelSEED GitHub repository)	open
leuktrD4	seed	cpd03540	MNXM162546	ModelSEED	2.6.1	CC BY 4.0 (ModelSEED GitHub repository)	open
leuktrE4	inchiKey	OTZRAYGBFWZKMX-FRFVZSDQSA-M	MNXM162503	ModelSEED	2.6.1	CC BY 4.0 (ModelSEED GitHub repository)	open
leuktrE4	seed	cpd03541	MNXM162503	ModelSEED	2.6.1	CC BY 4.0 (ModelSEED GitHub repository)	open
leuktrF4	inchiKey	PYSODLWHFWCFLV-VJBFNVCUSA-L	MNXM738698	ModelSEED	2.6.1	CC BY 4.0 (ModelSEED GitHub repository)	open
leuktrF4	seed	cpd03878	MNXM738698	ModelSEED	2.6.1	CC BY 4.0 (ModelSEED GitHub repository)	open
leuleu	chebi	chebi:6418	MNXM1371210	ChEBI	244	All data non-proprietary or derived from a non-proprietary source; freely accessible and available to anyone	open
leupro	chebi	chebi:181839	MNXM1371896	ChEBI	244	All data non-proprietary or derived from a non-proprietary source; freely accessible and available to anyone	open
leusertrp	chebi	chebi:159514	MNXM744769	ChEBI	244	All data non-proprietary or derived from a non-proprietary source; freely accessible and available to anyone	open
lgnc	inchiKey	QZZGJDVWLFXDLK-UHFFFAOYSA-M	MNXM3297	ModelSEED	2.6.1	CC BY 4.0 (ModelSEED GitHub repository)	open
lgnc	seed	cpd05235	MNXM3297	ModelSEED	2.6.1	CC BY 4.0 (ModelSEED GitHub repository)	open
lgt_S	inchiKey	VDYDCVUWILIYQF-CSMHCCOUSA-M	MNXM1093274	ModelSEED	2.6.1	CC BY 4.0 (ModelSEED GitHub repository)	open
lgt_S	seed	cpd02182	MNXM1093274	ModelSEED	2.6.1	CC BY 4.0 (ModelSEED GitHub repository)	open
limnen	inchiKey	XMGQYMWWDOXHJM-SNVBAGLBSA-N	MNXM1372148	ModelSEED	2.6.1	CC BY 4.0 (ModelSEED GitHub repository)	open
limnen	seed	cpd00407	MNXM1372148	ModelSEED	2.6.1	CC BY 4.0 (ModelSEED GitHub repository)	open
lineth	chebi	chebi:64032	MNXM60186	ChEBI	244	All data non-proprietary or derived from a non-proprietary source; freely accessible and available to anyone	open
lineth	inchiKey	KQXDGUVSAAQARU-HZJYTTRNSA-N	MNXM60186	ModelSEED	2.6.1	CC BY 4.0 (ModelSEED GitHub repository)	open
lineth	seed	cpd26616	MNXM60186	ModelSEED	2.6.1	CC BY 4.0 (ModelSEED GitHub repository)	open
lipoate	inchiKey	AGBQKNBQESQNJD-UHFFFAOYSA-M	MNXM1371179	ModelSEED	2.6.1	CC BY 4.0 (ModelSEED GitHub repository)	open
lipoate	seed	cpd00541;cpd14958	MNXM1371179	ModelSEED	2.6.1	CC BY 4.0 (ModelSEED GitHub repository)	open
lneldc	chebi	chebi:75108	MNXM1108070	ChEBI	244	All data non-proprietary or derived from a non-proprietary source; freely accessible and available to anyone	open
lneldccrn	chebi	chebi:72715	MNXM1372513	ChEBI	244	All data non-proprietary or derived from a non-proprietary source; freely accessible and available to anyone	open
lnlc	inchiKey	OYHQOLUKZRVURQ-HZJYTTRNSA-M	MNXM1108069	ModelSEED	2.6.1	CC BY 4.0 (ModelSEED GitHub repository)	open
lnlc	seed	cpd01122	MNXM1108069	ModelSEED	2.6.1	CC BY 4.0 (ModelSEED GitHub repository)	open
lnlccrn	chebi	chebi:84098	MNXM8847	ChEBI	244	All data non-proprietary or derived from a non-proprietary source; freely accessible and available to anyone	open
lnlnca	inchiKey	DTOSIQBPPRVQHS-PDBXOOCHSA-M	MNXM1108303	ModelSEED	2.6.1	CC BY 4.0 (ModelSEED GitHub repository)	open
lnlnca	seed	cpd03850	MNXM1108303	ModelSEED	2.6.1	CC BY 4.0 (ModelSEED GitHub repository)	open
lnlncacoa	inchiKey	OMKFKBGZHNJNEX-KZWMEWPFSA-J	MNXM1104785	ModelSEED	2.6.1	CC BY 4.0 (ModelSEED GitHub repository)	open
lnlncacoa	seed	cpd14883	MNXM1104785	ModelSEED	2.6.1	CC BY 4.0 (ModelSEED GitHub repository)	open
lnlncacrn	chebi	chebi:185041	MNXM1372416	ChEBI	244	All data non-proprietary or derived from a non-proprietary source; freely accessible and available to anyone	open
lnlncg	inchiKey	VZCCETWTMQHEPK-QNEBEIHSSA-M	MNXM3995	ModelSEED	2.6.1	CC BY 4.0 (ModelSEED GitHub repository)	open
lnlncg	seed	cpd03849	MNXM3995	ModelSEED	2.6.1	CC BY 4.0 (ModelSEED GitHub repository)	open
lnlncgcoa	inchiKey	XZQYPTBYQYZGRU-FHDVEODPSA-J	MNXM1104071	ModelSEED	2.6.1	CC BY 4.0 (ModelSEED GitHub repository)	open
lnlncgcoa	seed	cpd01942	MNXM1104071	ModelSEED	2.6.1	CC BY 4.0 (ModelSEED GitHub repository)	open
lnlncgcrn	chebi	chebi:165634	MNXM1372333	ChEBI	244	All data non-proprietary or derived from a non-proprietary source; freely accessible and available to anyone	open
lpam	chebi	chebi:17460;chebi:83094	MNXM1024	ChEBI	244	All data non-proprietary or derived from a non-proprietary source; freely accessible and available to anyone	open
lpam	inchiKey	FCCDDURTIIUXBY-SSDOTTSWSA-N	MNXM1024	ModelSEED	2.6.1	CC BY 4.0 (ModelSEED GitHub repository)	open
lpam	seed	cpd00213	MNXM1024	ModelSEED	2.6.1	CC BY 4.0 (ModelSEED GitHub repository)	open
lst4exp	inchiKey	HQSBAAGFIFVNQK-UHFFFAOYSA-L	MNXM1108320	ModelSEED	2.6.1	CC BY 4.0 (ModelSEED GitHub repository)	open
lst4exp	seed	cpd11224	MNXM1108320	ModelSEED	2.6.1	CC BY 4.0 (ModelSEED GitHub repository)	open
lstn	chebi	chebi:6541	MNXM1108372	ChEBI	244	All data non-proprietary or derived from a non-proprietary source; freely accessible and available to anyone	open
lstnm7	chebi	chebi:149507;chebi:229823	MNXM127424	ChEBI	244	All data non-proprietary or derived from a non-proprietary source; freely accessible and available to anyone	open
lthstrl	inchiKey	IZVFFXVYBHFIHY-SKCNUYALSA-N	MNXM810	ModelSEED	2.6.1	CC BY 4.0 (ModelSEED GitHub repository)	open
lthstrl	seed	cpd00877	MNXM810	ModelSEED	2.6.1	CC BY 4.0 (ModelSEED GitHub repository)	open
lvst	chebi	chebi:40303	MNXM60387	ChEBI	244	All data non-proprietary or derived from a non-proprietary source; freely accessible and available to anyone	open
lvst	inchiKey	PCZOHLXUXFIOCF-KVVRZSONSA-N	MNXM60387	ModelSEED	2.6.1	CC BY 4.0 (ModelSEED GitHub repository)	open
lvst	seed	cpd04354	MNXM60387	ModelSEED	2.6.1	CC BY 4.0 (ModelSEED GitHub repository)	open
lxser	chebi	chebi:40303	MNXM60387	ChEBI	244	All data non-proprietary or derived from a non-proprietary source; freely accessible and available to anyone	open
lxser	inchiKey	PCZOHLXUXFIOCF-KVVRZSONSA-N	MNXM60387	ModelSEED	2.6.1	CC BY 4.0 (ModelSEED GitHub repository)	open
lxser	seed	cpd04354	MNXM60387	ModelSEED	2.6.1	CC BY 4.0 (ModelSEED GitHub repository)	open
lys_L	inchiKey	KDXKERNSBIXSRK-YFKPBYRVSA-O	MNXM1364268	ModelSEED	2.6.1	CC BY 4.0 (ModelSEED GitHub repository)	open
lystrparg	chebi	chebi:160336	MNXM744787	ChEBI	244	All data non-proprietary or derived from a non-proprietary source; freely accessible and available to anyone	open
lysvalphe	chebi	chebi:160438	MNXM744789	ChEBI	244	All data non-proprietary or derived from a non-proprietary source; freely accessible and available to anyone	open
m2mn	chebi	chebi:188319	MNXM1103678	ChEBI	244	All data non-proprietary or derived from a non-proprietary source; freely accessible and available to anyone	open
maglinl_hs	chebi	chebi:75561;chebi:75565;chebi:75568	MNXM62046	ChEBI	244	All data non-proprietary or derived from a non-proprietary source; freely accessible and available to anyone	open
magole_hs	chebi	chebi:180958	MNXM1373111	ChEBI	244	All data non-proprietary or derived from a non-proprietary source; freely accessible and available to anyone	open
magpalm_hs	chebi	chebi:69081;chebi:75811	MNXM1107664	ChEBI	244	All data non-proprietary or derived from a non-proprietary source; freely accessible and available to anyone	open
magste_hs	chebi	chebi:75555;chebi:75557	MNXM730611	ChEBI	244	All data non-proprietary or derived from a non-proprietary source; freely accessible and available to anyone	open
magste_hs	seed	cpd28936	MNXM730611	ModelSEED	2.6.1	CC BY 4.0 (ModelSEED GitHub repository)	open
mal_L	inchiKey	BJEPYKJPYRNKOW-REOHCLBHSA-L	MNXM1107192	ModelSEED	2.6.1	CC BY 4.0 (ModelSEED GitHub repository)	open
malcoa	inchiKey	LTYOQGRJFJAKNA-DVVLENMVSA-I	MNXM1106093	ModelSEED	2.6.1	CC BY 4.0 (ModelSEED GitHub repository)	open
malcoa	seed	cpd00070	MNXM1106093	ModelSEED	2.6.1	CC BY 4.0 (ModelSEED GitHub repository)	open
malthp	chebi	chebi:143183;chebi:61954	MNXM1104130	ChEBI	244	All data non-proprietary or derived from a non-proprietary source; freely accessible and available to anyone	open
malthp	inchiKey	BNABBHGYYMZMOA-QJBBZCPBSA-N	MNXM1104130	ModelSEED	2.6.1	CC BY 4.0 (ModelSEED GitHub repository)	open
malthp	seed	cpd03718;cpd15494	MNXM1104130	ModelSEED	2.6.1	CC BY 4.0 (ModelSEED GitHub repository)	open
malthx	chebi	chebi:143182;chebi:61953	MNXM1093344	ChEBI	244	All data non-proprietary or derived from a non-proprietary source; freely accessible and available to anyone	open
malthx	inchiKey	OCIBBXPLUVYKCH-LIGGPISVSA-N	MNXM1093344	ModelSEED	2.6.1	CC BY 4.0 (ModelSEED GitHub repository)	open
maltpt	chebi	chebi:143181;chebi:61952	MNXM1104039	ChEBI	244	All data non-proprietary or derived from a non-proprietary source; freely accessible and available to anyone	open
maltpt	inchiKey	FTNIPWXXIGNQQF-HZWIHCTQSA-N	MNXM1104039	ModelSEED	2.6.1	CC BY 4.0 (ModelSEED GitHub repository)	open
maltpt	seed	cpd15495	MNXM1104039	ModelSEED	2.6.1	CC BY 4.0 (ModelSEED GitHub repository)	open
malttr	inchiKey	FYGDTMLNYKFZSV-DZOUCCHMSA-N	MNXM1104527	ModelSEED	2.6.1	CC BY 4.0 (ModelSEED GitHub repository)	open
maltttr	chebi	chebi:143180;chebi:61988	MNXM1104617	ChEBI	244	All data non-proprietary or derived from a non-proprietary source; freely accessible and available to anyone	open
maltttr	inchiKey	LUEWUZLMQUOBSB-AYQJAVFRSA-N	MNXM1104617	ModelSEED	2.6.1	CC BY 4.0 (ModelSEED GitHub repository)	open
maltttr	seed	cpd01399	MNXM1104617	ModelSEED	2.6.1	CC BY 4.0 (ModelSEED GitHub repository)	open
man	inchiKey	WQZGKKKJIJFFOK-QTVWNMPRSA-N	MNXM1364107	ModelSEED	2.6.1	CC BY 4.0 (ModelSEED GitHub repository)	open
man6p	inchiKey	NBSCHQHZLSJFNQ-RWOPYEJCSA-L	MNXM1103551	ModelSEED	2.6.1	CC BY 4.0 (ModelSEED GitHub repository)	open
mdz	chebi	chebi:6931	MNXM62123	ChEBI	244	All data non-proprietary or derived from a non-proprietary source; freely accessible and available to anyone	open
mdz	inchiKey	DDLIGBOFAVUZHB-UHFFFAOYSA-N	MNXM62123	ModelSEED	2.6.1	CC BY 4.0 (ModelSEED GitHub repository)	open
mdz	seed	cpd04694	MNXM62123	ModelSEED	2.6.1	CC BY 4.0 (ModelSEED GitHub repository)	open
melanin	chebi	chebi:89634	MNXM1370163	ChEBI	244	All data non-proprietary or derived from a non-proprietary source; freely accessible and available to anyone	open
melatn	inchiKey	DRLFMBDRBRZALE-UHFFFAOYSA-N	MNXM726720	ModelSEED	2.6.1	CC BY 4.0 (ModelSEED GitHub repository)	open
melatn	seed	cpd01124	MNXM726720	ModelSEED	2.6.1	CC BY 4.0 (ModelSEED GitHub repository)	open
meoh	inchiKey	OKKJLVBELUTLKV-UHFFFAOYSA-N	MNXM729799	ModelSEED	2.6.1	CC BY 4.0 (ModelSEED GitHub repository)	open
meoh	seed	cpd00116	MNXM729799	ModelSEED	2.6.1	CC BY 4.0 (ModelSEED GitHub repository)	open
mepi	inchiKey	JWJCTZKFYGDABJ-VIFPVBQESA-O	MNXM734904	ModelSEED	2.6.1	CC BY 4.0 (ModelSEED GitHub repository)	open
mepi	seed	cpd03317	MNXM734904	ModelSEED	2.6.1	CC BY 4.0 (ModelSEED GitHub repository)	open
mercplac	inchiKey	OLQOVQTWRIJPRE-REOHCLBHSA-M	MNXM739426	ModelSEED	2.6.1	CC BY 4.0 (ModelSEED GitHub repository)	open
mercplac	seed	cpd03455	MNXM739426	ModelSEED	2.6.1	CC BY 4.0 (ModelSEED GitHub repository)	open
mercplaccys	chebi	chebi:140723;chebi:140724	MNXM10053	ChEBI	244	All data non-proprietary or derived from a non-proprietary source; freely accessible and available to anyone	open
mercppyr	inchiKey	OJOLFAIGOXZBCI-UHFFFAOYSA-M	MNXM1214	ModelSEED	2.6.1	CC BY 4.0 (ModelSEED GitHub repository)	open
mercppyr	seed	cpd00706	MNXM1214	ModelSEED	2.6.1	CC BY 4.0 (ModelSEED GitHub repository)	open
mescoa	inchiKey	LVBVWNJPMXCQJE-CBBDEUQJSA-I	MNXM1102866	ModelSEED	2.6.1	CC BY 4.0 (ModelSEED GitHub repository)	open
mescoa	seed	cpd03589	MNXM1102866	ModelSEED	2.6.1	CC BY 4.0 (ModelSEED GitHub repository)	open
mescon	inchiKey	HNEGQIOMVPPMNR-NSCUHMNNSA-L	MNXM1371057	ModelSEED	2.6.1	CC BY 4.0 (ModelSEED GitHub repository)	open
mescon	seed	cpd01194	MNXM1371057	ModelSEED	2.6.1	CC BY 4.0 (ModelSEED GitHub repository)	open
met_L	inchiKey	FFEARJCKVFRZRR-BYPYZUCNSA-N	MNXM738804	ModelSEED	2.6.1	CC BY 4.0 (ModelSEED GitHub repository)	open
metglntyr	chebi	chebi:160682	MNXM744795	ChEBI	244	All data non-proprietary or derived from a non-proprietary source; freely accessible and available to anyone	open
methf	inchiKey	MEANFMOQMXYMCT-OLZOCXBDSA-M	MNXM511	ModelSEED	2.6.1	CC BY 4.0 (ModelSEED GitHub repository)	open
methf	seed	cpd00347	MNXM511	ModelSEED	2.6.1	CC BY 4.0 (ModelSEED GitHub repository)	open
methsucc	chebi	chebi:91315	MNXM1368689	ChEBI	244	All data non-proprietary or derived from a non-proprietary source; freely accessible and available to anyone	open
methsucc	inchiKey	WXUAQHNMJWJLTG-UHFFFAOYSA-L	MNXM1368689	ModelSEED	2.6.1	CC BY 4.0 (ModelSEED GitHub repository)	open
methsucc	seed	cpd24381	MNXM1368689	ModelSEED	2.6.1	CC BY 4.0 (ModelSEED GitHub repository)	open
methsuccoa	chebi	chebi:81672;chebi:84866	MNXM1105876	ChEBI	244	All data non-proprietary or derived from a non-proprietary source; freely accessible and available to anyone	open
methsuccoa	inchiKey	OUFHQHVVFSERRI-VKBDFPRVSA-I	MNXM1105876	ModelSEED	2.6.1	CC BY 4.0 (ModelSEED GitHub repository)	open
methsuccoa	seed	cpd19589	MNXM1105876	ModelSEED	2.6.1	CC BY 4.0 (ModelSEED GitHub repository)	open
mev_R	inchiKey	KJTLQQUUPVSXIM-ZCFIWIBFSA-M	MNXM1105057	ModelSEED	2.6.1	CC BY 4.0 (ModelSEED GitHub repository)	open
mev_R	seed	cpd00332	MNXM1105057	ModelSEED	2.6.1	CC BY 4.0 (ModelSEED GitHub repository)	open
mhglz	chebi	chebi:188229	MNXM128034	ChEBI	244	All data non-proprietary or derived from a non-proprietary source; freely accessible and available to anyone	open
mhista	inchiKey	FHQDWPCFSJMNCT-UHFFFAOYSA-O	MNXM733449	ModelSEED	2.6.1	CC BY 4.0 (ModelSEED GitHub repository)	open
mhista	seed	cpd03051	MNXM733449	ModelSEED	2.6.1	CC BY 4.0 (ModelSEED GitHub repository)	open
mi1345p	inchiKey	CIPFCGZLFXVXBG-CNWJWELYSA-F	MNXM1363876	ModelSEED	2.6.1	CC BY 4.0 (ModelSEED GitHub repository)	open
mi1345p	seed	cpd00934	MNXM1363876	ModelSEED	2.6.1	CC BY 4.0 (ModelSEED GitHub repository)	open
mi134p	inchiKey	MMWCIQZXVOZEGG-MLQGYMEPSA-H	MNXM1103586	ModelSEED	2.6.1	CC BY 4.0 (ModelSEED GitHub repository)	open
mi134p	seed	cpd00914	MNXM1103586	ModelSEED	2.6.1	CC BY 4.0 (ModelSEED GitHub repository)	open
mi13p	inchiKey	PUVHMWJJTITUGO-FICORBCRSA-J	MNXM1103624	ModelSEED	2.6.1	CC BY 4.0 (ModelSEED GitHub repository)	open
mi13p	seed	cpd02512	MNXM1103624	ModelSEED	2.6.1	CC BY 4.0 (ModelSEED GitHub repository)	open
mi145p	inchiKey	MMWCIQZXVOZEGG-XJTPDSDZSA-H	MNXM1103971	ModelSEED	2.6.1	CC BY 4.0 (ModelSEED GitHub repository)	open
mi145p	seed	cpd00916	MNXM1103971	ModelSEED	2.6.1	CC BY 4.0 (ModelSEED GitHub repository)	open
mi14p	inchiKey	PELZSPZCXGTUMR-RTPHHQFDSA-J	MNXM1103941	ModelSEED	2.6.1	CC BY 4.0 (ModelSEED GitHub repository)	open
mi14p	seed	cpd00898	MNXM1103941	ModelSEED	2.6.1	CC BY 4.0 (ModelSEED GitHub repository)	open
mi1p_D	inchiKey	INAPMGSXUVUWAF-UOTPTPDRSA-L	MNXM1364687	ModelSEED	2.6.1	CC BY 4.0 (ModelSEED GitHub repository)	open
mi1p_D	seed	cpd00867	MNXM1364687	ModelSEED	2.6.1	CC BY 4.0 (ModelSEED GitHub repository)	open
mi34p	inchiKey	MCKAJXMRULSUKI-CNWJWELYSA-J	MNXM1102961	ModelSEED	2.6.1	CC BY 4.0 (ModelSEED GitHub repository)	open
mi34p	seed	cpd02513	MNXM1102961	ModelSEED	2.6.1	CC BY 4.0 (ModelSEED GitHub repository)	open
mi3p_D	inchiKey	INAPMGSXUVUWAF-PTQMNWPWSA-L	MNXM1364686	ModelSEED	2.6.1	CC BY 4.0 (ModelSEED GitHub repository)	open
mi3p_D	seed	cpd02484	MNXM1364686	ModelSEED	2.6.1	CC BY 4.0 (ModelSEED GitHub repository)	open
mi4p_D	inchiKey	INAPMGSXUVUWAF-CNWJWELYSA-L	MNXM2063	ModelSEED	2.6.1	CC BY 4.0 (ModelSEED GitHub repository)	open
mi4p_D	seed	cpd02230	MNXM2063	ModelSEED	2.6.1	CC BY 4.0 (ModelSEED GitHub repository)	open
minohp	inchiKey	IMQLKJBTEOYOSI-GPIVLXJGSA-B	MNXM1364235	ModelSEED	2.6.1	CC BY 4.0 (ModelSEED GitHub repository)	open
minohp	seed	cpd00885	MNXM1364235	ModelSEED	2.6.1	CC BY 4.0 (ModelSEED GitHub repository)	open
mlthf	inchiKey	QYNUQALWYRSVHF-OLZOCXBDSA-L	MNXM1102150	ModelSEED	2.6.1	CC BY 4.0 (ModelSEED GitHub repository)	open
mlthf	seed	cpd00125	MNXM1102150	ModelSEED	2.6.1	CC BY 4.0 (ModelSEED GitHub repository)	open
mma	inchiKey	BAVYZALUXZFZLV-UHFFFAOYSA-O	MNXM255	ModelSEED	2.6.1	CC BY 4.0 (ModelSEED GitHub repository)	open
mma	seed	cpd00187	MNXM255	ModelSEED	2.6.1	CC BY 4.0 (ModelSEED GitHub repository)	open
mmcoa_R	inchiKey	MZFOKIKEPGUZEN-AGCMQPJKSA-I	MNXM738783	ModelSEED	2.6.1	CC BY 4.0 (ModelSEED GitHub repository)	open
mmcoa_R	seed	cpd00891	MNXM738783	ModelSEED	2.6.1	CC BY 4.0 (ModelSEED GitHub repository)	open
mmcoa_S	inchiKey	MZFOKIKEPGUZEN-IBNUZSNCSA-I	MNXM1107904	ModelSEED	2.6.1	CC BY 4.0 (ModelSEED GitHub repository)	open
mmcoa_S	seed	cpd00519	MNXM1107904	ModelSEED	2.6.1	CC BY 4.0 (ModelSEED GitHub repository)	open
mn	chebi	chebi:150430	MNXM1364042	ChEBI	244	All data non-proprietary or derived from a non-proprietary source; freely accessible and available to anyone	open
mqn10	inchiKey	OCQQATZYCNAKQB-UQUNHUMXSA-N	MNXM19276	ModelSEED	2.6.1	CC BY 4.0 (ModelSEED GitHub repository)	open
mqn10	seed	cpd25793	MNXM19276	ModelSEED	2.6.1	CC BY 4.0 (ModelSEED GitHub repository)	open
mqn11	inchiKey	YYDMANIEKFAEJC-RYZSZPJESA-N	MNXM19277	ModelSEED	2.6.1	CC BY 4.0 (ModelSEED GitHub repository)	open
mqn11	seed	cpd25797	MNXM19277	ModelSEED	2.6.1	CC BY 4.0 (ModelSEED GitHub repository)	open
mqn7	chebi	chebi:44245	MNXM12236	ChEBI	244	All data non-proprietary or derived from a non-proprietary source; freely accessible and available to anyone	open
mqn7	inchiKey	RAKQPZMEYJZGPI-LJWNYQGCSA-N	MNXM12236	ModelSEED	2.6.1	CC BY 4.0 (ModelSEED GitHub repository)	open
mqn7	seed	cpd11606	MNXM12236	ModelSEED	2.6.1	CC BY 4.0 (ModelSEED GitHub repository)	open
mqn8	chebi	chebi:44027	MNXM1370054	ChEBI	244	All data non-proprietary or derived from a non-proprietary source; freely accessible and available to anyone	open
mqn8	inchiKey	LXKDFTDVRVLXFY-WQWYCSGDSA-N	MNXM1370054	ModelSEED	2.6.1	CC BY 4.0 (ModelSEED GitHub repository)	open
mqn8	seed	cpd15500	MNXM1370054	ModelSEED	2.6.1	CC BY 4.0 (ModelSEED GitHub repository)	open
mqn9	chebi	chebi:44147	MNXM1368730	ChEBI	244	All data non-proprietary or derived from a non-proprietary source; freely accessible and available to anyone	open
mqn9	inchiKey	WCRXHNIUHQUASO-UVZVDVBNSA-N	MNXM1368730	ModelSEED	2.6.1	CC BY 4.0 (ModelSEED GitHub repository)	open
mqn9	seed	cpd25794	MNXM1368730	ModelSEED	2.6.1	CC BY 4.0 (ModelSEED GitHub repository)	open
msa	inchiKey	OAKURXIZZOAYBC-UHFFFAOYSA-M	MNXM1368841	ModelSEED	2.6.1	CC BY 4.0 (ModelSEED GitHub repository)	open
msa	seed	cpd00191;cpd08857	MNXM1368841	ModelSEED	2.6.1	CC BY 4.0 (ModelSEED GitHub repository)	open
mthgxl	inchiKey	AIJULSRZWUXGPQ-UHFFFAOYSA-N	MNXM310	ModelSEED	2.6.1	CC BY 4.0 (ModelSEED GitHub repository)	open
mthgxl	seed	cpd00428	MNXM310	ModelSEED	2.6.1	CC BY 4.0 (ModelSEED GitHub repository)	open
mvlac	chebi	chebi:194428	MNXM61992	ChEBI	244	All data non-proprietary or derived from a non-proprietary source; freely accessible and available to anyone	open
n2m2nmasn	chebi	chebi:12427;chebi:57269	MNXM738982	ChEBI	244	All data non-proprietary or derived from a non-proprietary source; freely accessible and available to anyone	open
n4abutn	inchiKey	DDSLGZOYEPKPSJ-UHFFFAOYSA-N	MNXM1527	ModelSEED	2.6.1	CC BY 4.0 (ModelSEED GitHub repository)	open
n4abutn	seed	cpd03529	MNXM1527	ModelSEED	2.6.1	CC BY 4.0 (ModelSEED GitHub repository)	open
n8aspmd	chebi	chebi:27911;chebi:58535	MNXM1679	ChEBI	244	All data non-proprietary or derived from a non-proprietary source; freely accessible and available to anyone	open
n8aspmd	inchiKey	FONIWJIDLJEJTL-UHFFFAOYSA-P	MNXM1679	ModelSEED	2.6.1	CC BY 4.0 (ModelSEED GitHub repository)	open
n8aspmd	seed	cpd00758	MNXM1679	ModelSEED	2.6.1	CC BY 4.0 (ModelSEED GitHub repository)	open
na1	inchiKey	FKNQFGJONOIPTF-UHFFFAOYSA-N	MNXM27	ModelSEED	2.6.1	CC BY 4.0 (ModelSEED GitHub repository)	open
nac	inchiKey	PVNIIMVLHYAWGP-UHFFFAOYSA-M	MNXM274	ModelSEED	2.6.1	CC BY 4.0 (ModelSEED GitHub repository)	open
nacvanala	chebi	chebi:88403	MNXM63589	ChEBI	244	All data non-proprietary or derived from a non-proprietary source; freely accessible and available to anyone	open
nad	inchiKey	BAWFJGJZGIEFAR-NNYOXOHSSA-M	MNXM8	ModelSEED	2.6.1	CC BY 4.0 (ModelSEED GitHub repository)	open
nad	seed	cpd00003	MNXM8	ModelSEED	2.6.1	CC BY 4.0 (ModelSEED GitHub repository)	open
nadh	inchiKey	BOPGDPNILDQYTO-NNYOXOHSSA-L	MNXM10	ModelSEED	2.6.1	CC BY 4.0 (ModelSEED GitHub repository)	open
nadh	seed	cpd00004	MNXM10	ModelSEED	2.6.1	CC BY 4.0 (ModelSEED GitHub repository)	open
nadp	inchiKey	XJLXINKUBYWONI-NNYOXOHSSA-K	MNXM5	ModelSEED	2.6.1	CC BY 4.0 (ModelSEED GitHub repository)	open
nadp	seed	cpd00006	MNXM5	ModelSEED	2.6.1	CC BY 4.0 (ModelSEED GitHub repository)	open
nadph	inchiKey	ACFIXJIJDZMPPO-NNYOXOHSSA-J	MNXM738702	ModelSEED	2.6.1	CC BY 4.0 (ModelSEED GitHub repository)	open
nadph	seed	cpd00005	MNXM738702	ModelSEED	2.6.1	CC BY 4.0 (ModelSEED GitHub repository)	open
napqi	chebi	chebi:29132	MNXM4048	ChEBI	244	All data non-proprietary or derived from a non-proprietary source; freely accessible and available to anyone	open
ncam	inchiKey	DFPAKSUCGFBDDF-UHFFFAOYSA-N	MNXM216	ModelSEED	2.6.1	CC BY 4.0 (ModelSEED GitHub repository)	open
ncam	seed	cpd00133	MNXM216	ModelSEED	2.6.1	CC BY 4.0 (ModelSEED GitHub repository)	open
nfd	chebi	chebi:7565	MNXM1103904	ChEBI	244	All data non-proprietary or derived from a non-proprietary source; freely accessible and available to anyone	open
nfd	inchiKey	HYIMSNHJOBLJNT-UHFFFAOYSA-N	MNXM1103904	ModelSEED	2.6.1	CC BY 4.0 (ModelSEED GitHub repository)	open
nfd	seed	cpd04486	MNXM1103904	ModelSEED	2.6.1	CC BY 4.0 (ModelSEED GitHub repository)	open
nformanth	inchiKey	LLLPDUXGHXIXIW-UHFFFAOYSA-M	MNXM2265	ModelSEED	2.6.1	CC BY 4.0 (ModelSEED GitHub repository)	open
nformanth	seed	cpd03364	MNXM2265	ModelSEED	2.6.1	CC BY 4.0 (ModelSEED GitHub repository)	open
nh4	inchiKey	QGZKDVFQNNGYKY-UHFFFAOYSA-O	MNXM729302	ModelSEED	2.6.1	CC BY 4.0 (ModelSEED GitHub repository)	open
nicrns	chebi	chebi:27748;chebi:58527	MNXM1102169	ChEBI	244	All data non-proprietary or derived from a non-proprietary source; freely accessible and available to anyone	open
nicrns	inchiKey	PUEDDPCUCPRQNY-ZYUZMQFOSA-N	MNXM1102169	ModelSEED	2.6.1	CC BY 4.0 (ModelSEED GitHub repository)	open
nicrns	seed	cpd03471	MNXM1102169	ModelSEED	2.6.1	CC BY 4.0 (ModelSEED GitHub repository)	open
nicrnt	inchiKey	JOUIQRNQJGXQDC-ZYUZMQFOSA-L	MNXM1108016	ModelSEED	2.6.1	CC BY 4.0 (ModelSEED GitHub repository)	open
nicrnt	seed	cpd00873	MNXM1108016	ModelSEED	2.6.1	CC BY 4.0 (ModelSEED GitHub repository)	open
nifedipine	inchiKey	HYIMSNHJOBLJNT-UHFFFAOYSA-N	MNXM1103904	ModelSEED	2.6.1	CC BY 4.0 (ModelSEED GitHub repository)	open
nifedipine	seed	cpd04486	MNXM1103904	ModelSEED	2.6.1	CC BY 4.0 (ModelSEED GitHub repository)	open
nmn	inchiKey	DAYLJWODMCOQEW-TURQNECASA-M	MNXM355	ModelSEED	2.6.1	CC BY 4.0 (ModelSEED GitHub repository)	open
no	inchiKey	MWUXSHHQAYIFBG-UHFFFAOYSA-N	MNXM1107902	ModelSEED	2.6.1	CC BY 4.0 (ModelSEED GitHub repository)	open
no	seed	cpd00418	MNXM1107902	ModelSEED	2.6.1	CC BY 4.0 (ModelSEED GitHub repository)	open
no2	inchiKey	IOVCWXUNBOPUCH-UHFFFAOYSA-N	MNXM107	ModelSEED	2.6.1	CC BY 4.0 (ModelSEED GitHub repository)	open
noncoa	chebi	chebi:27770;chebi:76291	MNXM1104669	ChEBI	244	All data non-proprietary or derived from a non-proprietary source; freely accessible and available to anyone	open
noncoa	inchiKey	WLDUTYVSAGSKIV-FUEUKBNZSA-J	MNXM1104669	ModelSEED	2.6.1	CC BY 4.0 (ModelSEED GitHub repository)	open
noncoa	seed	cpd01333	MNXM1104669	ModelSEED	2.6.1	CC BY 4.0 (ModelSEED GitHub repository)	open
normete_L	inchiKey	YNYAYWLBAHXHLL-QMMMGPOBSA-O	MNXM734923	ModelSEED	2.6.1	CC BY 4.0 (ModelSEED GitHub repository)	open
normete_L	seed	cpd03318	MNXM734923	ModelSEED	2.6.1	CC BY 4.0 (ModelSEED GitHub repository)	open
npthl	inchiKey	UFWIBTONFRDIAS-UHFFFAOYSA-N	MNXM1363334	ModelSEED	2.6.1	CC BY 4.0 (ModelSEED GitHub repository)	open
npthl	seed	cpd00618	MNXM1363334	ModelSEED	2.6.1	CC BY 4.0 (ModelSEED GitHub repository)	open
nrpphr	inchiKey	SFLSHLFXELFNJZ-QMMMGPOBSA-O	MNXM31869	ModelSEED	2.6.1	CC BY 4.0 (ModelSEED GitHub repository)	open
nrpphr	seed	cpd00429	MNXM31869	ModelSEED	2.6.1	CC BY 4.0 (ModelSEED GitHub repository)	open
nrpphrsf	chebi	chebi:233044;chebi:90022	MNXM12967	ChEBI	244	All data non-proprietary or derived from a non-proprietary source; freely accessible and available to anyone	open
nrvnc	inchiKey	GWHCXVQVJPWHRF-KTKRTIGZSA-M	MNXM1108399	ModelSEED	2.6.1	CC BY 4.0 (ModelSEED GitHub repository)	open
nrvnc	seed	cpd05238	MNXM1108399	ModelSEED	2.6.1	CC BY 4.0 (ModelSEED GitHub repository)	open
nrvnccoa	chebi	chebi:74128;chebi:74142	MNXM1103643	ChEBI	244	All data non-proprietary or derived from a non-proprietary source; freely accessible and available to anyone	open
nrvnccoa	inchiKey	QHZAQVTVYPHLKK-YVBAAGQKSA-J	MNXM1103643	ModelSEED	2.6.1	CC BY 4.0 (ModelSEED GitHub repository)	open
nrvnccoa	seed	cpd16346	MNXM1103643	ModelSEED	2.6.1	CC BY 4.0 (ModelSEED GitHub repository)	open
nwharg	inchiKey	FQWRAVYMZULPNK-BYPYZUCNSA-O	MNXM1371096	ModelSEED	2.6.1	CC BY 4.0 (ModelSEED GitHub repository)	open
nwharg	seed	cpd03527	MNXM1371096	ModelSEED	2.6.1	CC BY 4.0 (ModelSEED GitHub repository)	open
o2	inchiKey	MYMOFIZGZYHOMD-UHFFFAOYSA-N	MNXM735438	ModelSEED	2.6.1	CC BY 4.0 (ModelSEED GitHub repository)	open
o2s	inchiKey	OUUQCZGPVNCOIJ-UHFFFAOYSA-M	MNXM1107906	ModelSEED	2.6.1	CC BY 4.0 (ModelSEED GitHub repository)	open
o2s	seed	cpd00532	MNXM1107906	ModelSEED	2.6.1	CC BY 4.0 (ModelSEED GitHub repository)	open
oaa	inchiKey	KHPXUQMNIQBQEV-UHFFFAOYSA-L	MNXM46	ModelSEED	2.6.1	CC BY 4.0 (ModelSEED GitHub repository)	open
oaa	seed	cpd00032	MNXM46	ModelSEED	2.6.1	CC BY 4.0 (ModelSEED GitHub repository)	open
occoa	inchiKey	KQMZYOXOBSXMII-CECATXLMSA-J	MNXM1093479	ModelSEED	2.6.1	CC BY 4.0 (ModelSEED GitHub repository)	open
occoa	seed	cpd01335	MNXM1093479	ModelSEED	2.6.1	CC BY 4.0 (ModelSEED GitHub repository)	open
ocdca	inchiKey	QIQXTHQIDYTFRH-UHFFFAOYSA-M	MNXM236	ModelSEED	2.6.1	CC BY 4.0 (ModelSEED GitHub repository)	open
ocdcea	inchiKey	ZQPPMHVWECSIRJ-KTKRTIGZSA-M	MNXM1364393	ModelSEED	2.6.1	CC BY 4.0 (ModelSEED GitHub repository)	open
ocdcea	seed	cpd00536;cpd30412	MNXM1364393	ModelSEED	2.6.1	CC BY 4.0 (ModelSEED GitHub repository)	open
ocde9ecoa	chebi	chebi:15534;chebi:57387	MNXM1364155	ChEBI	244	All data non-proprietary or derived from a non-proprietary source; freely accessible and available to anyone	open
ocde9ecoa	inchiKey	XDUHQPOXLUAVEE-BPMMELMSSA-J	MNXM1364155	ModelSEED	2.6.1	CC BY 4.0 (ModelSEED GitHub repository)	open
ocde9ecoa	seed	cpd00399;cpd15274;cpd16638	MNXM1364155	ModelSEED	2.6.1	CC BY 4.0 (ModelSEED GitHub repository)	open
ocdececrn	chebi	chebi:165598	MNXM1371268	ChEBI	244	All data non-proprietary or derived from a non-proprietary source; freely accessible and available to anyone	open
octa	inchiKey	WWZKQHOCKIZLMA-UHFFFAOYSA-M	MNXM750	ModelSEED	2.6.1	CC BY 4.0 (ModelSEED GitHub repository)	open
octa	seed	cpd03846	MNXM750	ModelSEED	2.6.1	CC BY 4.0 (ModelSEED GitHub repository)	open
octd11ecoa	chebi	chebi:75121;chebi:75354	MNXM728520	ChEBI	244	All data non-proprietary or derived from a non-proprietary source; freely accessible and available to anyone	open
octd11ecoa	inchiKey	HEJOXXLSCAQQGQ-SAIINBSPSA-J	MNXM728520	ModelSEED	2.6.1	CC BY 4.0 (ModelSEED GitHub repository)	open
octd11ecoa	seed	cpd30415;cpd35865	MNXM728520	ModelSEED	2.6.1	CC BY 4.0 (ModelSEED GitHub repository)	open
octdececoa	chebi	chebi:75121;chebi:75354	MNXM728520	ChEBI	244	All data non-proprietary or derived from a non-proprietary source; freely accessible and available to anyone	open
octdececoa	inchiKey	HEJOXXLSCAQQGQ-SAIINBSPSA-J	MNXM728520	ModelSEED	2.6.1	CC BY 4.0 (ModelSEED GitHub repository)	open
octdececoa	seed	cpd30415;cpd35865	MNXM728520	ModelSEED	2.6.1	CC BY 4.0 (ModelSEED GitHub repository)	open
octdececrn	chebi	chebi:176697;chebi:89742	MNXM727467	ChEBI	244	All data non-proprietary or derived from a non-proprietary source; freely accessible and available to anyone	open
od2coa	inchiKey	NBCCUIHOHUKBMK-ZDDAFBBHSA-J	MNXM1104783	ModelSEED	2.6.1	CC BY 4.0 (ModelSEED GitHub repository)	open
od2coa	seed	cpd14937	MNXM1104783	ModelSEED	2.6.1	CC BY 4.0 (ModelSEED GitHub repository)	open
odecoa	inchiKey	XDUHQPOXLUAVEE-BPMMELMSSA-J	MNXM1364155	ModelSEED	2.6.1	CC BY 4.0 (ModelSEED GitHub repository)	open
odecoa	seed	cpd00399;cpd15274;cpd16638	MNXM1364155	ModelSEED	2.6.1	CC BY 4.0 (ModelSEED GitHub repository)	open
odecrn	chebi	chebi:84651	MNXM737565	ChEBI	244	All data non-proprietary or derived from a non-proprietary source; freely accessible and available to anyone	open
odecrn	inchiKey	IPOLTUVFXFHAHI-WHIOSMTNSA-N	MNXM737565	ModelSEED	2.6.1	CC BY 4.0 (ModelSEED GitHub repository)	open
odecrn	seed	cpd33454	MNXM737565	ModelSEED	2.6.1	CC BY 4.0 (ModelSEED GitHub repository)	open
oh1	seed	cpd15275	MNXM02	ModelSEED	2.6.1	CC BY 4.0 (ModelSEED GitHub repository)	open
oleth	chebi	chebi:230390;chebi:71466	MNXM107386	ChEBI	244	All data non-proprietary or derived from a non-proprietary source; freely accessible and available to anyone	open
oleth	inchiKey	BOWVQLFMWHZBEF-KTKRTIGZSA-N	MNXM107386	ModelSEED	2.6.1	CC BY 4.0 (ModelSEED GitHub repository)	open
oleth	seed	cpd31351	MNXM107386	ModelSEED	2.6.1	CC BY 4.0 (ModelSEED GitHub repository)	open
omeprazole	inchiKey	SUBDBMMJDZJVOS-UHFFFAOYSA-N	MNXM729415	ModelSEED	2.6.1	CC BY 4.0 (ModelSEED GitHub repository)	open
omeprazole	seed	cpd04529	MNXM729415	ModelSEED	2.6.1	CC BY 4.0 (ModelSEED GitHub repository)	open
omhdecacid	chebi	chebi:11305;chebi:17409	MNXM3785	ChEBI	244	All data non-proprietary or derived from a non-proprietary source; freely accessible and available to anyone	open
omhdecacid	inchiKey	YJCJVMMDTBEITC-UHFFFAOYSA-M	MNXM3785	ModelSEED	2.6.1	CC BY 4.0 (ModelSEED GitHub repository)	open
omhdecacid	seed	cpd01788	MNXM3785	ModelSEED	2.6.1	CC BY 4.0 (ModelSEED GitHub repository)	open
omhdocosac	chebi	chebi:76304;chebi:76322	MNXM6761	ChEBI	244	All data non-proprietary or derived from a non-proprietary source; freely accessible and available to anyone	open
omhdocosac	inchiKey	IBPVZXPSTLXWCG-UHFFFAOYSA-M	MNXM6761	ModelSEED	2.6.1	CC BY 4.0 (ModelSEED GitHub repository)	open
omhdocosac	seed	cpd20876	MNXM6761	ModelSEED	2.6.1	CC BY 4.0 (ModelSEED GitHub repository)	open
onpthl	inchiKey	XQIJIALOJPIKGX-VHSXEESVSA-N	MNXM3390	ModelSEED	2.6.1	CC BY 4.0 (ModelSEED GitHub repository)	open
onpthl	seed	cpd10483	MNXM3390	ModelSEED	2.6.1	CC BY 4.0 (ModelSEED GitHub repository)	open
oretn	chebi	chebi:134186;chebi:80656	MNXM6902	ChEBI	244	All data non-proprietary or derived from a non-proprietary source; freely accessible and available to anyone	open
oretn	inchiKey	GGCUJPCCTQNTJF-FRCNGJHJSA-M	MNXM6902	ModelSEED	2.6.1	CC BY 4.0 (ModelSEED GitHub repository)	open
oretn	seed	cpd16476	MNXM6902	ModelSEED	2.6.1	CC BY 4.0 (ModelSEED GitHub repository)	open
orn	inchiKey	AHLPHDHHMVZTML-BYPYZUCNSA-O	MNXM741175	ModelSEED	2.6.1	CC BY 4.0 (ModelSEED GitHub repository)	open
orn_D	inchiKey	AHLPHDHHMVZTML-SCSAIBSYSA-O	MNXM1148	ModelSEED	2.6.1	CC BY 4.0 (ModelSEED GitHub repository)	open
orn_D	seed	cpd00404	MNXM1148	ModelSEED	2.6.1	CC BY 4.0 (ModelSEED GitHub repository)	open
orot	inchiKey	PXQPEWDEAKTCGB-UHFFFAOYSA-M	MNXM235	ModelSEED	2.6.1	CC BY 4.0 (ModelSEED GitHub repository)	open
orot	seed	cpd00247	MNXM235	ModelSEED	2.6.1	CC BY 4.0 (ModelSEED GitHub repository)	open
orot5p	inchiKey	KYOBSHFOBAOFBF-XVFCMESISA-K	MNXM1103557	ModelSEED	2.6.1	CC BY 4.0 (ModelSEED GitHub repository)	open
orot5p	seed	cpd00810	MNXM1103557	ModelSEED	2.6.1	CC BY 4.0 (ModelSEED GitHub repository)	open
oxa	inchiKey	MUBZPKHOEPUJKR-UHFFFAOYSA-L	MNXM291	ModelSEED	2.6.1	CC BY 4.0 (ModelSEED GitHub repository)	open
oxa	seed	cpd00180	MNXM291	ModelSEED	2.6.1	CC BY 4.0 (ModelSEED GitHub repository)	open
oxyp	chebi	chebi:28315	MNXM1101260	ChEBI	244	All data non-proprietary or derived from a non-proprietary source; freely accessible and available to anyone	open
oxyp	inchiKey	HXNFUBHNUDHIGC-UHFFFAOYSA-N	MNXM1101260	ModelSEED	2.6.1	CC BY 4.0 (ModelSEED GitHub repository)	open
oxyp	seed	cpd04763;cpd31446	MNXM1101260	ModelSEED	2.6.1	CC BY 4.0 (ModelSEED GitHub repository)	open
pac	inchiKey	WLJVXDMOQOGPHL-UHFFFAOYSA-M	MNXM737265	ModelSEED	2.6.1	CC BY 4.0 (ModelSEED GitHub repository)	open
pac	seed	cpd19069	MNXM737265	ModelSEED	2.6.1	CC BY 4.0 (ModelSEED GitHub repository)	open
pacald	inchiKey	DTUQWGWMVIHBKE-UHFFFAOYSA-N	MNXM473	ModelSEED	2.6.1	CC BY 4.0 (ModelSEED GitHub repository)	open
pacald	seed	cpd00464	MNXM473	ModelSEED	2.6.1	CC BY 4.0 (ModelSEED GitHub repository)	open
pan4p	inchiKey	JDMUPRLRUUMCTL-VIFPVBQESA-L	MNXM373	ModelSEED	2.6.1	CC BY 4.0 (ModelSEED GitHub repository)	open
pan4p	seed	cpd00834;cpd27792	MNXM373	ModelSEED	2.6.1	CC BY 4.0 (ModelSEED GitHub repository)	open
pap	inchiKey	WHTCPDAXWFLDIH-KQYNXXCUSA-J	MNXM1103458	ModelSEED	2.6.1	CC BY 4.0 (ModelSEED GitHub repository)	open
pap	seed	cpd00045	MNXM1103458	ModelSEED	2.6.1	CC BY 4.0 (ModelSEED GitHub repository)	open
paps	inchiKey	GACDQMDRPRGCTN-KQYNXXCUSA-J	MNXM1104555	ModelSEED	2.6.1	CC BY 4.0 (ModelSEED GitHub repository)	open
paps	seed	cpd00044	MNXM1104555	ModelSEED	2.6.1	CC BY 4.0 (ModelSEED GitHub repository)	open
pcholhep_hs	inchiKey	SRRQPVVYXBTRQK-XMMPIXPASA-N	MNXM60745	ModelSEED	2.6.1	CC BY 4.0 (ModelSEED GitHub repository)	open
pcholhep_hs	seed	cpd34063	MNXM60745	ModelSEED	2.6.1	CC BY 4.0 (ModelSEED GitHub repository)	open
pchollinl_hs	chebi	chebi:28733	MNXM1107799	ChEBI	244	All data non-proprietary or derived from a non-proprietary source; freely accessible and available to anyone	open
pchollinl_hs	inchiKey	SPJFYYJXNPEZDW-FTJOPAKQSA-N	MNXM1107799	ModelSEED	2.6.1	CC BY 4.0 (ModelSEED GitHub repository)	open
pchollinl_hs	seed	cpd02531	MNXM1107799	ModelSEED	2.6.1	CC BY 4.0 (ModelSEED GitHub repository)	open
pcholmyr_hs	chebi	chebi:64489	MNXM60741	ChEBI	244	All data non-proprietary or derived from a non-proprietary source; freely accessible and available to anyone	open
pcholmyr_hs	inchiKey	VXUOFDJKYGDUJI-OAQYLSRUSA-N	MNXM60741	ModelSEED	2.6.1	CC BY 4.0 (ModelSEED GitHub repository)	open
pcholmyr_hs	seed	cpd35523	MNXM60741	ModelSEED	2.6.1	CC BY 4.0 (ModelSEED GitHub repository)	open
pcholn1836_hs	chebi	chebi:181146	MNXM1373248	ChEBI	244	All data non-proprietary or derived from a non-proprietary source; freely accessible and available to anyone	open
pcholn204_hs	chebi	chebi:86259	MNXM60759	ChEBI	244	All data non-proprietary or derived from a non-proprietary source; freely accessible and available to anyone	open
pcholn24_hs	chebi	chebi:86260	MNXM60768	ChEBI	244	All data non-proprietary or derived from a non-proprietary source; freely accessible and available to anyone	open
pcholole_hs	chebi	chebi:28610	MNXM728252	ChEBI	244	All data non-proprietary or derived from a non-proprietary source; freely accessible and available to anyone	open
pcholole_hs	inchiKey	YAMUFBLWGFFICM-PTGWMXDISA-N	MNXM728252	ModelSEED	2.6.1	CC BY 4.0 (ModelSEED GitHub repository)	open
pcholole_hs	seed	cpd02434	MNXM728252	ModelSEED	2.6.1	CC BY 4.0 (ModelSEED GitHub repository)	open
pcholste_hs	chebi	chebi:73858	MNXM734086	ChEBI	244	All data non-proprietary or derived from a non-proprietary source; freely accessible and available to anyone	open
pcholste_hs	inchiKey	IHNKQIMGVNPMTC-RUZDIDTESA-N	MNXM734086	ModelSEED	2.6.1	CC BY 4.0 (ModelSEED GitHub repository)	open
pcholste_hs	seed	cpd25193	MNXM734086	ModelSEED	2.6.1	CC BY 4.0 (ModelSEED GitHub repository)	open
pcollg5hlys	inchiKey	YSMODUONRAFBET-UHNVWZDZSA-O	MNXM730023	ModelSEED	2.6.1	CC BY 4.0 (ModelSEED GitHub repository)	open
pcollg5hlys	seed	cpd19196;cpd22134	MNXM730023	ModelSEED	2.6.1	CC BY 4.0 (ModelSEED GitHub repository)	open
pcreat	inchiKey	DRBBFCLWYRJSJZ-UHFFFAOYSA-L	MNXM90130	ModelSEED	2.6.1	CC BY 4.0 (ModelSEED GitHub repository)	open
pcreat	seed	cpd01550	MNXM90130	ModelSEED	2.6.1	CC BY 4.0 (ModelSEED GitHub repository)	open
pcresol	inchiKey	IWDCLRJOBJJRNH-UHFFFAOYSA-N	MNXM828	ModelSEED	2.6.1	CC BY 4.0 (ModelSEED GitHub repository)	open
pcresol	seed	cpd01042	MNXM828	ModelSEED	2.6.1	CC BY 4.0 (ModelSEED GitHub repository)	open
pcrn	inchiKey	UFAHZIUFPNSHSL-UHFFFAOYSA-N	MNXM1105887	ModelSEED	2.6.1	CC BY 4.0 (ModelSEED GitHub repository)	open
pcrn	seed	cpd01934;cpd35355	MNXM1105887	ModelSEED	2.6.1	CC BY 4.0 (ModelSEED GitHub repository)	open
pcs	chebi	chebi:133670;chebi:82914	MNXM1371314	ChEBI	244	All data non-proprietary or derived from a non-proprietary source; freely accessible and available to anyone	open
pcs	inchiKey	WGNAKZGUSRVWRH-UHFFFAOYSA-M	MNXM1371314	ModelSEED	2.6.1	CC BY 4.0 (ModelSEED GitHub repository)	open
pcs	seed	cpd32658	MNXM1371314	ModelSEED	2.6.1	CC BY 4.0 (ModelSEED GitHub repository)	open
pd3	chebi	chebi:8403	MNXM727723	ChEBI	244	All data non-proprietary or derived from a non-proprietary source; freely accessible and available to anyone	open
pd3	inchiKey	YUGCAAVRZWBXEQ-WHTXLNIXSA-N	MNXM727723	ModelSEED	2.6.1	CC BY 4.0 (ModelSEED GitHub repository)	open
pd3	seed	cpd04847	MNXM727723	ModelSEED	2.6.1	CC BY 4.0 (ModelSEED GitHub repository)	open
pdx5p	inchiKey	WHOMFKWHIQZTHY-UHFFFAOYSA-L	MNXM454	ModelSEED	2.6.1	CC BY 4.0 (ModelSEED GitHub repository)	open
pdx5p	seed	cpd00478	MNXM454	ModelSEED	2.6.1	CC BY 4.0 (ModelSEED GitHub repository)	open
pe12_hs	chebi	chebi:168574	MNXM32692	ChEBI	244	All data non-proprietary or derived from a non-proprietary source; freely accessible and available to anyone	open
pe12_hs	inchiKey	IZDRGPDUDLWAGR-MRXNPFEDSA-N	MNXM32692	ModelSEED	2.6.1	CC BY 4.0 (ModelSEED GitHub repository)	open
pe12_hs	seed	cpd26432	MNXM32692	ModelSEED	2.6.1	CC BY 4.0 (ModelSEED GitHub repository)	open
pe14_hs	chebi	chebi:84299	MNXM1369092	ChEBI	244	All data non-proprietary or derived from a non-proprietary source; freely accessible and available to anyone	open
pe14_hs	inchiKey	RPXHXZNGZBHSMJ-GOSISDBHSA-N	MNXM1369092	ModelSEED	2.6.1	CC BY 4.0 (ModelSEED GitHub repository)	open
pe14_hs	seed	cpd26431	MNXM1369092	ModelSEED	2.6.1	CC BY 4.0 (ModelSEED GitHub repository)	open
pe_hs	chebi	chebi:47764;chebi:47768;chebi:47769	MNXM733922	ChEBI	244	All data non-proprietary or derived from a non-proprietary source; freely accessible and available to anyone	open
peamn	inchiKey	BHHGXPLMPWCGHP-UHFFFAOYSA-O	MNXM660	ModelSEED	2.6.1	CC BY 4.0 (ModelSEED GitHub repository)	open
peamn	seed	cpd03161	MNXM660	ModelSEED	2.6.1	CC BY 4.0 (ModelSEED GitHub repository)	open
pear_hs	chebi	chebi:64395	MNXM32717	ChEBI	244	All data non-proprietary or derived from a non-proprietary source; freely accessible and available to anyone	open
pect	inchiKey	AEMOLEFTQBMNLQ-YMDCURPLSA-M	MNXM1106181	ModelSEED	2.6.1	CC BY 4.0 (ModelSEED GitHub repository)	open
pect	seed	cpd00280;cpd05262	MNXM1106181	ModelSEED	2.6.1	CC BY 4.0 (ModelSEED GitHub repository)	open
pelinl_hs	chebi	chebi:181325	MNXM1373374	ChEBI	244	All data non-proprietary or derived from a non-proprietary source; freely accessible and available to anyone	open
pendecaeth	chebi	chebi:165589	MNXM73153	ChEBI	244	All data non-proprietary or derived from a non-proprietary source; freely accessible and available to anyone	open
pentcoa	chebi	chebi:15536;chebi:57389	MNXM1104372	ChEBI	244	All data non-proprietary or derived from a non-proprietary source; freely accessible and available to anyone	open
pentcoa	inchiKey	RXUATCUKICAIOA-ZMHDXICWSA-J	MNXM1104372	ModelSEED	2.6.1	CC BY 4.0 (ModelSEED GitHub repository)	open
pentcoa	seed	cpd00660	MNXM1104372	ModelSEED	2.6.1	CC BY 4.0 (ModelSEED GitHub repository)	open
peole_hs	chebi	chebi:181143	MNXM1373245	ChEBI	244	All data non-proprietary or derived from a non-proprietary source; freely accessible and available to anyone	open
pep	inchiKey	DTBNBXWJWCWCIK-UHFFFAOYSA-K	MNXM73	ModelSEED	2.6.1	CC BY 4.0 (ModelSEED GitHub repository)	open
pep	seed	cpd00061	MNXM73	ModelSEED	2.6.1	CC BY 4.0 (ModelSEED GitHub repository)	open
pepalm_hs	chebi	chebi:176760;chebi:73004;chebi:73134	MNXM32511	ChEBI	244	All data non-proprietary or derived from a non-proprietary source; freely accessible and available to anyone	open
pepalm_hs	inchiKey	YVYMBNSKXOXSKW-HXUWFJFHSA-N	MNXM32511	ModelSEED	2.6.1	CC BY 4.0 (ModelSEED GitHub repository)	open
pepalm_hs	seed	cpd25195	MNXM32511	ModelSEED	2.6.1	CC BY 4.0 (ModelSEED GitHub repository)	open
perillyl	inchiKey	NDTYTMIUWGWIMO-SNVBAGLBSA-N	MNXM731537	ModelSEED	2.6.1	CC BY 4.0 (ModelSEED GitHub repository)	open
perillyl	seed	cpd01614	MNXM731537	ModelSEED	2.6.1	CC BY 4.0 (ModelSEED GitHub repository)	open
peste_hs	chebi	chebi:75036;chebi:83047	MNXM722840	ChEBI	244	All data non-proprietary or derived from a non-proprietary source; freely accessible and available to anyone	open
peste_hs	inchiKey	BBYWOYAFBUOUFP-JOCHJYFZSA-N	MNXM722840	ModelSEED	2.6.1	CC BY 4.0 (ModelSEED GitHub repository)	open
peste_hs	seed	cpd26433	MNXM722840	ModelSEED	2.6.1	CC BY 4.0 (ModelSEED GitHub repository)	open
phaccoa	inchiKey	ZIGIFDRJFZYEEQ-CECATXLMSA-J	MNXM1104563	ModelSEED	2.6.1	CC BY 4.0 (ModelSEED GitHub repository)	open
phaccoa	seed	cpd00452	MNXM1104563	ModelSEED	2.6.1	CC BY 4.0 (ModelSEED GitHub repository)	open
phacgly	chebi	chebi:27480;chebi:60874	MNXM4775	ChEBI	244	All data non-proprietary or derived from a non-proprietary source; freely accessible and available to anyone	open
phacgly	inchiKey	UTYVDVLMYQPLQB-UHFFFAOYSA-M	MNXM4775	ModelSEED	2.6.1	CC BY 4.0 (ModelSEED GitHub repository)	open
phacgly	seed	cpd03325	MNXM4775	ModelSEED	2.6.1	CC BY 4.0 (ModelSEED GitHub repository)	open
phe_L	inchiKey	COLNVLDHVKWLRT-QMMMGPOBSA-N	MNXM741664	ModelSEED	2.6.1	CC BY 4.0 (ModelSEED GitHub repository)	open
pheacgln	inchiKey	JFLIEFSWGNOPJJ-JTQLQIEISA-M	MNXM730885	ModelSEED	2.6.1	CC BY 4.0 (ModelSEED GitHub repository)	open
pheacgln	seed	cpd02559	MNXM730885	ModelSEED	2.6.1	CC BY 4.0 (ModelSEED GitHub repository)	open
pheacgly	chebi	chebi:27480;chebi:60874	MNXM4775	ChEBI	244	All data non-proprietary or derived from a non-proprietary source; freely accessible and available to anyone	open
pheacgly	inchiKey	UTYVDVLMYQPLQB-UHFFFAOYSA-M	MNXM4775	ModelSEED	2.6.1	CC BY 4.0 (ModelSEED GitHub repository)	open
pheacgly	seed	cpd03325	MNXM4775	ModelSEED	2.6.1	CC BY 4.0 (ModelSEED GitHub repository)	open
pheleuhis	chebi	chebi:161647	MNXM744836	ChEBI	244	All data non-proprietary or derived from a non-proprietary source; freely accessible and available to anyone	open
phlac	chebi	chebi:25998;chebi:8100	MNXM726664	ChEBI	244	All data non-proprietary or derived from a non-proprietary source; freely accessible and available to anyone	open
phom	inchiKey	FXDNYOANAXWZHG-VKHMYHEASA-L	MNXM1334	ModelSEED	2.6.1	CC BY 4.0 (ModelSEED GitHub repository)	open
phom	seed	cpd00809;cpd12751	MNXM1334	ModelSEED	2.6.1	CC BY 4.0 (ModelSEED GitHub repository)	open
phpyr	inchiKey	BTNMPGBKDVTSJY-UHFFFAOYSA-M	MNXM730221	ModelSEED	2.6.1	CC BY 4.0 (ModelSEED GitHub repository)	open
phpyr	seed	cpd00143	MNXM730221	ModelSEED	2.6.1	CC BY 4.0 (ModelSEED GitHub repository)	open
phsph1p	chebi	chebi:46970;chebi:64795	MNXM1104415	ChEBI	244	All data non-proprietary or derived from a non-proprietary source; freely accessible and available to anyone	open
phsph1p	inchiKey	AYGOSKULTISFCW-KSZLIROESA-M	MNXM1104415	ModelSEED	2.6.1	CC BY 4.0 (ModelSEED GitHub repository)	open
phsph1p	seed	cpd15283;cpd27794	MNXM1104415	ModelSEED	2.6.1	CC BY 4.0 (ModelSEED GitHub repository)	open
phsphings	chebi	chebi:177499	MNXM1370041	ChEBI	244	All data non-proprietary or derived from a non-proprietary source; freely accessible and available to anyone	open
phyQ	inchiKey	MBWXNTAXLNYFJB-NKFFZRIASA-N	MNXM1364296	ModelSEED	2.6.1	CC BY 4.0 (ModelSEED GitHub repository)	open
phyQ	seed	cpd01401	MNXM1364296	ModelSEED	2.6.1	CC BY 4.0 (ModelSEED GitHub repository)	open
phyt	inchiKey	RLCKHJSFHOZMDR-UHFFFAOYSA-M	MNXM731141	ModelSEED	2.6.1	CC BY 4.0 (ModelSEED GitHub repository)	open
phyt	seed	cpd01130	MNXM731141	ModelSEED	2.6.1	CC BY 4.0 (ModelSEED GitHub repository)	open
phyt2ohcoa	chebi	chebi:15475;chebi:57334	MNXM1104772	ChEBI	244	All data non-proprietary or derived from a non-proprietary source; freely accessible and available to anyone	open
phyt2ohcoa	inchiKey	WNVFJMYPVBOLKV-YLNUKALLSA-J	MNXM1104772	ModelSEED	2.6.1	CC BY 4.0 (ModelSEED GitHub repository)	open
phyt2ohcoa	seed	cpd04546	MNXM1104772	ModelSEED	2.6.1	CC BY 4.0 (ModelSEED GitHub repository)	open
phytcoa	inchiKey	NRJQGHHZMSOUEN-HHVNVSIESA-J	MNXM1104764	ModelSEED	2.6.1	CC BY 4.0 (ModelSEED GitHub repository)	open
phytcoa	seed	cpd01402	MNXM1104764	ModelSEED	2.6.1	CC BY 4.0 (ModelSEED GitHub repository)	open
pi	inchiKey	NBIIXXVUZAFLBC-UHFFFAOYSA-L	MNXM9	ModelSEED	2.6.1	CC BY 4.0 (ModelSEED GitHub repository)	open
pmeth	chebi	chebi:71464	MNXM107548	ChEBI	244	All data non-proprietary or derived from a non-proprietary source; freely accessible and available to anyone	open
pmeth	inchiKey	HXYVTAGFYLMHSO-UHFFFAOYSA-N	MNXM107548	ModelSEED	2.6.1	CC BY 4.0 (ModelSEED GitHub repository)	open
pmeth	seed	cpd16300	MNXM107548	ModelSEED	2.6.1	CC BY 4.0 (ModelSEED GitHub repository)	open
pmtcoa	inchiKey	MNBKLUUYKPBKDU-BBECNAHFSA-J	MNXM1106160	ModelSEED	2.6.1	CC BY 4.0 (ModelSEED GitHub repository)	open
pmtcoa	seed	cpd00134	MNXM1106160	ModelSEED	2.6.1	CC BY 4.0 (ModelSEED GitHub repository)	open
pmtcrn	inchiKey	XOMRRQXKHMYMOC-OAQYLSRUSA-N	MNXM730425	ModelSEED	2.6.1	CC BY 4.0 (ModelSEED GitHub repository)	open
pmtcrn	seed	cpd01915	MNXM730425	ModelSEED	2.6.1	CC BY 4.0 (ModelSEED GitHub repository)	open
pnto_R	inchiKey	GHOKWGTUZJEAQD-ZETCQYMHSA-M	MNXM1371612	ModelSEED	2.6.1	CC BY 4.0 (ModelSEED GitHub repository)	open
ppa	inchiKey	XBDQKXXYIPTUBI-UHFFFAOYSA-M	MNXM1094052	ModelSEED	2.6.1	CC BY 4.0 (ModelSEED GitHub repository)	open
ppa	seed	cpd00141	MNXM1094052	ModelSEED	2.6.1	CC BY 4.0 (ModelSEED GitHub repository)	open
ppbng	inchiKey	QSHWIQZFGQKFMA-UHFFFAOYSA-M	MNXM554	ModelSEED	2.6.1	CC BY 4.0 (ModelSEED GitHub repository)	open
ppbng	seed	cpd00689	MNXM554	ModelSEED	2.6.1	CC BY 4.0 (ModelSEED GitHub repository)	open
ppcoa	inchiKey	QAQREVBBADEHPA-IEXPHMLFSA-J	MNXM1364266	ModelSEED	2.6.1	CC BY 4.0 (ModelSEED GitHub repository)	open
ppcoa	seed	cpd00086	MNXM1364266	ModelSEED	2.6.1	CC BY 4.0 (ModelSEED GitHub repository)	open
ppi	inchiKey	XPPKVPWEQAFLFU-UHFFFAOYSA-K	MNXM11	ModelSEED	2.6.1	CC BY 4.0 (ModelSEED GitHub repository)	open
ppiogly	chebi	chebi:132936;chebi:89836	MNXM78230	ChEBI	244	All data non-proprietary or derived from a non-proprietary source; freely accessible and available to anyone	open
ppmi12346p	inchiKey	UPHPWXPNZIOZJL-KXXVROSKSA-B	MNXM1102135	ModelSEED	2.6.1	CC BY 4.0 (ModelSEED GitHub repository)	open
ppmi12346p	seed	cpd08361;cpd36883	MNXM1102135	ModelSEED	2.6.1	CC BY 4.0 (ModelSEED GitHub repository)	open
pppg9	inchiKey	UHSGPDMIQQYNAX-UHFFFAOYSA-L	MNXM351	ModelSEED	2.6.1	CC BY 4.0 (ModelSEED GitHub repository)	open
pppg9	seed	cpd00791	MNXM351	ModelSEED	2.6.1	CC BY 4.0 (ModelSEED GitHub repository)	open
pppi	inchiKey	UNXRWKVEANCORM-UHFFFAOYSA-J	MNXM332	ModelSEED	2.6.1	CC BY 4.0 (ModelSEED GitHub repository)	open
pppi	seed	cpd00421;cpd11672	MNXM332	ModelSEED	2.6.1	CC BY 4.0 (ModelSEED GitHub repository)	open
pram	inchiKey	SKCBPEVYGOQGJN-TXICZTDVSA-M	MNXM1363982	ModelSEED	2.6.1	CC BY 4.0 (ModelSEED GitHub repository)	open
pram	seed	cpd01982	MNXM1363982	ModelSEED	2.6.1	CC BY 4.0 (ModelSEED GitHub repository)	open
prgnlone	inchiKey	ORNBQBCIOKFOEO-QGVNFLHTSA-N	MNXM735193	ModelSEED	2.6.1	CC BY 4.0 (ModelSEED GitHub repository)	open
prgnlone	seed	cpd01342	MNXM735193	ModelSEED	2.6.1	CC BY 4.0 (ModelSEED GitHub repository)	open
prgnlones	inchiKey	DIJBBUIOWGGQOP-QGVNFLHTSA-M	MNXM732771	ModelSEED	2.6.1	CC BY 4.0 (ModelSEED GitHub repository)	open
prgnlones	seed	cpd18027	MNXM732771	ModelSEED	2.6.1	CC BY 4.0 (ModelSEED GitHub repository)	open
prgstrn	inchiKey	RJKFOVLPORLFTN-LEKSSAKUSA-N	MNXM730474	ModelSEED	2.6.1	CC BY 4.0 (ModelSEED GitHub repository)	open
prgstrn	seed	cpd00325	MNXM730474	ModelSEED	2.6.1	CC BY 4.0 (ModelSEED GitHub repository)	open
prist	inchiKey	PAHGJZDQXIOYTH-UHFFFAOYSA-M	MNXM3342	ModelSEED	2.6.1	CC BY 4.0 (ModelSEED GitHub repository)	open
prist	seed	cpd27807	MNXM3342	ModelSEED	2.6.1	CC BY 4.0 (ModelSEED GitHub repository)	open
pristanal	chebi	chebi:49189	MNXM1947	ChEBI	244	All data non-proprietary or derived from a non-proprietary source; freely accessible and available to anyone	open
pristanal	inchiKey	IZJRIIWUSIGEAJ-UHFFFAOYSA-N	MNXM1947	ModelSEED	2.6.1	CC BY 4.0 (ModelSEED GitHub repository)	open
pristanal	seed	cpd34358	MNXM1947	ModelSEED	2.6.1	CC BY 4.0 (ModelSEED GitHub repository)	open
pristcoa	inchiKey	XYJPSQPVCBNZHT-TUKYSRJDSA-J	MNXM1363884	ModelSEED	2.6.1	CC BY 4.0 (ModelSEED GitHub repository)	open
pristcoa	seed	cpd33391	MNXM1363884	ModelSEED	2.6.1	CC BY 4.0 (ModelSEED GitHub repository)	open
pro_D	inchiKey	ONIBWKKTOPOVIA-SCSAIBSYSA-N	MNXM162989	ModelSEED	2.6.1	CC BY 4.0 (ModelSEED GitHub repository)	open
pro_D	seed	cpd00567	MNXM162989	ModelSEED	2.6.1	CC BY 4.0 (ModelSEED GitHub repository)	open
pro_L	inchiKey	ONIBWKKTOPOVIA-BYPYZUCNSA-N	MNXM114	ModelSEED	2.6.1	CC BY 4.0 (ModelSEED GitHub repository)	open
progly	chebi	chebi:61695;chebi:61696	MNXM1370137	ChEBI	244	All data non-proprietary or derived from a non-proprietary source; freely accessible and available to anyone	open
prohistyr	chebi	chebi:162373	MNXM744857	ChEBI	244	All data non-proprietary or derived from a non-proprietary source; freely accessible and available to anyone	open
prophe	chebi	chebi:74795	MNXM738623	ChEBI	244	All data non-proprietary or derived from a non-proprietary source; freely accessible and available to anyone	open
prostge1	inchiKey	GMVPRGQOIOIIMI-DWKJAMRDSA-M	MNXM730388	ModelSEED	2.6.1	CC BY 4.0 (ModelSEED GitHub repository)	open
prostge1	seed	cpd02889	MNXM730388	ModelSEED	2.6.1	CC BY 4.0 (ModelSEED GitHub repository)	open
prostge2	inchiKey	XEYBRNLFEZDVAW-ARSRFYASSA-M	MNXM661	ModelSEED	2.6.1	CC BY 4.0 (ModelSEED GitHub repository)	open
prostge2	seed	cpd00454	MNXM661	ModelSEED	2.6.1	CC BY 4.0 (ModelSEED GitHub repository)	open
prostgf2	inchiKey	PXGPLTODNUVGFL-YNNPMVKQSA-M	MNXM1364070	ModelSEED	2.6.1	CC BY 4.0 (ModelSEED GitHub repository)	open
prostgf2	seed	cpd00488	MNXM1364070	ModelSEED	2.6.1	CC BY 4.0 (ModelSEED GitHub repository)	open
prostgh2	inchiKey	YIBNHAJFJUQSRA-YNNPMVKQSA-M	MNXM730289	ModelSEED	2.6.1	CC BY 4.0 (ModelSEED GitHub repository)	open
prostgh2	seed	cpd00336	MNXM730289	ModelSEED	2.6.1	CC BY 4.0 (ModelSEED GitHub repository)	open
protrpthr	chebi	chebi:162729	MNXM744863	ChEBI	244	All data non-proprietary or derived from a non-proprietary source; freely accessible and available to anyone	open
prpp	inchiKey	PQGCEDQWHSBAJP-TXICZTDVSA-J	MNXM1104453	ModelSEED	2.6.1	CC BY 4.0 (ModelSEED GitHub repository)	open
prpp	seed	cpd00103	MNXM1104453	ModelSEED	2.6.1	CC BY 4.0 (ModelSEED GitHub repository)	open
pser_L	inchiKey	BZQFBWGGLXLEPQ-REOHCLBHSA-L	MNXM1094062	ModelSEED	2.6.1	CC BY 4.0 (ModelSEED GitHub repository)	open
pser_L	seed	cpd00738	MNXM1094062	ModelSEED	2.6.1	CC BY 4.0 (ModelSEED GitHub repository)	open
ptdca	inchiKey	WQEPLUUGTLDZJY-UHFFFAOYSA-M	MNXM12597	ModelSEED	2.6.1	CC BY 4.0 (ModelSEED GitHub repository)	open
ptdca	seed	cpd16351	MNXM12597	ModelSEED	2.6.1	CC BY 4.0 (ModelSEED GitHub repository)	open
ptdcacoa	chebi	chebi:74309;chebi:74574	MNXM1370960	ChEBI	244	All data non-proprietary or derived from a non-proprietary source; freely accessible and available to anyone	open
ptdcacoa	inchiKey	VLBCUOVMSMAIJC-VTINEICCSA-J	MNXM1370960	ModelSEED	2.6.1	CC BY 4.0 (ModelSEED GitHub repository)	open
ptdcacoa	seed	cpd34011	MNXM1370960	ModelSEED	2.6.1	CC BY 4.0 (ModelSEED GitHub repository)	open
ptdcacrn	chebi	chebi:131886;chebi:190551	MNXM1370409	ChEBI	244	All data non-proprietary or derived from a non-proprietary source; freely accessible and available to anyone	open
ptrc	inchiKey	KIDHWZJUCRJVML-UHFFFAOYSA-P	MNXM118	ModelSEED	2.6.1	CC BY 4.0 (ModelSEED GitHub repository)	open
ptth	inchiKey	ZNXZGRMVNNHPCA-VIFPVBQESA-N	MNXM727034	ModelSEED	2.6.1	CC BY 4.0 (ModelSEED GitHub repository)	open
ptth	seed	cpd00620	MNXM727034	ModelSEED	2.6.1	CC BY 4.0 (ModelSEED GitHub repository)	open
ptvst	chebi	chebi:32020;chebi:71260	MNXM160293	ChEBI	244	All data non-proprietary or derived from a non-proprietary source; freely accessible and available to anyone	open
ptvst	inchiKey	VGYFMXBACGZSIL-MCBHFWOFSA-M	MNXM160293	ModelSEED	2.6.1	CC BY 4.0 (ModelSEED GitHub repository)	open
ptvst	seed	cpd19138	MNXM160293	ModelSEED	2.6.1	CC BY 4.0 (ModelSEED GitHub repository)	open
pvs	chebi	chebi:63618;chebi:63660	MNXM680760	ChEBI	244	All data non-proprietary or derived from a non-proprietary source; freely accessible and available to anyone	open
pvs	inchiKey	TUZYXOIXSAXUGO-PZAWKZKUSA-M	MNXM680760	ModelSEED	2.6.1	CC BY 4.0 (ModelSEED GitHub repository)	open
pvs	seed	cpd01268	MNXM680760	ModelSEED	2.6.1	CC BY 4.0 (ModelSEED GitHub repository)	open
pyam5p	inchiKey	ZMJGSOSNSPKHNH-UHFFFAOYSA-M	MNXM366	ModelSEED	2.6.1	CC BY 4.0 (ModelSEED GitHub repository)	open
pyam5p	seed	cpd00493	MNXM366	ModelSEED	2.6.1	CC BY 4.0 (ModelSEED GitHub repository)	open
pydam	inchiKey	NHZMQXZHNVQTQA-UHFFFAOYSA-O	MNXM548	ModelSEED	2.6.1	CC BY 4.0 (ModelSEED GitHub repository)	open
pydam	seed	cpd00419	MNXM548	ModelSEED	2.6.1	CC BY 4.0 (ModelSEED GitHub repository)	open
pydx	inchiKey	RADKZDMFGJYCBB-UHFFFAOYSA-N	MNXM311	ModelSEED	2.6.1	CC BY 4.0 (ModelSEED GitHub repository)	open
pydx	seed	cpd00215	MNXM311	ModelSEED	2.6.1	CC BY 4.0 (ModelSEED GitHub repository)	open
pydx5p	inchiKey	NGVDGCNFYWLIFO-UHFFFAOYSA-L	MNXM161	ModelSEED	2.6.1	CC BY 4.0 (ModelSEED GitHub repository)	open
pydx5p	seed	cpd00016	MNXM161	ModelSEED	2.6.1	CC BY 4.0 (ModelSEED GitHub repository)	open
pydxn	inchiKey	LXNHXLLTXMVWPM-UHFFFAOYSA-N	MNXM419	ModelSEED	2.6.1	CC BY 4.0 (ModelSEED GitHub repository)	open
pydxn	seed	cpd00263	MNXM419	ModelSEED	2.6.1	CC BY 4.0 (ModelSEED GitHub repository)	open
pyr	inchiKey	LCTONWCANYUPML-UHFFFAOYSA-M	MNXM23	ModelSEED	2.6.1	CC BY 4.0 (ModelSEED GitHub repository)	open
pyr	seed	cpd00020	MNXM23	ModelSEED	2.6.1	CC BY 4.0 (ModelSEED GitHub repository)	open
q10	inchiKey	ACTIUHUUMQJHFO-UPTCCGCDSA-N	MNXM1364539	ModelSEED	2.6.1	CC BY 4.0 (ModelSEED GitHub repository)	open
q10	seed	cpd08232	MNXM1364539	ModelSEED	2.6.1	CC BY 4.0 (ModelSEED GitHub repository)	open
q10h2	inchiKey	QNTNKSLOFHEFPK-UPTCCGCDSA-N	MNXM1108515	ModelSEED	2.6.1	CC BY 4.0 (ModelSEED GitHub repository)	open
q10h2	seed	cpd25915	MNXM1108515	ModelSEED	2.6.1	CC BY 4.0 (ModelSEED GitHub repository)	open
quln	inchiKey	GJAWHXHKYYXBSV-UHFFFAOYSA-L	MNXM555	ModelSEED	2.6.1	CC BY 4.0 (ModelSEED GitHub repository)	open
quln	seed	cpd02333	MNXM555	ModelSEED	2.6.1	CC BY 4.0 (ModelSEED GitHub repository)	open
r1p	inchiKey	YXJDFQJKERBOBM-TXICZTDVSA-L	MNXM1103205	ModelSEED	2.6.1	CC BY 4.0 (ModelSEED GitHub repository)	open
r1p	seed	cpd00475	MNXM1103205	ModelSEED	2.6.1	CC BY 4.0 (ModelSEED GitHub repository)	open
rbl_D	inchiKey	ZAQJHHRNXZUBTE-VXPOTGITSA-N	MNXM1371690	ModelSEED	2.6.1	CC BY 4.0 (ModelSEED GitHub repository)	open
rbl_D	seed	cpd28115	MNXM1371690	ModelSEED	2.6.1	CC BY 4.0 (ModelSEED GitHub repository)	open
rbt	inchiKey	HEBKCHPVOIAQTA-ZXFHETKHSA-N	MNXM1820	ModelSEED	2.6.1	CC BY 4.0 (ModelSEED GitHub repository)	open
rbt	seed	cpd00366	MNXM1820	ModelSEED	2.6.1	CC BY 4.0 (ModelSEED GitHub repository)	open
retinal	inchiKey	NCYCYZXNIZJOKI-OVSJKPMPSA-N	MNXM1364167	ModelSEED	2.6.1	CC BY 4.0 (ModelSEED GitHub repository)	open
retinal	seed	cpd00304	MNXM1364167	ModelSEED	2.6.1	CC BY 4.0 (ModelSEED GitHub repository)	open
retinal_11_cis	inchiKey	NCYCYZXNIZJOKI-IOUUIBBYSA-N	MNXM1364166	ModelSEED	2.6.1	CC BY 4.0 (ModelSEED GitHub repository)	open
retinal_11_cis	seed	cpd01430	MNXM1364166	ModelSEED	2.6.1	CC BY 4.0 (ModelSEED GitHub repository)	open
retinal_cis_13	inchiKey	NCYCYZXNIZJOKI-HWCYFHEPSA-N	MNXM1364168	ModelSEED	2.6.1	CC BY 4.0 (ModelSEED GitHub repository)	open
retinal_cis_13	seed	cpd23916	MNXM1364168	ModelSEED	2.6.1	CC BY 4.0 (ModelSEED GitHub repository)	open
retinal_cis_9	chebi	chebi:78273	MNXM1364169	ChEBI	244	All data non-proprietary or derived from a non-proprietary source; freely accessible and available to anyone	open
retinal_cis_9	inchiKey	NCYCYZXNIZJOKI-BOOMUCAASA-N	MNXM1364169	ModelSEED	2.6.1	CC BY 4.0 (ModelSEED GitHub repository)	open
retinal_cis_9	seed	cpd16479	MNXM1364169	ModelSEED	2.6.1	CC BY 4.0 (ModelSEED GitHub repository)	open
retinol	inchiKey	FPIPGXGPPPQFEQ-OVSJKPMPSA-N	MNXM1363773	ModelSEED	2.6.1	CC BY 4.0 (ModelSEED GitHub repository)	open
retinol	seed	cpd00365	MNXM1363773	ModelSEED	2.6.1	CC BY 4.0 (ModelSEED GitHub repository)	open
retinol_9_cis	chebi	chebi:78272	MNXM1363775	ChEBI	244	All data non-proprietary or derived from a non-proprietary source; freely accessible and available to anyone	open
retinol_9_cis	inchiKey	FPIPGXGPPPQFEQ-BOOMUCAASA-N	MNXM1363775	ModelSEED	2.6.1	CC BY 4.0 (ModelSEED GitHub repository)	open
retinol_9_cis	seed	cpd16480	MNXM1363775	ModelSEED	2.6.1	CC BY 4.0 (ModelSEED GitHub repository)	open
retinol_cis_11	chebi	chebi:16302	MNXM1363772	ChEBI	244	All data non-proprietary or derived from a non-proprietary source; freely accessible and available to anyone	open
retinol_cis_11	inchiKey	FPIPGXGPPPQFEQ-IOUUIBBYSA-N	MNXM1363772	ModelSEED	2.6.1	CC BY 4.0 (ModelSEED GitHub repository)	open
retinol_cis_11	seed	cpd00667	MNXM1363772	ModelSEED	2.6.1	CC BY 4.0 (ModelSEED GitHub repository)	open
retinol_cis_13	chebi	chebi:45479	MNXM1363774	ChEBI	244	All data non-proprietary or derived from a non-proprietary source; freely accessible and available to anyone	open
retinol_cis_13	inchiKey	FPIPGXGPPPQFEQ-HWCYFHEPSA-N	MNXM1363774	ModelSEED	2.6.1	CC BY 4.0 (ModelSEED GitHub repository)	open
retinol_cis_13	seed	cpd21201	MNXM1363774	ModelSEED	2.6.1	CC BY 4.0 (ModelSEED GitHub repository)	open
retn	inchiKey	SHGAZHPCJJPHSC-YCNIQYBTSA-M	MNXM1364381	ModelSEED	2.6.1	CC BY 4.0 (ModelSEED GitHub repository)	open
retn	seed	cpd00577	MNXM1364381	ModelSEED	2.6.1	CC BY 4.0 (ModelSEED GitHub repository)	open
retnglc	inchiKey	MTGFYEHKPMOVNE-NEFMKCFNSA-M	MNXM1363989	ModelSEED	2.6.1	CC BY 4.0 (ModelSEED GitHub repository)	open
retnglc	seed	cpd07945	MNXM1363989	ModelSEED	2.6.1	CC BY 4.0 (ModelSEED GitHub repository)	open
rib_D	inchiKey	HMFHBZSHGGEWLO-SOOFDHNKSA-N	MNXM1108051	ModelSEED	2.6.1	CC BY 4.0 (ModelSEED GitHub repository)	open
ribflv	inchiKey	AUNGANRZJHBGPY-SCRDCRAPSA-M	MNXM270	ModelSEED	2.6.1	CC BY 4.0 (ModelSEED GitHub repository)	open
rnam	inchiKey	JLEBZPBDRKPWTD-TURQNECASA-O	MNXM1101283	ModelSEED	2.6.1	CC BY 4.0 (ModelSEED GitHub repository)	open
rnam	seed	cpd02016	MNXM1101283	ModelSEED	2.6.1	CC BY 4.0 (ModelSEED GitHub repository)	open
rsv	chebi	chebi:38545;chebi:77313	MNXM1368486	ChEBI	244	All data non-proprietary or derived from a non-proprietary source; freely accessible and available to anyone	open
ru5p_D	inchiKey	FNZLKVNUWIIPSJ-UHNVWZDZSA-L	MNXM145	ModelSEED	2.6.1	CC BY 4.0 (ModelSEED GitHub repository)	open
ru5p_D	seed	cpd00171	MNXM145	ModelSEED	2.6.1	CC BY 4.0 (ModelSEED GitHub repository)	open
s2l2fn2m2masn	chebi	chebi:17363;chebi:37455;chebi:58121	MNXM145	ChEBI	244	All data non-proprietary or derived from a non-proprietary source; freely accessible and available to anyone	open
s2l2fn2m2masn	inchiKey	FNZLKVNUWIIPSJ-UHNVWZDZSA-L	MNXM145	ModelSEED	2.6.1	CC BY 4.0 (ModelSEED GitHub repository)	open
s2l2fn2m2masn	seed	cpd00171	MNXM145	ModelSEED	2.6.1	CC BY 4.0 (ModelSEED GitHub repository)	open
s7p	inchiKey	JDTUMPKOJBQPKX-GBNDHIKLSA-L	MNXM733314	ModelSEED	2.6.1	CC BY 4.0 (ModelSEED GitHub repository)	open
s7p	seed	cpd00238	MNXM733314	ModelSEED	2.6.1	CC BY 4.0 (ModelSEED GitHub repository)	open
saccrp_L	inchiKey	ZDGJAHTZVHVLOT-YUMQZZPRSA-M	MNXM735171	ModelSEED	2.6.1	CC BY 4.0 (ModelSEED GitHub repository)	open
saccrp_L	seed	cpd00351	MNXM735171	ModelSEED	2.6.1	CC BY 4.0 (ModelSEED GitHub repository)	open
sarcs	inchiKey	FSYKKLYZXJSNPZ-UHFFFAOYSA-N	MNXM300	ModelSEED	2.6.1	CC BY 4.0 (ModelSEED GitHub repository)	open
sarcs	seed	cpd00183	MNXM300	ModelSEED	2.6.1	CC BY 4.0 (ModelSEED GitHub repository)	open
sbcoa	chebi	chebi:76317;chebi:76352	MNXM1101921	ChEBI	244	All data non-proprietary or derived from a non-proprietary source; freely accessible and available to anyone	open
sbt_D	inchiKey	FBPFZTCFMRRESA-JGWLITMVSA-N	MNXM736685	ModelSEED	2.6.1	CC BY 4.0 (ModelSEED GitHub repository)	open
sbt_D	seed	cpd00588	MNXM736685	ModelSEED	2.6.1	CC BY 4.0 (ModelSEED GitHub repository)	open
sebacid	inchiKey	CXMXRPHRNRROMY-UHFFFAOYSA-L	MNXM730743	ModelSEED	2.6.1	CC BY 4.0 (ModelSEED GitHub repository)	open
sebacid	seed	cpd05192	MNXM730743	ModelSEED	2.6.1	CC BY 4.0 (ModelSEED GitHub repository)	open
sebcoa	chebi	chebi:76316;chebi:76345	MNXM726242	ChEBI	244	All data non-proprietary or derived from a non-proprietary source; freely accessible and available to anyone	open
selmeth	inchiKey	RJFAYQIBOAGBLC-BYPYZUCNSA-N	MNXM1676	ModelSEED	2.6.1	CC BY 4.0 (ModelSEED GitHub repository)	open
selmeth	seed	cpd03163	MNXM1676	ModelSEED	2.6.1	CC BY 4.0 (ModelSEED GitHub repository)	open
ser_D	inchiKey	MTCFGRXMJLQNBG-UWTATZPHSA-N	MNXM694	ModelSEED	2.6.1	CC BY 4.0 (ModelSEED GitHub repository)	open
ser_L	inchiKey	MTCFGRXMJLQNBG-REOHCLBHSA-N	MNXM737787	ModelSEED	2.6.1	CC BY 4.0 (ModelSEED GitHub repository)	open
sl_L	inchiKey	CQQGIWJSICOUON-UWTATZPHSA-L	MNXM90148	ModelSEED	2.6.1	CC BY 4.0 (ModelSEED GitHub repository)	open
sl_L	seed	cpd08338;cpd15906	MNXM90148	ModelSEED	2.6.1	CC BY 4.0 (ModelSEED GitHub repository)	open
slfcys	inchiKey	NOKPBJYHPHHWAN-REOHCLBHSA-M	MNXM732924	ModelSEED	2.6.1	CC BY 4.0 (ModelSEED GitHub repository)	open
slfcys	seed	cpd01608	MNXM732924	ModelSEED	2.6.1	CC BY 4.0 (ModelSEED GitHub repository)	open
smv	chebi	chebi:9150;chebi:91894	MNXM21753	ChEBI	244	All data non-proprietary or derived from a non-proprietary source; freely accessible and available to anyone	open
smv	inchiKey	RYMZZMVNJRMUDD-HGQWONQESA-N	MNXM21753	ModelSEED	2.6.1	CC BY 4.0 (ModelSEED GitHub repository)	open
smv	seed	cpd26601	MNXM21753	ModelSEED	2.6.1	CC BY 4.0 (ModelSEED GitHub repository)	open
smvacid	chebi	chebi:169041	MNXM21754	ChEBI	244	All data non-proprietary or derived from a non-proprietary source; freely accessible and available to anyone	open
smvacid	inchiKey	XWLXKKNPFMNSFA-HGQWONQESA-M	MNXM21754	ModelSEED	2.6.1	CC BY 4.0 (ModelSEED GitHub repository)	open
smvacid	seed	cpd26602	MNXM21754	ModelSEED	2.6.1	CC BY 4.0 (ModelSEED GitHub repository)	open
so3	inchiKey	LSNNMFCWUKXFEE-UHFFFAOYSA-M	MNXM726339	ModelSEED	2.6.1	CC BY 4.0 (ModelSEED GitHub repository)	open
so3	seed	cpd00081	MNXM726339	ModelSEED	2.6.1	CC BY 4.0 (ModelSEED GitHub repository)	open
so4	inchiKey	QAOWNCQODCNURD-UHFFFAOYSA-L	MNXM58	ModelSEED	2.6.1	CC BY 4.0 (ModelSEED GitHub repository)	open
spc_hs	chebi	chebi:17689;chebi:52897;chebi:58906	MNXM1104253	ChEBI	244	All data non-proprietary or derived from a non-proprietary source; freely accessible and available to anyone	open
spc_hs	inchiKey	JLVSPVFPBBFMBE-HXSWCURESA-O	MNXM1104253	ModelSEED	2.6.1	CC BY 4.0 (ModelSEED GitHub repository)	open
spc_hs	seed	cpd02284	MNXM1104253	ModelSEED	2.6.1	CC BY 4.0 (ModelSEED GitHub repository)	open
sph1p	inchiKey	YHEDRJPUIRMZMP-ZWKOTPCHSA-M	MNXM1103529	ModelSEED	2.6.1	CC BY 4.0 (ModelSEED GitHub repository)	open
sph1p	seed	cpd00824	MNXM1103529	ModelSEED	2.6.1	CC BY 4.0 (ModelSEED GitHub repository)	open
sphgn	inchiKey	OTKJDMGTUTTYMP-ZWKOTPCHSA-O	MNXM733692	ModelSEED	2.6.1	CC BY 4.0 (ModelSEED GitHub repository)	open
sphgn	seed	cpd00623;cpd26862	MNXM733692	ModelSEED	2.6.1	CC BY 4.0 (ModelSEED GitHub repository)	open
sphings	inchiKey	WWUZIQQURGPMPG-KRWOKUGFSA-O	MNXM1364421	ModelSEED	2.6.1	CC BY 4.0 (ModelSEED GitHub repository)	open
sphings	seed	cpd00267	MNXM1364421	ModelSEED	2.6.1	CC BY 4.0 (ModelSEED GitHub repository)	open
sphs1p	inchiKey	DUYSYHSSBDVJSM-KRWOKUGFSA-M	MNXM1104091	ModelSEED	2.6.1	CC BY 4.0 (ModelSEED GitHub repository)	open
sphs1p	seed	cpd03651	MNXM1104091	ModelSEED	2.6.1	CC BY 4.0 (ModelSEED GitHub repository)	open
spmd	inchiKey	ATHGHQPFGPMSJY-UHFFFAOYSA-Q	MNXM124	ModelSEED	2.6.1	CC BY 4.0 (ModelSEED GitHub repository)	open
sprm	inchiKey	PFNFFQXMRSDOHW-UHFFFAOYSA-R	MNXM408	ModelSEED	2.6.1	CC BY 4.0 (ModelSEED GitHub repository)	open
sprm	seed	cpd00558	MNXM408	ModelSEED	2.6.1	CC BY 4.0 (ModelSEED GitHub repository)	open
sql	inchiKey	YYGNTYWPHWGJRM-AAJYLUCBSA-N	MNXM1363956	ModelSEED	2.6.1	CC BY 4.0 (ModelSEED GitHub repository)	open
sql	seed	cpd00559	MNXM1363956	ModelSEED	2.6.1	CC BY 4.0 (ModelSEED GitHub repository)	open
srtn	inchiKey	QZAYGJVTTNCVMB-UHFFFAOYSA-O	MNXM357	ModelSEED	2.6.1	CC BY 4.0 (ModelSEED GitHub repository)	open
srtn	seed	cpd00579	MNXM357	ModelSEED	2.6.1	CC BY 4.0 (ModelSEED GitHub repository)	open
stcoa	inchiKey	SIARJEKBADXQJG-LFZQUHGESA-J	MNXM1104352	ModelSEED	2.6.1	CC BY 4.0 (ModelSEED GitHub repository)	open
stcoa	seed	cpd00327;cpd16825	MNXM1104352	ModelSEED	2.6.1	CC BY 4.0 (ModelSEED GitHub repository)	open
stcrn	chebi	chebi:181224;chebi:189710;chebi:190618;chebi:73074;chebi:84644	MNXM1104916	ChEBI	244	All data non-proprietary or derived from a non-proprietary source; freely accessible and available to anyone	open
stcrn	inchiKey	FNPHNLNTJNMAEE-HSZRJFAPSA-N	MNXM1104916	ModelSEED	2.6.1	CC BY 4.0 (ModelSEED GitHub repository)	open
stcrn	seed	cpd36045	MNXM1104916	ModelSEED	2.6.1	CC BY 4.0 (ModelSEED GitHub repository)	open
steeth	chebi	chebi:85299	MNXM82718	ChEBI	244	All data non-proprietary or derived from a non-proprietary source; freely accessible and available to anyone	open
steeth	inchiKey	OTGQIQQTPXJQRG-UHFFFAOYSA-N	MNXM82718	ModelSEED	2.6.1	CC BY 4.0 (ModelSEED GitHub repository)	open
steeth	seed	cpd35123	MNXM82718	ModelSEED	2.6.1	CC BY 4.0 (ModelSEED GitHub repository)	open
strdnc	inchiKey	JIWBIWFOSCKQMA-LTKCOYKYSA-M	MNXM5608	ModelSEED	2.6.1	CC BY 4.0 (ModelSEED GitHub repository)	open
strdnc	seed	cpd15016	MNXM5608	ModelSEED	2.6.1	CC BY 4.0 (ModelSEED GitHub repository)	open
strdnccoa	inchiKey	DDHCSALWDPRVCN-USWKVXSKSA-J	MNXM1103967	ModelSEED	2.6.1	CC BY 4.0 (ModelSEED GitHub repository)	open
strdnccoa	seed	cpd14884	MNXM1103967	ModelSEED	2.6.1	CC BY 4.0 (ModelSEED GitHub repository)	open
strdnccrn	chebi	chebi:175355	MNXM1372546	ChEBI	244	All data non-proprietary or derived from a non-proprietary source; freely accessible and available to anyone	open
subeac	inchiKey	TYFQFVWCELRYAO-UHFFFAOYSA-L	MNXM12964	ModelSEED	2.6.1	CC BY 4.0 (ModelSEED GitHub repository)	open
subeac	seed	cpd05193	MNXM12964	ModelSEED	2.6.1	CC BY 4.0 (ModelSEED GitHub repository)	open
subgly	chebi	chebi:88811	MNXM82866	ChEBI	244	All data non-proprietary or derived from a non-proprietary source; freely accessible and available to anyone	open
subgly	inchiKey	HXATVKDSYDWTCX-UHFFFAOYSA-L	MNXM82866	ModelSEED	2.6.1	CC BY 4.0 (ModelSEED GitHub repository)	open
subgly	seed	cpd25310	MNXM82866	ModelSEED	2.6.1	CC BY 4.0 (ModelSEED GitHub repository)	open
sucacetat	chebi	chebi:87999	MNXM482097	ChEBI	244	All data non-proprietary or derived from a non-proprietary source; freely accessible and available to anyone	open
sucaceto	chebi	chebi:87897	MNXM82899	ChEBI	244	All data non-proprietary or derived from a non-proprietary source; freely accessible and available to anyone	open
succ	inchiKey	KDYFGRWQOYBRFD-UHFFFAOYSA-L	MNXM25	ModelSEED	2.6.1	CC BY 4.0 (ModelSEED GitHub repository)	open
succoa	inchiKey	VNOYUJKHFWYWIR-ITIYDSSPSA-I	MNXM1104774	ModelSEED	2.6.1	CC BY 4.0 (ModelSEED GitHub repository)	open
succoa	seed	cpd00078	MNXM1104774	ModelSEED	2.6.1	CC BY 4.0 (ModelSEED GitHub repository)	open
sucr	inchiKey	CZMRCDWAGMRECN-UGDNZRGBSA-N	MNXM1104180	ModelSEED	2.6.1	CC BY 4.0 (ModelSEED GitHub repository)	open
sucsal	inchiKey	UIUJIQZEACWQSV-UHFFFAOYSA-M	MNXM172	ModelSEED	2.6.1	CC BY 4.0 (ModelSEED GitHub repository)	open
sucsal	seed	cpd00199	MNXM172	ModelSEED	2.6.1	CC BY 4.0 (ModelSEED GitHub repository)	open
sulpacmp	chebi	chebi:32635	MNXM3332	ChEBI	244	All data non-proprietary or derived from a non-proprietary source; freely accessible and available to anyone	open
taur	inchiKey	XOAAWQZATWQOTB-UHFFFAOYSA-N	MNXM282	ModelSEED	2.6.1	CC BY 4.0 (ModelSEED GitHub repository)	open
tchola	inchiKey	WBWWGRHZICKQGZ-HZAMXZRMSA-M	MNXM1104296	ModelSEED	2.6.1	CC BY 4.0 (ModelSEED GitHub repository)	open
tchola	seed	cpd03047	MNXM1104296	ModelSEED	2.6.1	CC BY 4.0 (ModelSEED GitHub repository)	open
tcynt	inchiKey	ZMZDMBWJUHKJPS-UHFFFAOYSA-M	MNXM1363636	ModelSEED	2.6.1	CC BY 4.0 (ModelSEED GitHub repository)	open
tcynt	seed	cpd01211;cpd32581	MNXM1363636	ModelSEED	2.6.1	CC BY 4.0 (ModelSEED GitHub repository)	open
tdchola	inchiKey	BHTRKEVKTKCXOH-BJLOMENOSA-M	MNXM731821	ModelSEED	2.6.1	CC BY 4.0 (ModelSEED GitHub repository)	open
tdchola	seed	cpd03246	MNXM731821	ModelSEED	2.6.1	CC BY 4.0 (ModelSEED GitHub repository)	open
tdcoa	inchiKey	DUAFKXOFBZQTQE-QSGBVPJFSA-J	MNXM1104283	ModelSEED	2.6.1	CC BY 4.0 (ModelSEED GitHub repository)	open
tdcoa	seed	cpd01695	MNXM1104283	ModelSEED	2.6.1	CC BY 4.0 (ModelSEED GitHub repository)	open
tddedicoa	chebi	chebi:234145	MNXM1413208	ChEBI	244	All data non-proprietary or derived from a non-proprietary source; freely accessible and available to anyone	open
tdec4ecoa	chebi	chebi:234369	MNXM1105050	ChEBI	244	All data non-proprietary or derived from a non-proprietary source; freely accessible and available to anyone	open
tdechola	inchiKey	AWDRATDZQPNJFN-VAYUFCLWSA-M	MNXM9132	ModelSEED	2.6.1	CC BY 4.0 (ModelSEED GitHub repository)	open
tdechola	seed	cpd03244	MNXM9132	ModelSEED	2.6.1	CC BY 4.0 (ModelSEED GitHub repository)	open
tetdeca511ac	chebi	chebi:171772	MNXM727630	ChEBI	244	All data non-proprietary or derived from a non-proprietary source; freely accessible and available to anyone	open
tetdecaeth	chebi	chebi:85262	MNXM62840	ChEBI	244	All data non-proprietary or derived from a non-proprietary source; freely accessible and available to anyone	open
tetdecdicoa	chebi	chebi:233789;chebi:70713	MNXM1364054	ChEBI	244	All data non-proprietary or derived from a non-proprietary source; freely accessible and available to anyone	open
tetdece1coa	chebi	chebi:27721;chebi:61405	MNXM1104173	ChEBI	244	All data non-proprietary or derived from a non-proprietary source; freely accessible and available to anyone	open
tetdece1coa	inchiKey	MBCVYCOKMMMWLX-YYMFEJJQSA-J	MNXM1104173	ModelSEED	2.6.1	CC BY 4.0 (ModelSEED GitHub repository)	open
tetdece1coa	seed	cpd03127	MNXM1104173	ModelSEED	2.6.1	CC BY 4.0 (ModelSEED GitHub repository)	open
tetdece1crn	chebi	chebi:73060	MNXM172827	ChEBI	244	All data non-proprietary or derived from a non-proprietary source; freely accessible and available to anyone	open
tethex3	chebi	chebi:77202;chebi:77366	MNXM739437	ChEBI	244	All data non-proprietary or derived from a non-proprietary source; freely accessible and available to anyone	open
tethex3	inchiKey	YHGJECVSSKXFCJ-KUBAVDMBSA-M	MNXM739437	ModelSEED	2.6.1	CC BY 4.0 (ModelSEED GitHub repository)	open
tethex3	seed	cpd24065	MNXM739437	ModelSEED	2.6.1	CC BY 4.0 (ModelSEED GitHub repository)	open
tethex3coa	chebi	chebi:63540;chebi:74086	MNXM1104667	ChEBI	244	All data non-proprietary or derived from a non-proprietary source; freely accessible and available to anyone	open
tethex3coa	inchiKey	KRIFZIRXAAITHR-KWFBMMABSA-J	MNXM1104667	ModelSEED	2.6.1	CC BY 4.0 (ModelSEED GitHub repository)	open
tethex3coa	seed	cpd14889	MNXM1104667	ModelSEED	2.6.1	CC BY 4.0 (ModelSEED GitHub repository)	open
tetpent3coa	inchiKey	BNAMTMVBOVNNSH-AFQBPCMKSA-J	MNXM1104016	ModelSEED	2.6.1	CC BY 4.0 (ModelSEED GitHub repository)	open
tetpent3coa	seed	cpd14888	MNXM1104016	ModelSEED	2.6.1	CC BY 4.0 (ModelSEED GitHub repository)	open
tetpent6coa	inchiKey	XZYNVQDKYRHKFG-QOJZHLSOSA-J	MNXM1103884	ModelSEED	2.6.1	CC BY 4.0 (ModelSEED GitHub repository)	open
tetpent6coa	seed	cpd14893	MNXM1103884	ModelSEED	2.6.1	CC BY 4.0 (ModelSEED GitHub repository)	open
tettet6coa	inchiKey	OKOXEYTYHDPTEW-GJYKHRJNSA-J	MNXM1104014	ModelSEED	2.6.1	CC BY 4.0 (ModelSEED GitHub repository)	open
tettet6coa	seed	cpd14892	MNXM1104014	ModelSEED	2.6.1	CC BY 4.0 (ModelSEED GitHub repository)	open
thbpt	inchiKey	FNKQXYHWGSIFBK-RPDRRWSUSA-N	MNXM1364259	ModelSEED	2.6.1	CC BY 4.0 (ModelSEED GitHub repository)	open
thbpt	seed	cpd00233	MNXM1364259	ModelSEED	2.6.1	CC BY 4.0 (ModelSEED GitHub repository)	open
thbpt4acam	inchiKey	KJKIEFUPAPPGBC-XXKOCQOQSA-N	MNXM31340	ModelSEED	2.6.1	CC BY 4.0 (ModelSEED GitHub repository)	open
thbpt4acam	seed	cpd03897;cpd24598	MNXM31340	ModelSEED	2.6.1	CC BY 4.0 (ModelSEED GitHub repository)	open
thcholst	inchiKey	USFJGINJGUIFSY-IUFSEJPUSA-N	MNXM730282	ModelSEED	2.6.1	CC BY 4.0 (ModelSEED GitHub repository)	open
thcholst	seed	cpd00955	MNXM730282	ModelSEED	2.6.1	CC BY 4.0 (ModelSEED GitHub repository)	open
thcholstoic	inchiKey	CNWPIIOQKZNXBB-WBYPBBSPSA-M	MNXM730275	ModelSEED	2.6.1	CC BY 4.0 (ModelSEED GitHub repository)	open
thcholstoic	seed	cpd02878	MNXM730275	ModelSEED	2.6.1	CC BY 4.0 (ModelSEED GitHub repository)	open
thexdd	chebi	chebi:86147	MNXM39223	ChEBI	244	All data non-proprietary or derived from a non-proprietary source; freely accessible and available to anyone	open
thexdd	inchiKey	WPJGPAAPSBVXNU-HZJYTTRNSA-M	MNXM39223	ModelSEED	2.6.1	CC BY 4.0 (ModelSEED GitHub repository)	open
thexdd	seed	cpd32677	MNXM39223	ModelSEED	2.6.1	CC BY 4.0 (ModelSEED GitHub repository)	open
thexddcoa	chebi	chebi:234204	MNXM1372158	ChEBI	244	All data non-proprietary or derived from a non-proprietary source; freely accessible and available to anyone	open
thf	inchiKey	MSTNYGQPCMXVAQ-RYUDHWBXSA-L	MNXM1103936	ModelSEED	2.6.1	CC BY 4.0 (ModelSEED GitHub repository)	open
thf	seed	cpd00087	MNXM1103936	ModelSEED	2.6.1	CC BY 4.0 (ModelSEED GitHub repository)	open
thm	inchiKey	JZRWCGZRTZMZEH-UHFFFAOYSA-N	MNXM730135	ModelSEED	2.6.1	CC BY 4.0 (ModelSEED GitHub repository)	open
thmmp	inchiKey	HZSAJDVWZRBGIF-UHFFFAOYSA-N	MNXM662	ModelSEED	2.6.1	CC BY 4.0 (ModelSEED GitHub repository)	open
thmmp	seed	cpd00793	MNXM662	ModelSEED	2.6.1	CC BY 4.0 (ModelSEED GitHub repository)	open
thmpp	inchiKey	AYEKOFBPNLCAJY-UHFFFAOYSA-M	MNXM256	ModelSEED	2.6.1	CC BY 4.0 (ModelSEED GitHub repository)	open
thmpp	seed	cpd00056	MNXM256	ModelSEED	2.6.1	CC BY 4.0 (ModelSEED GitHub repository)	open
thmtp	inchiKey	IWLROWZYZPNOFC-UHFFFAOYSA-L	MNXM1341	ModelSEED	2.6.1	CC BY 4.0 (ModelSEED GitHub repository)	open
thmtp	seed	cpd01937	MNXM1341	ModelSEED	2.6.1	CC BY 4.0 (ModelSEED GitHub repository)	open
thp2c	inchiKey	CSDPVAKVEWETFG-YFKPBYRVSA-M	MNXM748	ModelSEED	2.6.1	CC BY 4.0 (ModelSEED GitHub repository)	open
thp2c	seed	cpd00352	MNXM748	ModelSEED	2.6.1	CC BY 4.0 (ModelSEED GitHub repository)	open
thr_L	inchiKey	AYFVYJQAPQTCCC-GBXIJSLDSA-N	MNXM142	ModelSEED	2.6.1	CC BY 4.0 (ModelSEED GitHub repository)	open
thrnt	inchiKey	JPIJQSOTBSSVTP-STHAYSLISA-M	MNXM1364438	ModelSEED	2.6.1	CC BY 4.0 (ModelSEED GitHub repository)	open
thrnt	seed	cpd01138	MNXM1364438	ModelSEED	2.6.1	CC BY 4.0 (ModelSEED GitHub repository)	open
thymd	inchiKey	IQFYYKKMVGJFEH-XLPZGREQSA-N	MNXM420	ModelSEED	2.6.1	CC BY 4.0 (ModelSEED GitHub repository)	open
thyochol	inchiKey	XSOLDPYUICCHJX-QZEPYOAJSA-M	MNXM1094293	ModelSEED	2.6.1	CC BY 4.0 (ModelSEED GitHub repository)	open
thyochol	seed	cpd11196	MNXM1094293	ModelSEED	2.6.1	CC BY 4.0 (ModelSEED GitHub repository)	open
thyox_L	inchiKey	XUIIKFGFIJCVMT-LBPRGKRZSA-N	MNXM726865	ModelSEED	2.6.1	CC BY 4.0 (ModelSEED GitHub repository)	open
thyox_L	seed	cpd01259;cpd27373	MNXM726865	ModelSEED	2.6.1	CC BY 4.0 (ModelSEED GitHub repository)	open
tiggly	chebi	chebi:73018	MNXM87229	ChEBI	244	All data non-proprietary or derived from a non-proprietary source; freely accessible and available to anyone	open
tmd	chebi	chebi:9637	MNXM87473	ChEBI	244	All data non-proprietary or derived from a non-proprietary source; freely accessible and available to anyone	open
tmlys	inchiKey	MXNRLFUSFKVQSK-QMMMGPOBSA-O	MNXM1486	ModelSEED	2.6.1	CC BY 4.0 (ModelSEED GitHub repository)	open
tmlys	seed	cpd02374	MNXM1486	ModelSEED	2.6.1	CC BY 4.0 (ModelSEED GitHub repository)	open
tmndnc	inchiKey	JAZBEHYOTPTENJ-JLNKQSITSA-M	MNXM727959	ModelSEED	2.6.1	CC BY 4.0 (ModelSEED GitHub repository)	open
tmndnc	seed	cpd03851	MNXM727959	ModelSEED	2.6.1	CC BY 4.0 (ModelSEED GitHub repository)	open
tmndnccoa	chebi	chebi:63539;chebi:73862	MNXM1105681	ChEBI	244	All data non-proprietary or derived from a non-proprietary source; freely accessible and available to anyone	open
tmndnccoa	inchiKey	JWZLRYCDDXHXDL-LCMHIRPZSA-J	MNXM1105681	ModelSEED	2.6.1	CC BY 4.0 (ModelSEED GitHub repository)	open
tmndnccoa	seed	cpd14886;cpd24122	MNXM1105681	ModelSEED	2.6.1	CC BY 4.0 (ModelSEED GitHub repository)	open
tmtrdcoa	inchiKey	ZYUOZFCHODHLHG-LEJRVOBCSA-J	MNXM1104495	ModelSEED	2.6.1	CC BY 4.0 (ModelSEED GitHub repository)	open
tmtrdcoa	seed	cpd04507	MNXM1104495	ModelSEED	2.6.1	CC BY 4.0 (ModelSEED GitHub repository)	open
tmuncoa	chebi	chebi:180894	MNXM30997	ChEBI	244	All data non-proprietary or derived from a non-proprietary source; freely accessible and available to anyone	open
tolbutamide	inchiKey	JLRGJRBPOGGCBT-UHFFFAOYSA-M	MNXM5310	ModelSEED	2.6.1	CC BY 4.0 (ModelSEED GitHub repository)	open
tolbutamide	seed	cpd04409	MNXM5310	ModelSEED	2.6.1	CC BY 4.0 (ModelSEED GitHub repository)	open
tre	inchiKey	HDTRYLNUVZCQOY-LIZSDCNHSA-N	MNXM1364185	ModelSEED	2.6.1	CC BY 4.0 (ModelSEED GitHub repository)	open
tridcoa	chebi	chebi:84061;chebi:85029	MNXM1106158	ChEBI	244	All data non-proprietary or derived from a non-proprietary source; freely accessible and available to anyone	open
triodthy	inchiKey	AUYYCJSJGJYCDS-LBPRGKRZSA-N	MNXM1013	ModelSEED	2.6.1	CC BY 4.0 (ModelSEED GitHub repository)	open
triodthy	seed	cpd01621	MNXM1013	ModelSEED	2.6.1	CC BY 4.0 (ModelSEED GitHub repository)	open
triodthysuf	inchiKey	XBQYQXVJBNDCGY-LBPRGKRZSA-M	MNXM730897	ModelSEED	2.6.1	CC BY 4.0 (ModelSEED GitHub repository)	open
triodthysuf	seed	cpd22938	MNXM730897	ModelSEED	2.6.1	CC BY 4.0 (ModelSEED GitHub repository)	open
trp_L	inchiKey	QIVBCDIJIAJPQS-VIFPVBQESA-N	MNXM741553	ModelSEED	2.6.1	CC BY 4.0 (ModelSEED GitHub repository)	open
trpargala	chebi	chebi:164435	MNXM1127018	ChEBI	244	All data non-proprietary or derived from a non-proprietary source; freely accessible and available to anyone	open
trpglngln	chebi	chebi:164604	MNXM1127185	ChEBI	244	All data non-proprietary or derived from a non-proprietary source; freely accessible and available to anyone	open
trpmetarg	chebi	chebi:164773	MNXM744942	ChEBI	244	All data non-proprietary or derived from a non-proprietary source; freely accessible and available to anyone	open
trpprogly	chebi	chebi:164820	MNXM744945	ChEBI	244	All data non-proprietary or derived from a non-proprietary source; freely accessible and available to anyone	open
trypta	inchiKey	APJYDQYYACXCRM-UHFFFAOYSA-O	MNXM806	ModelSEED	2.6.1	CC BY 4.0 (ModelSEED GitHub repository)	open
trypta	seed	cpd00318	MNXM806	ModelSEED	2.6.1	CC BY 4.0 (ModelSEED GitHub repository)	open
ts3	chebi	chebi:166835	MNXM21968	ChEBI	244	All data non-proprietary or derived from a non-proprietary source; freely accessible and available to anyone	open
tststerone	inchiKey	MUMGGOZAMZWBJJ-DYKIIFRCSA-N	MNXM1363892	ModelSEED	2.6.1	CC BY 4.0 (ModelSEED GitHub repository)	open
tststerone	seed	cpd00420	MNXM1363892	ModelSEED	2.6.1	CC BY 4.0 (ModelSEED GitHub repository)	open
tststeroneglc	inchiKey	NIKZPECGCSUSBV-HMAFJQTKSA-M	MNXM1104136	ModelSEED	2.6.1	CC BY 4.0 (ModelSEED GitHub repository)	open
tststeroneglc	seed	cpd08016	MNXM1104136	ModelSEED	2.6.1	CC BY 4.0 (ModelSEED GitHub repository)	open
tststerones	chebi	chebi:190489;chebi:84094	MNXM12985	ChEBI	244	All data non-proprietary or derived from a non-proprietary source; freely accessible and available to anyone	open
tsul	inchiKey	DHCDFWKWKRSZHF-UHFFFAOYSA-M	MNXM1094289	ModelSEED	2.6.1	CC BY 4.0 (ModelSEED GitHub repository)	open
ttc_ggdp	chebi	chebi:10698;chebi:62639	MNXM1102546	ChEBI	244	All data non-proprietary or derived from a non-proprietary source; freely accessible and available to anyone	open
ttc_ggdp	inchiKey	OINNEUNVOZHBOX-KWBDAJKESA-L	MNXM1102546	ModelSEED	2.6.1	CC BY 4.0 (ModelSEED GitHub repository)	open
ttc_ggdp	seed	cpd08211	MNXM1102546	ModelSEED	2.6.1	CC BY 4.0 (ModelSEED GitHub repository)	open
ttccoa	inchiKey	MOYMQYZWIUKGGY-JBKAVQFISA-J	MNXM1104012	ModelSEED	2.6.1	CC BY 4.0 (ModelSEED GitHub repository)	open
ttccoa	seed	cpd15297	MNXM1104012	ModelSEED	2.6.1	CC BY 4.0 (ModelSEED GitHub repository)	open
ttdca	inchiKey	TUNFSRHWOTWDNC-UHFFFAOYSA-M	MNXM314	ModelSEED	2.6.1	CC BY 4.0 (ModelSEED GitHub repository)	open
ttdcea	chebi	chebi:131381	MNXM1364443	ChEBI	244	All data non-proprietary or derived from a non-proprietary source; freely accessible and available to anyone	open
ttdcrn	chebi	chebi:192250;chebi:73061;chebi:84634	MNXM83844	ChEBI	244	All data non-proprietary or derived from a non-proprietary source; freely accessible and available to anyone	open
ttdcrn	inchiKey	PSHXNVGSVNEJBD-LJQANCHMSA-N	MNXM83844	ModelSEED	2.6.1	CC BY 4.0 (ModelSEED GitHub repository)	open
ttdcrn	seed	cpd35067	MNXM83844	ModelSEED	2.6.1	CC BY 4.0 (ModelSEED GitHub repository)	open
ttetddcoa	chebi	chebi:234146	MNXM1413209	ChEBI	244	All data non-proprietary or derived from a non-proprietary source; freely accessible and available to anyone	open
txa2	inchiKey	DSNBHJFQCNUKMA-SCKDECHMSA-M	MNXM1445	ModelSEED	2.6.1	CC BY 4.0 (ModelSEED GitHub repository)	open
txa2	seed	cpd01480	MNXM1445	ModelSEED	2.6.1	CC BY 4.0 (ModelSEED GitHub repository)	open
txb2	chebi	chebi:28728;chebi:90696	MNXM1104004	ChEBI	244	All data non-proprietary or derived from a non-proprietary source; freely accessible and available to anyone	open
txb2	inchiKey	XNRNNGPBEPRNAR-VTCRGFIFSA-M	MNXM1104004	ModelSEED	2.6.1	CC BY 4.0 (ModelSEED GitHub repository)	open
txb2	seed	cpd03552	MNXM1104004	ModelSEED	2.6.1	CC BY 4.0 (ModelSEED GitHub repository)	open
tym	inchiKey	DZGWFCGJZKJUFP-UHFFFAOYSA-O	MNXM603	ModelSEED	2.6.1	CC BY 4.0 (ModelSEED GitHub repository)	open
tym	seed	cpd00374	MNXM603	ModelSEED	2.6.1	CC BY 4.0 (ModelSEED GitHub repository)	open
tymsf	chebi	chebi:125571;chebi:133530;chebi:133531	MNXM13201	ChEBI	244	All data non-proprietary or derived from a non-proprietary source; freely accessible and available to anyone	open
tyr_L	inchiKey	OUYCCCASQSFEME-QMMMGPOBSA-N	MNXM76	ModelSEED	2.6.1	CC BY 4.0 (ModelSEED GitHub repository)	open
tyrala	chebi	chebi:74879	MNXM728476	ChEBI	244	All data non-proprietary or derived from a non-proprietary source; freely accessible and available to anyone	open
tyrala	inchiKey	NLKUJNGEGZDXGO-XVKPBYJWSA-N	MNXM728476	ModelSEED	2.6.1	CC BY 4.0 (ModelSEED GitHub repository)	open
tyrala	seed	cpd35084	MNXM728476	ModelSEED	2.6.1	CC BY 4.0 (ModelSEED GitHub repository)	open
uacgam	inchiKey	LFTYTUAZOPRMMI-CFRASDGPSA-L	MNXM1104529	ModelSEED	2.6.1	CC BY 4.0 (ModelSEED GitHub repository)	open
uacgam	seed	cpd00037	MNXM1104529	ModelSEED	2.6.1	CC BY 4.0 (ModelSEED GitHub repository)	open
uchol	chebi	chebi:137880;chebi:81240	MNXM10417	ChEBI	244	All data non-proprietary or derived from a non-proprietary source; freely accessible and available to anyone	open
uchol	inchiKey	BHQCQFFYRZLCQQ-UTLSPDKDSA-M	MNXM10417	ModelSEED	2.6.1	CC BY 4.0 (ModelSEED GitHub repository)	open
uchol	seed	cpd17760	MNXM10417	ModelSEED	2.6.1	CC BY 4.0 (ModelSEED GitHub repository)	open
udp	inchiKey	XCCTYIAWTASOJW-XVFCMESISA-L	MNXM1102128	ModelSEED	2.6.1	CC BY 4.0 (ModelSEED GitHub repository)	open
udp	seed	cpd00014	MNXM1102128	ModelSEED	2.6.1	CC BY 4.0 (ModelSEED GitHub repository)	open
udpacgal	inchiKey	LFTYTUAZOPRMMI-LDDHHVEYSA-L	MNXM1100890	ModelSEED	2.6.1	CC BY 4.0 (ModelSEED GitHub repository)	open
udpacgal	seed	cpd00175;cpd35508	MNXM1100890	ModelSEED	2.6.1	CC BY 4.0 (ModelSEED GitHub repository)	open
udpg	inchiKey	HSCJRCZFDFQWRP-JZMIEXBBSA-L	MNXM1364019	ModelSEED	2.6.1	CC BY 4.0 (ModelSEED GitHub repository)	open
udpg	seed	cpd00026;cpd28293	MNXM1364019	ModelSEED	2.6.1	CC BY 4.0 (ModelSEED GitHub repository)	open
udpgal	inchiKey	HSCJRCZFDFQWRP-LNYDKVEPSA-L	MNXM1104754	ModelSEED	2.6.1	CC BY 4.0 (ModelSEED GitHub repository)	open
udpgal	seed	cpd00043;cpd30770	MNXM1104754	ModelSEED	2.6.1	CC BY 4.0 (ModelSEED GitHub repository)	open
udpglcur	inchiKey	HDYANYHVCAPMJV-LXQIFKJMSA-K	MNXM1104890	ModelSEED	2.6.1	CC BY 4.0 (ModelSEED GitHub repository)	open
udpglcur	seed	cpd00144	MNXM1104890	ModelSEED	2.6.1	CC BY 4.0 (ModelSEED GitHub repository)	open
udpxyl	inchiKey	DQQDLYVHOTZLOR-OCIMBMBZSA-L	MNXM1363954	ModelSEED	2.6.1	CC BY 4.0 (ModelSEED GitHub repository)	open
udpxyl	seed	cpd00163	MNXM1363954	ModelSEED	2.6.1	CC BY 4.0 (ModelSEED GitHub repository)	open
ump	inchiKey	DJJCXFVJDGTHFX-XVFCMESISA-L	MNXM1104823	ModelSEED	2.6.1	CC BY 4.0 (ModelSEED GitHub repository)	open
ump	seed	cpd00091	MNXM1104823	ModelSEED	2.6.1	CC BY 4.0 (ModelSEED GitHub repository)	open
undcoa	chebi	chebi:77547;chebi:78176	MNXM1104752	ChEBI	244	All data non-proprietary or derived from a non-proprietary source; freely accessible and available to anyone	open
uppg3	inchiKey	HUHWZXWWOFSFKF-UHFFFAOYSA-F	MNXM414	ModelSEED	2.6.1	CC BY 4.0 (ModelSEED GitHub repository)	open
uppg3	seed	cpd00774	MNXM414	ModelSEED	2.6.1	CC BY 4.0 (ModelSEED GitHub repository)	open
urate	inchiKey	LEHOTFFKMJEONL-UHFFFAOYSA-N	MNXM1105965	ModelSEED	2.6.1	CC BY 4.0 (ModelSEED GitHub repository)	open
urate	seed	cpd00300;cpd34618	MNXM1105965	ModelSEED	2.6.1	CC BY 4.0 (ModelSEED GitHub repository)	open
urcan	inchiKey	LOIYMIARKYCTBW-OWOJBTEDSA-M	MNXM1108290	ModelSEED	2.6.1	CC BY 4.0 (ModelSEED GitHub repository)	open
urcan	seed	cpd00581	MNXM1108290	ModelSEED	2.6.1	CC BY 4.0 (ModelSEED GitHub repository)	open
urea	inchiKey	XSQUKJJJFZCRTK-UHFFFAOYSA-N	MNXM117	ModelSEED	2.6.1	CC BY 4.0 (ModelSEED GitHub repository)	open
uri	inchiKey	DRTQHJPVMGBUCF-XVFCMESISA-N	MNXM1103104	ModelSEED	2.6.1	CC BY 4.0 (ModelSEED GitHub repository)	open
urscholcoa	chebi	chebi:137679;chebi:138379	MNXM722419	ChEBI	244	All data non-proprietary or derived from a non-proprietary source; freely accessible and available to anyone	open
urscholcoa	inchiKey	IIWDDMINEZBCTG-AIDYBKPZSA-J	MNXM722419	ModelSEED	2.6.1	CC BY 4.0 (ModelSEED GitHub repository)	open
urscholcoa	seed	cpd17801	MNXM722419	ModelSEED	2.6.1	CC BY 4.0 (ModelSEED GitHub repository)	open
utp	inchiKey	PGAVKCOVUIYSFO-XVFCMESISA-K	MNXM1101474	ModelSEED	2.6.1	CC BY 4.0 (ModelSEED GitHub repository)	open
utp	seed	cpd00062	MNXM1101474	ModelSEED	2.6.1	CC BY 4.0 (ModelSEED GitHub repository)	open
vacc	inchiKey	UWHZIFQPPBDJPM-BQYQJAHWSA-M	MNXM1372018	ModelSEED	2.6.1	CC BY 4.0 (ModelSEED GitHub repository)	open
vacc	seed	cpd05279	MNXM1372018	ModelSEED	2.6.1	CC BY 4.0 (ModelSEED GitHub repository)	open
vacccoa	chebi	chebi:74296;chebi:74395	MNXM145645	ChEBI	244	All data non-proprietary or derived from a non-proprietary source; freely accessible and available to anyone	open
vacccrn	chebi	chebi:165598	MNXM1371268	ChEBI	244	All data non-proprietary or derived from a non-proprietary source; freely accessible and available to anyone	open
val_L	inchiKey	KZSNJWFQEVHDMF-BYPYZUCNSA-N	MNXM199	ModelSEED	2.6.1	CC BY 4.0 (ModelSEED GitHub repository)	open
valprotrp	chebi	chebi:166350	MNXM744978	ChEBI	244	All data non-proprietary or derived from a non-proprietary source; freely accessible and available to anyone	open
vanillac	chebi	chebi:88526	MNXM14582	ChEBI	244	All data non-proprietary or derived from a non-proprietary source; freely accessible and available to anyone	open
vanillac	inchiKey	SVYIZYRTOYHQRE-UHFFFAOYSA-M	MNXM14582	ModelSEED	2.6.1	CC BY 4.0 (ModelSEED GitHub repository)	open
vanillac	seed	cpd23099	MNXM14582	ModelSEED	2.6.1	CC BY 4.0 (ModelSEED GitHub repository)	open
vanilpyr	chebi	chebi:195231;chebi:88402	MNXM8118	ChEBI	244	All data non-proprietary or derived from a non-proprietary source; freely accessible and available to anyone	open
vanilpyr	inchiKey	YGQHQTMRZPHIBB-UHFFFAOYSA-M	MNXM8118	ModelSEED	2.6.1	CC BY 4.0 (ModelSEED GitHub repository)	open
vanilpyr	seed	cpd23098	MNXM8118	ModelSEED	2.6.1	CC BY 4.0 (ModelSEED GitHub repository)	open
vitd3	inchiKey	QYSXJUFSXHHAJI-FVUVGDFOSA-N	MNXM1364326	ModelSEED	2.6.1	CC BY 4.0 (ModelSEED GitHub repository)	open
vitd3	seed	cpd03226	MNXM1364326	ModelSEED	2.6.1	CC BY 4.0 (ModelSEED GitHub repository)	open
wharachd	inchiKey	NNDIXBJHNLFJJP-DTLRTWKJSA-M	MNXM732711	ModelSEED	2.6.1	CC BY 4.0 (ModelSEED GitHub repository)	open
wharachd	seed	cpd10445	MNXM732711	ModelSEED	2.6.1	CC BY 4.0 (ModelSEED GitHub repository)	open
whddca	inchiKey	ZDHCZVWCTKTBRY-UHFFFAOYSA-M	MNXM2457	ModelSEED	2.6.1	CC BY 4.0 (ModelSEED GitHub repository)	open
whddca	seed	cpd05232	MNXM2457	ModelSEED	2.6.1	CC BY 4.0 (ModelSEED GitHub repository)	open
whhdca	inchiKey	UGAGPNKCDRTDHP-UHFFFAOYSA-M	MNXM2459	ModelSEED	2.6.1	CC BY 4.0 (ModelSEED GitHub repository)	open
whhdca	seed	cpd19486	MNXM2459	ModelSEED	2.6.1	CC BY 4.0 (ModelSEED GitHub repository)	open
whtststerone	chebi	chebi:798	MNXM1104220	ChEBI	244	All data non-proprietary or derived from a non-proprietary source; freely accessible and available to anyone	open
whtststerone	inchiKey	YLTCTXBDDHSLCS-KOUJMVCDSA-N	MNXM1104220	ModelSEED	2.6.1	CC BY 4.0 (ModelSEED GitHub repository)	open
whtststerone	seed	cpd03140	MNXM1104220	ModelSEED	2.6.1	CC BY 4.0 (ModelSEED GitHub repository)	open
whttdca	chebi	chebi:77033;chebi:77168	MNXM12527	ChEBI	244	All data non-proprietary or derived from a non-proprietary source; freely accessible and available to anyone	open
xan	inchiKey	LRFVTYWOQMYALW-UHFFFAOYSA-N	MNXM174	ModelSEED	2.6.1	CC BY 4.0 (ModelSEED GitHub repository)	open
xmp	inchiKey	DCTLYFZHFGENCW-UUOKFMHZSA-L	MNXM1104385	ModelSEED	2.6.1	CC BY 4.0 (ModelSEED GitHub repository)	open
xmp	seed	cpd00497	MNXM1104385	ModelSEED	2.6.1	CC BY 4.0 (ModelSEED GitHub repository)	open
xol24oh	inchiKey	IOWMKBFJCNLRTC-XWXSNNQWSA-N	MNXM1103818	ModelSEED	2.6.1	CC BY 4.0 (ModelSEED GitHub repository)	open
xol24oh	seed	cpd09461	MNXM1103818	ModelSEED	2.6.1	CC BY 4.0 (ModelSEED GitHub repository)	open
xol25oh	chebi	chebi:42977	MNXM740834	ChEBI	244	All data non-proprietary or derived from a non-proprietary source; freely accessible and available to anyone	open
xol25oh	inchiKey	INBGSXNNRGWLJU-ZHHJOTBYSA-N	MNXM740834	ModelSEED	2.6.1	CC BY 4.0 (ModelSEED GitHub repository)	open
xol25oh	seed	cpd11199	MNXM740834	ModelSEED	2.6.1	CC BY 4.0 (ModelSEED GitHub repository)	open
xol7a	inchiKey	OYXZMSRRJOYLLO-RVOWOUOISA-N	MNXM39189	ModelSEED	2.6.1	CC BY 4.0 (ModelSEED GitHub repository)	open
xol7a	seed	cpd02262	MNXM39189	ModelSEED	2.6.1	CC BY 4.0 (ModelSEED GitHub repository)	open
xol7ah	inchiKey	HWOOALPDOJHOPO-YREUSXKVSA-N	MNXM728193	ModelSEED	2.6.1	CC BY 4.0 (ModelSEED GitHub repository)	open
xol7ah	seed	cpd03234	MNXM728193	ModelSEED	2.6.1	CC BY 4.0 (ModelSEED GitHub repository)	open
xol7ah2	inchiKey	APYVEUGLZHAHDJ-TVRYRFOISA-N	MNXM730484	ModelSEED	2.6.1	CC BY 4.0 (ModelSEED GitHub repository)	open
xol7ah2	seed	cpd03235	MNXM730484	ModelSEED	2.6.1	CC BY 4.0 (ModelSEED GitHub repository)	open
xol7ah2al	inchiKey	YWGOKHMOJTZGBN-UGMUFZQESA-N	MNXM1174	ModelSEED	2.6.1	CC BY 4.0 (ModelSEED GitHub repository)	open
xol7ah2al	seed	cpd03228;cpd22726	MNXM1174	ModelSEED	2.6.1	CC BY 4.0 (ModelSEED GitHub repository)	open
xol7ah3	inchiKey	OQIJRBFRXGIHMI-UGMUFZQESA-N	MNXM1103845	ModelSEED	2.6.1	CC BY 4.0 (ModelSEED GitHub repository)	open
xol7ah3	seed	cpd03227;cpd22725	MNXM1103845	ModelSEED	2.6.1	CC BY 4.0 (ModelSEED GitHub repository)	open
xol7aone	inchiKey	IOIZWEJGGCZDOL-RQDYSCIWSA-N	MNXM730346	ModelSEED	2.6.1	CC BY 4.0 (ModelSEED GitHub repository)	open
xol7aone	seed	cpd03238	MNXM730346	ModelSEED	2.6.1	CC BY 4.0 (ModelSEED GitHub repository)	open
xoldiolone	inchiKey	UQPYXHJTHPHOMM-NIBOIBLTSA-N	MNXM741570	ModelSEED	2.6.1	CC BY 4.0 (ModelSEED GitHub repository)	open
xoldiolone	seed	cpd03239	MNXM741570	ModelSEED	2.6.1	CC BY 4.0 (ModelSEED GitHub repository)	open
xoldioloneh	inchiKey	HHVQPBXBALLUDF-QORHGLQKSA-N	MNXM727178	ModelSEED	2.6.1	CC BY 4.0 (ModelSEED GitHub repository)	open
xoldioloneh	seed	cpd03236	MNXM727178	ModelSEED	2.6.1	CC BY 4.0 (ModelSEED GitHub repository)	open
xolest181_hs	chebi	chebi:234184	MNXM169520	ChEBI	244	All data non-proprietary or derived from a non-proprietary source; freely accessible and available to anyone	open
xolest183_hs	chebi	chebi:88756	MNXM1371348	ChEBI	244	All data non-proprietary or derived from a non-proprietary source; freely accessible and available to anyone	open
xolest204_hs	chebi	chebi:82751	MNXM1104132	ChEBI	244	All data non-proprietary or derived from a non-proprietary source; freely accessible and available to anyone	open
xoltetrol	inchiKey	XJZGNVBLVFOSKJ-IUFSEJPUSA-N	MNXM1104088	ModelSEED	2.6.1	CC BY 4.0 (ModelSEED GitHub repository)	open
xoltetrol	seed	cpd03229	MNXM1104088	ModelSEED	2.6.1	CC BY 4.0 (ModelSEED GitHub repository)	open
xoltri24	chebi	chebi:37640	MNXM1104855	ChEBI	244	All data non-proprietary or derived from a non-proprietary source; freely accessible and available to anyone	open
xoltri24	inchiKey	ZNCHPOYZMVVJCK-LIZWOPGQSA-N	MNXM1104855	ModelSEED	2.6.1	CC BY 4.0 (ModelSEED GitHub repository)	open
xoltri24	seed	cpd11198	MNXM1104855	ModelSEED	2.6.1	CC BY 4.0 (ModelSEED GitHub repository)	open
xoltri25	chebi	chebi:37623	MNXM730753	ChEBI	244	All data non-proprietary or derived from a non-proprietary source; freely accessible and available to anyone	open
xoltri25	inchiKey	BQMSKLCEWBSPPY-IKVTXIKFSA-N	MNXM730753	ModelSEED	2.6.1	CC BY 4.0 (ModelSEED GitHub repository)	open
xoltri25	seed	cpd11200	MNXM730753	ModelSEED	2.6.1	CC BY 4.0 (ModelSEED GitHub repository)	open
xoltri27	inchiKey	RXMHNAKZMGJANZ-GNENNHQYSA-N	MNXM1104086	ModelSEED	2.6.1	CC BY 4.0 (ModelSEED GitHub repository)	open
xoltri27	seed	cpd03782	MNXM1104086	ModelSEED	2.6.1	CC BY 4.0 (ModelSEED GitHub repository)	open
xoltriol	inchiKey	RIVQQZVHIVNQFH-XJZYBRFWSA-N	MNXM730486	ModelSEED	2.6.1	CC BY 4.0 (ModelSEED GitHub repository)	open
xoltriol	seed	cpd03237	MNXM730486	ModelSEED	2.6.1	CC BY 4.0 (ModelSEED GitHub repository)	open
xtsn	inchiKey	UBORTCNDUKBEOP-UUOKFMHZSA-N	MNXM1103769	ModelSEED	2.6.1	CC BY 4.0 (ModelSEED GitHub repository)	open
xu1p_D	chebi	chebi:71680;chebi:71687	MNXM1368536	ChEBI	244	All data non-proprietary or derived from a non-proprietary source; freely accessible and available to anyone	open
xu1p_D	inchiKey	NBOCCPQHBPGYCX-NQXXGFSBSA-L	MNXM1368536	ModelSEED	2.6.1	CC BY 4.0 (ModelSEED GitHub repository)	open
xu1p_D	seed	cpd26827	MNXM1368536	ModelSEED	2.6.1	CC BY 4.0 (ModelSEED GitHub repository)	open
xu5p_D	inchiKey	FNZLKVNUWIIPSJ-RFZPGFLSSA-L	MNXM186	ModelSEED	2.6.1	CC BY 4.0 (ModelSEED GitHub repository)	open
xu5p_D	seed	cpd00198	MNXM186	ModelSEED	2.6.1	CC BY 4.0 (ModelSEED GitHub repository)	open
xyl_D	inchiKey	PYMYPHUHKUWMLA-VPENINKCSA-N	MNXM734573	ModelSEED	2.6.1	CC BY 4.0 (ModelSEED GitHub repository)	open
xylt	inchiKey	HEBKCHPVOIAQTA-SCDXWVJYSA-N	MNXM737068	ModelSEED	2.6.1	CC BY 4.0 (ModelSEED GitHub repository)	open
xylt	seed	cpd00306	MNXM737068	ModelSEED	2.6.1	CC BY 4.0 (ModelSEED GitHub repository)	open
yvite	chebi	chebi:18185	MNXM733034	ChEBI	244	All data non-proprietary or derived from a non-proprietary source; freely accessible and available to anyone	open
yvite	inchiKey	QUEDXNHFTDJVIY-DQCZWYHMSA-N	MNXM733034	ModelSEED	2.6.1	CC BY 4.0 (ModelSEED GitHub repository)	open
yvite	seed	cpd01631	MNXM733034	ModelSEED	2.6.1	CC BY 4.0 (ModelSEED GitHub repository)	open
zn2	inchiKey	PTFCDOFLOPIGGS-UHFFFAOYSA-N	MNXM729215	ModelSEED	2.6.1	CC BY 4.0 (ModelSEED GitHub repository)	open
zym_int2	chebi	chebi:52386	MNXM733491	ChEBI	244	All data non-proprietary or derived from a non-proprietary source; freely accessible and available to anyone	open
zym_int2	inchiKey	AUNLIRXIJAVBNM-ZSBATXSLSA-N	MNXM733491	ModelSEED	2.6.1	CC BY 4.0 (ModelSEED GitHub repository)	open
zym_int2	seed	cpd24507	MNXM733491	ModelSEED	2.6.1	CC BY 4.0 (ModelSEED GitHub repository)	open
zymst	inchiKey	CGSJXLIKVBJVRY-XTGBIJOFSA-N	MNXM738369	ModelSEED	2.6.1	CC BY 4.0 (ModelSEED GitHub repository)	open
zymst	seed	cpd03221	MNXM738369	ModelSEED	2.6.1	CC BY 4.0 (ModelSEED GitHub repository)	open
zymstnl	inchiKey	QETLKNDKQOXZRP-XTGBIJOFSA-N	MNXM2494	ModelSEED	2.6.1	CC BY 4.0 (ModelSEED GitHub repository)	open
zymstnl	seed	cpd02398	MNXM2494	ModelSEED	2.6.1	CC BY 4.0 (ModelSEED GitHub repository)	open
