vmh	name	formula	inchiKey	hmdb	kegg	chebi	pubchem	seed	modeled_pathway	term_id	systems
10fthf5glu	10-Formyltetrahydrofolate-[Glu](5)	C40H45N11O19	OPEN	OPEN	OPEN	OPEN	OPEN	OPEN	OPEN	OPEN	OPEN
10fthf6glu	10-Formyltetrahydrofolate-[Glu](6)	C45H51N12O22	OPEN	OPEN	OPEN	OPEN	OPEN	OPEN	OPEN	OPEN	OPEN
10fthf7glu	10-Formyltetrahydrofolate-[Glu](7)	C50H57N13O25	OPEN	OPEN	OPEN	OPEN	OPEN	OPEN	OPEN	OPEN	OPEN
10fthf	10-Formyltetrahydrofolate	C20H21N7O7	OPEN	OPEN	kegg:C00234	chebi:15637	pubchem:122347	OPEN	OPEN	OPEN	OPEN
11docrtsl	11-Deoxycortisol	C21H30O4	OPEN	hmdb:HMDB0000015	kegg:C05488	chebi:28324	pubchem:53477676	OPEN	OPEN	OPEN	OPEN
11docrtstrn	11-Deoxycorticosterone	C21H30O3	OPEN	OPEN	kegg:C03205	chebi:16973	pubchem:6166	OPEN	OPEN	OPEN	OPEN
13dampp	Trimethylenediaminium	C3H12N2	OPEN	hmdb:HMDB0000002	kegg:C00986	chebi:15725	pubchem:428	OPEN	OPEN	OPEN	OPEN
h2o	Water	H2O	OPEN	hmdb:HMDB0002111	kegg:C00001	chebi:15377	pubchem:962	cpd00001	etc_oxphos	term.water	Assimilation
o2	Oxygen	O2	OPEN	hmdb:HMDB0001377	kegg:C00007	chebi:15379	pubchem:977	cpd00007	etc_oxphos	term.oxygen	OPEN
bamppald	Beta-Aminopropion Aldehyde	C3H8NO	OPEN	OPEN	kegg:C05665	chebi:58374	pubchem:75	OPEN	OPEN	OPEN	OPEN
h2o2	Hydrogen Peroxide	H2O2	OPEN	hmdb:HMDB0003125	kegg:C00027	chebi:16240	pubchem:784	OPEN	OPEN	OPEN	OPEN
nh4	Ammonium	H4N	OPEN	hmdb:HMDB0000051	kegg:C00014	chebi:16134	pubchem:222	cpd00013	aa_nitrogen_disposal	OPEN	OPEN
2425dhvitd2	24R,25-Dihyoxyvitamin D2	C28H44O3	OPEN	OPEN	OPEN	OPEN	OPEN	OPEN	OPEN	OPEN	OPEN
h	Proton	H	OPEN	OPEN	kegg:C00080	chebi:24636	pubchem:1038	cpd00067	OPEN	OPEN	OPEN
nadph	Nicotinamide Adenine Dinucleotide Phosphate - Reduced	C21H26N7O17P3	OPEN	hmdb:HMDB0000221	kegg:C00005	chebi:16474	pubchem:22833512	OPEN	OPEN	OPEN	OPEN
1a2425thvitd2	1-Alpha,24R,25-Trihydroxyvitamin D2	C28H44O4	OPEN	hmdb:HMDB0006227	OPEN	OPEN	pubchem:9547253	OPEN	OPEN	OPEN	OPEN
nadp	Nicotinamide Adenine Dinucleotide Phosphate	C21H25N7O17P3	OPEN	hmdb:HMDB0000217	kegg:C00006	chebi:18009	pubchem:5886	OPEN	OPEN	OPEN	OPEN
2425dhvitd3	(24R)-24,25-Dihydroxycalciol	C27H44O3	OPEN	OPEN	kegg:C07712	chebi:28818	OPEN	OPEN	OPEN	OPEN	OPEN
1a25dhvitd2	1-Alpha,25-Dihydroxyvitamin D2	C28H44O3	OPEN	hmdb:HMDB0006225	OPEN	OPEN	pubchem:9547243	OPEN	OPEN	OPEN	OPEN
1a25dhvitd3	Calcitriol	C27H44O3	OPEN	hmdb:HMDB0001903	kegg:C01673	chebi:17823	pubchem:5280453	OPEN	OPEN	term.calcitriol	Assimilation,Structure,Bioenergetics
1mncam	1-Methylnicotinamide	C7H9N2O	OPEN	hmdb:HMDB0000699	kegg:C02918	chebi:16797	pubchem:457	OPEN	OPEN	OPEN	OPEN
atp	Adenosine Triphosphate	C10H12N5O13P3	OPEN	hmdb:HMDB0000538	kegg:C00002	chebi:15422	pubchem:5957	OPEN	etc_oxphos	term.adenosine_triphosphate	OPEN
adp	Adenosine Diphosphate	C10H12N5O10P2	OPEN	hmdb:HMDB0001341	kegg:C00008	chebi:16761	pubchem:6022	OPEN	OPEN	term.adenosine_diphosphate	OPEN
pi	Orthophosphate	HO4P	OPEN	OPEN	kegg:C00009	chebi:18367	pubchem:1004	cpd00009	OPEN	OPEN	OPEN
1pipdn2c	1-Piperideine-2-Carboxylate	C6H9NO2	OPEN	hmdb:HMDB0001084	kegg:C04092	chebi:30912	pubchem:1194	OPEN	OPEN	OPEN	OPEN
nadh	Nicotinamide Adenine Dinucleotide - Reduced	C21H27N7O14P2	OPEN	hmdb:HMDB0001487	kegg:C00004	chebi:16908	pubchem:928	OPEN	redox_shuttles	OPEN	OPEN
Lpipecol	L-Pipecolic Acid	C6H11NO2	OPEN	hmdb:HMDB0000716	kegg:C00408	chebi:30913	pubchem:439227	OPEN	OPEN	OPEN	OPEN
nad	Nicotinamide Adenine Dinucleotide	C21H26N7O14P2	OPEN	hmdb:HMDB0000902	kegg:C00003	chebi:15846	pubchem:5893	OPEN	OPEN	OPEN	OPEN
25hvitd2	25-Hydroxyvitamin D2	C28H44O2	OPEN	hmdb:HMDB0001438	OPEN	OPEN	pubchem:22833566	OPEN	OPEN	OPEN	OPEN
25hvitd3	Calcidiol	C27H44O2	OPEN	hmdb:HMDB0003550	kegg:C01561	chebi:17933	pubchem:5283731	OPEN	OPEN	OPEN	OPEN
24nph	2-Hydroxy-4-Nitrophenolate	C6H5NO4	OPEN	hmdb:HMDB0002916	kegg:C02235	chebi:16318	pubchem:3505109	OPEN	OPEN	OPEN	OPEN
2amac	2-Aminoacrylic Acid	C3H5NO2	OPEN	OPEN	kegg:C02218	chebi:17123	OPEN	OPEN	OPEN	OPEN	OPEN
pyr	Pyruvate	C3H3O3	OPEN	hmdb:HMDB0000243	kegg:C00022	chebi:32816	pubchem:1060	OPEN	glucogenic_ketogenic_aa	term.pyruvate	OPEN
paps	3'-Phosphoadenylyl Sulfate	C10H11N5O10P2	OPEN	hmdb:HMDB0001134	kegg:C00053	chebi:17980	pubchem:10214	OPEN	OPEN	OPEN	OPEN
Lcyst	L-Cysteic Acid	C3H6NO5S	OPEN	hmdb:HMDB0002757	kegg:C00506	chebi:21260	pubchem:25701	cpd00395	OPEN	OPEN	OPEN
pap	Adenosine 3,5-Bismonophosphate	C10H11N5O10P2	OPEN	hmdb:HMDB0000061	kegg:C00054	chebi:17985	pubchem:159296	OPEN	OPEN	OPEN	OPEN
L2aadp	L-2-Aminoadipate	C6H10NO4	OPEN	hmdb:HMDB0000510	kegg:C00956	chebi:37024	pubchem:469	OPEN	OPEN	OPEN	OPEN
akg	2-Oxoglutarate	C5H4O5	OPEN	hmdb:HMDB0000208	kegg:C00026	chebi:30915	pubchem:51	cpd00024	OPEN	OPEN	OPEN
2dr1p	2-Deoxy-D-Ribose 1-Phosphate	C5H9O7P	OPEN	OPEN	kegg:C00672	chebi:28542	pubchem:5460448	OPEN	OPEN	OPEN	OPEN
drib	2-Deoxy-D-Ribose	C5H10O4	OPEN	hmdb:HMDB0003224	kegg:C01801	chebi:28816	pubchem:22833604	cpd01242	OPEN	OPEN	OPEN
2hb	2-Hydroxybutyrate	C4H7O3	OPEN	hmdb:HMDB0000008	kegg:C05984	chebi:1148	pubchem:11266	OPEN	OPEN	OPEN	OPEN
2obut	2-Oxobutanoate	C4H5O3	OPEN	hmdb:HMDB0000005	kegg:C00109	chebi:30831	pubchem:58	OPEN	OPEN	OPEN	OPEN
hco3	Bicarbonate	CHO3	OPEN	hmdb:HMDB0000595	kegg:C00288	chebi:17544	pubchem:769	OPEN	OPEN	term.bicarbonate	OPEN
na1	Sodium	Na	OPEN	hmdb:HMDB0000588	kegg:C01330	chebi:29101	pubchem:923	cpd00971	OPEN	term.sodium	Assimilation,Structure,Transport
2mcit	2-Methylcitrate	C7H7O7	OPEN	hmdb:HMDB0000379	kegg:C02225	chebi:30835	pubchem:515	OPEN	OPEN	OPEN	OPEN
2oxoadp	2-Oxoadipate	C6H6O5	OPEN	hmdb:HMDB0000225	kegg:C00322	chebi:15753	pubchem:71	OPEN	OPEN	OPEN	OPEN
coa	Coenzyme A	C21H32N7O16P3S	OPEN	hmdb:HMDB0001423	kegg:C00010	chebi:1146900	pubchem:6816	OPEN	OPEN	term.coenzyme_a	Assimilation
co2	Carbon Dioxide	CO2	OPEN	hmdb:HMDB0001967	kegg:C00011	chebi:16526	pubchem:280	cpd00011	urea_cycle	term.carbon_dioxide	OPEN
glutcoa	Glutaryl Coenzyme A	C26H37N7O19P3S	OPEN	OPEN	kegg:C00527	chebi:15524	pubchem:439252	OPEN	OPEN	OPEN	OPEN
34dhmald	3,4-Dihydroxymandelaldehyde	C8H8O4	OPEN	OPEN	kegg:C05577	OPEN	pubchem:151725	OPEN	OPEN	OPEN	OPEN
34dhoxpeg	3,4-Dihydroxyphenylethyleneglycol	C8H10O4	OPEN	hmdb:HMDB0000318	kegg:C05576	chebi:1387	pubchem:91528	OPEN	OPEN	OPEN	OPEN
34dhpha	(3,4-Dihydroxyphenyl)Acetate	C8H7O4	OPEN	hmdb:HMDB0001336	kegg:C01161	chebi:41941	pubchem:547	OPEN	OPEN	OPEN	OPEN
amet	S-Adenosyl-L-Methionine	C15H23N6O5S	OPEN	hmdb:HMDB0001185	kegg:C00019	chebi:15414	pubchem:16757548	OPEN	OPEN	OPEN	OPEN
ahcys	S-Adenosyl-L-Homocysteine	C14H20N6O5S	OPEN	hmdb:HMDB0000939	kegg:C00021	chebi:16680	pubchem:439155	OPEN	OPEN	OPEN	OPEN
homoval	Homovanillate	C9H9O4	OPEN	hmdb:HMDB0000118	kegg:C05582	chebi:545959	pubchem:1738	OPEN	OPEN	OPEN	OPEN
34dhphe	L-Dopa	C9H11NO4	OPEN	hmdb:HMDB0000181	kegg:C00355	chebi:15765	pubchem:6047	OPEN	OPEN	OPEN	OPEN
34dhpac	3,4-Dihydroxyphenylacetaldehyde	C8H8O3	OPEN	hmdb:HMDB0003791	kegg:C04043	chebi:27978	pubchem:119219	OPEN	OPEN	OPEN	OPEN
34dhoxmand	3,4-Dihydroxymandelate	C8H7O5	OPEN	OPEN	kegg:C05580	OPEN	pubchem:85782	OPEN	OPEN	OPEN	OPEN
34hpp	3-(4-Hydroxyphenyl)Pyruvate	C9H7O4	OPEN	hmdb:HMDB0000707	kegg:C01179	chebi:15999	pubchem:979	OPEN	OPEN	OPEN	OPEN
34hpl	3-(4-Hydroxyphenyl)Lactate	C9H9O4	OPEN	hmdb:HMDB0000755	kegg:C03672	chebi:17385	pubchem:9378	OPEN	OPEN	OPEN	OPEN
hgentis	Homogentisate	C8H7O4	OPEN	hmdb:HMDB0000130	kegg:C00544	chebi:44747	pubchem:780	OPEN	phenylalanine_tyrosine_catabolism	OPEN	OPEN
35cgmp	3,5-Cyclic Guanosine Monophosphate	C10H11N5O7P	OPEN	hmdb:HMDB0001314	kegg:C00942	chebi:16356	pubchem:24316	OPEN	OPEN	OPEN	OPEN
3aib	(S)-3-Aminoisobutyric Acid	C4H9NO2	OPEN	hmdb:HMDB0002166	kegg:C03284	chebi:33094	pubchem:439434	OPEN	OPEN	OPEN	OPEN
2mop	2-Methyl-3-Oxopropanoate	C4H5O3	OPEN	OPEN	kegg:C00349	chebi:16256	pubchem:296	OPEN	OPEN	OPEN	OPEN
glu_L	L-Glutamate	C5H8NO4	OPEN	hmdb:HMDB0000148	kegg:C00025	chebi:16015	pubchem:33032	cpd00023	OPEN	OPEN	OPEN
3dphb	3-Decaprenyl-4-Hydroxybenzoate	C57H85O3	OPEN	OPEN	OPEN	OPEN	OPEN	OPEN	OPEN	OPEN	OPEN
3dpdhb	3-Decaprenyl-4,5-Dihdydroxybenzoate	C57H85O4	OPEN	OPEN	OPEN	OPEN	OPEN	OPEN	OPEN	OPEN	OPEN
3dsphgn	(2S)-1-Hydroxy-3-Oxooctadecan-2-Aminium	C18H38NO2	OPEN	OPEN	kegg:C02934	chebi:17862	OPEN	OPEN	OPEN	OPEN	OPEN
sphgn	Sphinganine	C18H40NO2	OPEN	hmdb:HMDB0000269	kegg:C00836	chebi:16566	pubchem:91486	OPEN	OPEN	OPEN	OPEN
3hanthrn	3-Hydroxyanthranilate	C7H7NO3	OPEN	OPEN	kegg:C00632	chebi:15793	OPEN	OPEN	OPEN	OPEN	OPEN
cmusa	Cis,Cis-2-Amino-3-(3-Oxoprop-1-Enyl)But-2-Enedioate	C7H6NO5	OPEN	OPEN	kegg:C04409	chebi:995	pubchem:5280673	OPEN	OPEN	OPEN	OPEN
b2coa	Crotonoyl Coenzyme A	C25H36N7O17P3S	OPEN	OPEN	kegg:C00877	chebi:15473	pubchem:5280381	OPEN	OPEN	OPEN	OPEN
3hbcoa_R	(R)-3-Hydroxybutanoyl Coenzyme A	C25H38N7O18P3S	OPEN	OPEN	kegg:C03561	chebi:15452	pubchem:11966146	OPEN	OPEN	OPEN	OPEN
3hibutcoa	(S)-3-Hydroxyisobutyryl Coenzyme A	C25H38N7O18P3S	OPEN	OPEN	kegg:C04047	chebi:15481	OPEN	OPEN	OPEN	OPEN	OPEN
3hmp	3-Hydroxy-2-Methylpropanoate	C4H7O3	OPEN	hmdb:HMDB0000023	kegg:C06001	chebi:37373	pubchem:440873	OPEN	OPEN	OPEN	OPEN
hLkynr	3-Hydroxy-L-Kynurenine	C10H12N2O4	OPEN	hmdb:HMDB0001152	kegg:C03227	chebi:17380	pubchem:11811	OPEN	OPEN	OPEN	OPEN
42A3HP24DB	4-(2-Amino-3-Hydroxyphenyl)-2,4-Dioxobutanoate	C10H8NO5	OPEN	OPEN	kegg:C05645	OPEN	pubchem:440741	OPEN	OPEN	OPEN	OPEN
dopa	Dopamine	C8H12NO2	OPEN	hmdb:HMDB0000073	kegg:C03758	chebi:18243	pubchem:681	OPEN	OPEN	term.dopamine	OPEN
3hpp	3-Hydroxypropionate	C3H5O3	OPEN	hmdb:HMDB0000700	kegg:C01013	chebi:33404	pubchem:68152	OPEN	OPEN	OPEN	OPEN
3mox4hpac	(4-Hydroxy-3-Methoxyphenyl)Acetaldehyde	C9H10O3	OPEN	OPEN	kegg:C05581	chebi:28111	pubchem:151276	OPEN	OPEN	OPEN	OPEN
3mlda	3-Methylimidazoleacetic Acid	C6H7N2O2	OPEN	hmdb:HMDB0002820	kegg:C05828	chebi:8122	pubchem:75810	OPEN	OPEN	OPEN	OPEN
3mob	3-Methyl-2-Oxobutanoate	C5H7O3	OPEN	hmdb:HMDB0000019	kegg:C00141	chebi:16530	pubchem:49	OPEN	OPEN	OPEN	OPEN
3mop	3-Methyl-2-Oxopentanoate	C6H9O3	OPEN	hmdb:HMDB0000491	kegg:C03465	chebi:35932	pubchem:47	OPEN	OPEN	OPEN	OPEN
3m4hpga	3-Methoxy-4-Hydroxyphenylglycolaldehyde	C9H10O4	OPEN	OPEN	kegg:C05583	OPEN	pubchem:440729	OPEN	OPEN	OPEN	OPEN
3mox4hoxm	3-Methoxy-4-Hydroxymandelate	C9H9O5	OPEN	hmdb:HMDB0000291	kegg:C05584	chebi:1127735	pubchem:736172	OPEN	OPEN	OPEN	OPEN
3moxtyr	3-Methoxytyramine	C9H14NO2	OPEN	hmdb:HMDB0000022	kegg:C05587	chebi:742324	pubchem:1669	OPEN	OPEN	OPEN	OPEN
adn	Adenosine	C10H13N5O4	OPEN	hmdb:HMDB0000050	kegg:C00212	chebi:16335	pubchem:60961	cpd00182	OPEN	term.adenosine	OPEN
3sala	3-Sulfino-L-Alanine	C3H5NO4S	OPEN	OPEN	kegg:C00606	chebi:16345	pubchem:28167170	OPEN	OPEN	OPEN	OPEN
asp_L	L-Aspartate	C4H6NO4	OPEN	hmdb:HMDB0000191	kegg:C00049	chebi:17053	pubchem:5960	cpd00041	OPEN	OPEN	OPEN
hyptaur	Hypotaurine	C2H7NO2S	OPEN	hmdb:HMDB0000965	kegg:C00519	chebi:16668	pubchem:107812	OPEN	OPEN	OPEN	OPEN
3snpyr	3-Sulfinopyruvate	C3H2O5S	OPEN	OPEN	kegg:C05527	OPEN	OPEN	OPEN	OPEN	OPEN	OPEN
so3	Sulfite	O3S	OPEN	OPEN	kegg:C00094	chebi:48854	pubchem:1100	OPEN	OPEN	OPEN	OPEN
adrnl	Adrenaline	C9H14NO3	OPEN	hmdb:HMDB0000068	kegg:C00788	chebi:28918	pubchem:5816	OPEN	OPEN	term.adrenaline	Communication,Bioenergetics
mma	Methylammonium	C1H6N	OPEN	hmdb:HMDB0000164	kegg:C00218	chebi:16830	pubchem:6329	OPEN	OPEN	OPEN	OPEN
nrpphr	Norepinephrine	C8H12NO3	OPEN	hmdb:HMDB0000216	kegg:C00547	chebi:18357	pubchem:439260	OPEN	OPEN	term.norepinephrine	OPEN
4abut	4-Aminobutanoate	C4H9NO2	OPEN	hmdb:HMDB0000112	kegg:C00334	chebi:16865	pubchem:119	cpd00281	OPEN	OPEN	OPEN
coucoa	P-Coumaroyl Coenzyme A	C30H38N7O18P3S1	OPEN	OPEN	kegg:C00223	chebi:15499	pubchem:147899	OPEN	OPEN	OPEN	OPEN
4hbzcoa	4-Hydroxybenzoyl Coenzyme A	C28H36N7O18P3S	OPEN	OPEN	kegg:C02949	OPEN	OPEN	OPEN	OPEN	OPEN	OPEN
accoa	Acetyl Coenzyme A	C23H34N7O17P3S	OPEN	hmdb:HMDB0001206	kegg:C00024	chebi:15351	pubchem:444493	OPEN	OPEN	OPEN	OPEN
4hbz	4-Hydroxybenzoate	C7H5O3	OPEN	hmdb:HMDB0000500	kegg:C00156	chebi:30763	pubchem:135	OPEN	OPEN	OPEN	OPEN
4hdebrisoquine	4-Hydroxy Debrisoquine	C10H14N3O	OPEN	hmdb:HMDB0006468	OPEN	chebi:63800	pubchem:107669	OPEN	OPEN	OPEN	OPEN
4hglusa	L-4-Hydroxyglutamic Semialdehyde	C5H9NO4	OPEN	hmdb:HMDB0006556	kegg:C05938	chebi:27809	pubchem:440851	OPEN	OPEN	OPEN	OPEN
e4hglu	Erythro-4-Hydroxy-L-Glutamate	C5H8NO5	OPEN	OPEN	kegg:C05947	OPEN	pubchem:440854	OPEN	OPEN	OPEN	OPEN
4hoxpacd	(4-Hydroxyphenyl)Acetaldehyde	C8H8O2	OPEN	OPEN	kegg:C03765	chebi:15621	pubchem:440113	OPEN	OPEN	OPEN	OPEN
4hphac	4-Hydroxyphenylacetate	C8H7O3	OPEN	hmdb:HMDB0000020	kegg:C00642	chebi:18101	pubchem:127	OPEN	OPEN	OPEN	OPEN
4mop	4-Methyl-2-Oxopentanoate	C6H9O3	OPEN	hmdb:HMDB0000695	kegg:C00233	chebi:48430	pubchem:70	OPEN	OPEN	OPEN	OPEN
4mptnl	4-Methylpentanal	C6H12O	OPEN	OPEN	kegg:C02373	chebi:17998	OPEN	OPEN	OPEN	OPEN	OPEN
4mtolbutamide	4-Hydroxy Tolbutamide	C12H18N2O4S	OPEN	hmdb:HMDB0006408	OPEN	chebi:63799	pubchem:3656	OPEN	OPEN	OPEN	OPEN
4nphsf	4-Nitrophenyl Sulfate	C6H4NO6S	OPEN	hmdb:HMDB0006492	OPEN	chebi:35422	pubchem:80349	OPEN	OPEN	OPEN	OPEN
4nph	4-Nitrophenolate	C6H5NO3	OPEN	OPEN	kegg:C00870	chebi:16836	OPEN	OPEN	OPEN	OPEN	OPEN
4pyrdx	4-Pyridoxate	C8H9NO4	OPEN	hmdb:HMDB0000017	kegg:C00847	chebi:17405	pubchem:6723	OPEN	OPEN	OPEN	OPEN
5adtststeroneglc	5Alpha-Dihydrotestosterone Glucuronide	C25H38O8	OPEN	hmdb:HMDB0006203	OPEN	OPEN	pubchem:44263365	OPEN	OPEN	OPEN	OPEN
5adtststerones	5Alpha-Dihydrotestosterone Sulfate	C19H29O5S	OPEN	hmdb:HMDB0006278	OPEN	OPEN	pubchem:18665256	OPEN	OPEN	OPEN	OPEN
5adtststerone	17Beta-Hydroxy-5Alpha-Androstan-3-One	C19H30O2	OPEN	hmdb:HMDB0002961	kegg:C03917	chebi:16330	pubchem:10635	OPEN	OPEN	OPEN	OPEN
5aop	5-Amino-4-Oxopentanoate	C5H9NO3	OPEN	hmdb:HMDB0001149	kegg:C00430	chebi:17549	pubchem:137	OPEN	OPEN	OPEN	OPEN
5dhf	Pentaglutamyl Folate (Dhf)	C39H43N11O18	OPEN	OPEN	OPEN	OPEN	pubchem:73374	OPEN	OPEN	OPEN	OPEN
5fthf	5-Formyltetrahydrofolate	C20H21N7O7	OPEN	hmdb:HMDB0001562	kegg:C03479	chebi:209153	pubchem:143	OPEN	OPEN	OPEN	OPEN
5htrp	5-Hydroxy-L-Tryptophan	C11H12N2O3	OPEN	hmdb:HMDB0000472	kegg:C01017	chebi:28171	pubchem:144	OPEN	OPEN	OPEN	OPEN
srtn	Serotonin	C10H13N2O	OPEN	hmdb:HMDB0000259	kegg:C00780	chebi:28790	pubchem:5202	OPEN	OPEN	term.serotonin	Communication,Bioenergetics
5homeprazole	5-Hydroxy Omeprazole	C17H19N3O4S	OPEN	OPEN	OPEN	OPEN	OPEN	OPEN	OPEN	OPEN	OPEN
5hoxindact	(5-Hydroxyindol-3-Yl)Acetaldehyde	C10H9NO2	OPEN	hmdb:HMDB0004073	kegg:C05634	chebi:50157	pubchem:74688	OPEN	OPEN	OPEN	OPEN
5hoxindoa	5-Hydroxyindoleacetate	C10H8NO3	OPEN	hmdb:HMDB0000763	kegg:C05635	chebi:27823	pubchem:1826	OPEN	OPEN	OPEN	OPEN
5mthf	5-Methyltetrahydrofolate	C20H24N7O6	OPEN	hmdb:HMDB0001396	kegg:C00440	chebi:15641	pubchem:439234	OPEN	OPEN	OPEN	OPEN
5thf	Pentaglutamyl Folate (Thf)	C39H45N11O18	OPEN	OPEN	OPEN	OPEN	OPEN	OPEN	OPEN	OPEN	OPEN
6dhf	Hexaglutamyl Folate (Dhf)	C44H49N12O21	OPEN	OPEN	OPEN	OPEN	pubchem:169691	OPEN	OPEN	OPEN	OPEN
6htststerone	6-Beta-Hydroxy Testosterone	C19H28O3	OPEN	hmdb:HMDB0006259	kegg:C14497	chebi:34477	pubchem:65543	OPEN	OPEN	OPEN	OPEN
6thf	Hexaglutamyl Folate (Thf)	C44H51N12O21	OPEN	OPEN	OPEN	OPEN	pubchem:169691	OPEN	OPEN	OPEN	OPEN
7dhchsterol	Cholesta-5,7-Dien-3Beta-Ol	C27H44O	OPEN	hmdb:HMDB0000032	kegg:C01164	chebi:17759	pubchem:439423	OPEN	OPEN	OPEN	OPEN
7dhf	Heptaglutamyl Folate (Dhf)	C49H55N13O24	OPEN	hmdb:HMDB0006559	OPEN	OPEN	pubchem:53477856	OPEN	OPEN	OPEN	OPEN
7thf	Heptaglutamyl Folate (Thf)	C49H57N13O24	OPEN	OPEN	OPEN	OPEN	OPEN	OPEN	OPEN	OPEN	OPEN
man	D-Mannose	C6H12O6	OPEN	hmdb:HMDB0000169	kegg:C00159	chebi:4208	pubchem:18950	cpd00138	OPEN	OPEN	OPEN
m2mn	(Alpha-D-Mannosyl)2-Beta-D-Mannosyl-N-Acetylglucosamine	C26H45NO21	OPEN	hmdb:HMDB0006537	OPEN	OPEN	pubchem:53477854	OPEN	OPEN	OPEN	OPEN
mn	Beta-1,4-Mannose-N-Acetylglucosamine	C14H25NO11	OPEN	hmdb:HMDB0006535	OPEN	OPEN	pubchem:53477853	OPEN	OPEN	OPEN	OPEN
galgluside_hs	Galactosyl Glucosyl Ceramide	C30H56NO12FULLRCO	OPEN	OPEN	OPEN	OPEN	OPEN	OPEN	OPEN	OPEN	OPEN
udpgal	Uridine-5'-Diphosphate-D-Galactose	C15H22N2O17P2	OPEN	hmdb:HMDB0000302	kegg:C00052	chebi:67119	pubchem:18068	OPEN	OPEN	OPEN	OPEN
thcrm_hs	Trihexosyl Ceramide	C36H66NO17FULLRCO	OPEN	OPEN	kegg:C04737	chebi:18313	OPEN	OPEN	OPEN	OPEN	OPEN
udp	Uridine Diphosphate	C9H11N2O12P2	OPEN	hmdb:HMDB0000295	kegg:C00015	chebi:17659	pubchem:6031	OPEN	OPEN	OPEN	OPEN
T_antigen	T-Antigen (Core 1)	C14H24NO10X	OPEN	OPEN	kegg:C04750	chebi:16117	OPEN	OPEN	OPEN	OPEN	OPEN
uacgam	Uridine-5'-Diphosphate-N-Acetyl-Alpha-D-Glucosamine	C17H25N3O17P2	OPEN	OPEN	kegg:C00043	chebi:16264	pubchem:445675	OPEN	OPEN	OPEN	OPEN
gncore1	GlcNac-Alpha-1,4-Core 1	C22H37N2O15X	OPEN	OPEN	OPEN	OPEN	OPEN	OPEN	OPEN	OPEN	OPEN
core2	Core 2	C22H37N2O15X	OPEN	OPEN	OPEN	chebi:15876	OPEN	OPEN	OPEN	OPEN	OPEN
gncore2	GlcNac-Alpha-1,4-Core 2	C30H50N3O20X	OPEN	OPEN	OPEN	OPEN	OPEN	OPEN	OPEN	OPEN	OPEN
aact	Ammonioacetone	C3H8NO	OPEN	OPEN	kegg:C01888	OPEN	pubchem:215	OPEN	OPEN	OPEN	OPEN
mthgxl	Methylglyoxal	C3H4O2	OPEN	OPEN	kegg:C00546	chebi:17158	pubchem:880	OPEN	OPEN	OPEN	OPEN
L2aadp6sa	L-Allysine	C6H11NO3	OPEN	hmdb:HMDB0001263	kegg:C01475	chebi:17027	pubchem:207	OPEN	OPEN	OPEN	OPEN
fucgalacglcgalgluside_hs	Type Ih Glycolipid	C50H89N2O26FULLRCO	OPEN	OPEN	OPEN	OPEN	OPEN	OPEN	OPEN	OPEN	OPEN
udpacgal	Uridine-5'-Diphosphate-N-Acetyl-D-Galactosamine	C17H25N3O17P2	OPEN	OPEN	kegg:C00203	chebi:16650	pubchem:6419712	OPEN	OPEN	OPEN	OPEN
acgalfucgalacglcgalgluside_hs	Type Ia Glycolipid	C58H102N3O31FULLRCO	OPEN	OPEN	kegg:G00042	OPEN	OPEN	OPEN	OPEN	OPEN	OPEN
galfucgalacglcgalgluside_hs	Gal-Alpha1->3(Fuc-Alpha1->2)Gal-Beta1->3GlcNac-Beta1->3LacCer	C56H99N2O31FULLRCO	OPEN	OPEN	kegg:C06130	OPEN	OPEN	OPEN	OPEN	OPEN	OPEN
fuc12gal14acglcgalgluside_hs	Type Iih Glycolipid	C50H89N2O26FULLRCO	OPEN	OPEN	OPEN	OPEN	OPEN	OPEN	OPEN	OPEN	OPEN
galfuc12gal14acglcgalgluside_hs	(Gal)3 (Glc)1 (GlcNac)1 (LFuc)1 (Cer)1	C56H99N2O31FULLRCO	OPEN	OPEN	OPEN	OPEN	OPEN	OPEN	OPEN	OPEN	OPEN
acgalfuc12gal14acglcgalgluside_hs	(Gal)2 (GalNac)1 (Glc)1 (GlcNac)1 (LFuc)1 (Cer)1	C58H102N3O31FULLRCO	OPEN	OPEN	OPEN	OPEN	OPEN	OPEN	OPEN	OPEN	OPEN
fucgalacgalfuc12gal14acglcgalgluside_hs	Type Iiih Glycolipid	C70H122N3O40FULLRCO	OPEN	OPEN	kegg:G00058	OPEN	OPEN	OPEN	OPEN	OPEN	OPEN
acgalfucgalacgalfuc12gal14acglcgalgluside_hs	Type Iiia Glycolipid	C78H135N4O45FULLRCO	OPEN	OPEN	kegg:G00059	OPEN	OPEN	OPEN	OPEN	OPEN	OPEN
fucgalacglcgal14acglcgalgluside_hs	Vi2Fuc-Nlc6	C64H112N3O36FULLRCO	OPEN	OPEN	kegg:G00071	OPEN	OPEN	OPEN	OPEN	OPEN	OPEN
acgalfucgalacglcgal14acglcgalgluside_hs	(Gal)3 (GalNac)1 (Glc)1 (GlcNac)2 (LFuc)1 (Cer)1	X	OPEN	OPEN	OPEN	OPEN	OPEN	OPEN	OPEN	OPEN	OPEN
fucgalacgalfucgalacglcgal14acglcgalgluside_hs	(Gal)4 (GalNac)1 (Glc)1 (GlcNac)2 (LFuc)2 (Cer)1	X	OPEN	OPEN	OPEN	OPEN	OPEN	OPEN	OPEN	OPEN	OPEN
acgalfucgalacgalfucgalacglcgal14acglcgalgluside_hs	Type Iiiab	C92H158N5O55FULLRCO	OPEN	OPEN	kegg:G00075	OPEN	OPEN	OPEN	OPEN	OPEN	OPEN
galfucgalacglcgal14acglcgalgluside_hs	(Gal)4 (Glc)1 (GlcNac)2 (LFuc)1 (Cer)1	C70H122N3O41FULLRCO	OPEN	OPEN	OPEN	OPEN	OPEN	OPEN	OPEN	OPEN	OPEN
fucfucgalacglcgalacglcgal14acglcgalgluside_hs	(Gal)4 (Glc)1 (GlcNac)3 (LFuc)2 (Cer)1	C84H145N4O50FULLRCO	OPEN	OPEN	OPEN	OPEN	OPEN	OPEN	OPEN	OPEN	OPEN
galgalfucfucgalacglcgalacglcgal14acglcgalgluside_hs	(Gal)6 (Glc)1 (GlcNac)3 (LFuc)2 (Cer)1	C96H165N4O60FULLRCO	OPEN	OPEN	OPEN	OPEN	OPEN	OPEN	OPEN	OPEN	OPEN
sucsal	Succinic Semialdehyde	C4H5O3	OPEN	hmdb:HMDB0001259	kegg:C00232	chebi:16265	pubchem:1112	OPEN	OPEN	OPEN	OPEN
abt	L-Arabinitol	C5H12O5	OPEN	hmdb:HMDB0001851	kegg:C00532	chebi:18403	pubchem:439255	OPEN	OPEN	OPEN	OPEN
xylu_L	L-Xylulose	C5H10O5	OPEN	hmdb:HMDB0000751	kegg:C00312	chebi:17399	pubchem:22253	OPEN	OPEN	OPEN	OPEN
2maacoa	2-Methylacetoacetyl Coenzyme A	C26H38N7O18P3S	OPEN	OPEN	kegg:C03344	chebi:15476	OPEN	OPEN	OPEN	OPEN	OPEN
ppcoa	Propanoyl Coenzyme A	C24H36N7O17P3S	OPEN	hmdb:HMDB0001275	kegg:C00100	chebi:15539	pubchem:439164	OPEN	OPEN	OPEN	OPEN
aacoa	Acetoacetyl Coenzyme A	C25H36N7O18P3S	OPEN	OPEN	kegg:C00332	chebi:15345	pubchem:439214	OPEN	OPEN	OPEN	OPEN
acac	Acetoacetate	C4H5O3	OPEN	hmdb:HMDB0000060	kegg:C00164	chebi:15344	pubchem:96	cpd00142	phenylalanine_tyrosine_catabolism	term.acetoacetate	OPEN
3odcoa	3-Oxodecanoyl Coenzyme A	C31H48N7O18P3S	OPEN	OPEN	kegg:C05265	chebi:28528	pubchem:440606	OPEN	OPEN	OPEN	OPEN
occoa	Octanoyl Coenzyme A (N-C8:0 Coenzyme A)	C29H46N7O17P3S	OPEN	hmdb:HMDB0001070	kegg:C01944	chebi:15533	pubchem:380	OPEN	OPEN	OPEN	OPEN
3oddcoa	3-Oxododecanoyl Coenzyme A	C33H52N7O18P3S	OPEN	OPEN	kegg:C05263	chebi:27868	pubchem:440604	OPEN	OPEN	OPEN	OPEN
dcacoa	Decanoyl Coenzyme A (N-C10:0 Coenzyme A)	C31H50N7O17P3S	OPEN	hmdb:HMDB0006404	kegg:C05274	chebi:28493	pubchem:440615	OPEN	OPEN	OPEN	OPEN
3otdcoa	3-Oxotetradecanoyl Coenzyme A	C35H56N7O18P3S	OPEN	OPEN	kegg:C05261	chebi:28726	pubchem:11966197	OPEN	OPEN	OPEN	OPEN
ddcacoa	Lauroyl Coenzyme A	C33H54N7O17P3S	OPEN	hmdb:HMDB0003571	kegg:C01832	chebi:15521	pubchem:165436	OPEN	OPEN	OPEN	OPEN
3ohdcoa	3-Oxopalmitoyl Coenzyme A	C37H60N7O18P3S	OPEN	OPEN	kegg:C05259	chebi:15491	pubchem:169621	OPEN	OPEN	OPEN	OPEN
tdcoa	Myristoyl Coenzyme A	C35H58N7O17P3S	OPEN	hmdb:HMDB0001521	kegg:C02593	chebi:15532	pubchem:65113	OPEN	OPEN	OPEN	OPEN
3ohodcoa	3-Oxooctadecanoyl Coenzyme A	C39H64N7O18P3S	OPEN	hmdb:HMDB0006498	kegg:C16216	chebi:50571	pubchem:22833663	OPEN	OPEN	OPEN	OPEN
pmtcoa	Palmitoyl Coenzyme A (N-C16:0 Coenzyme A)	C37H62N7O17P3S	OPEN	hmdb:HMDB0001338	kegg:C00154	chebi:15525	pubchem:15667	OPEN	OPEN	OPEN	OPEN
3ohxccoa	3-Oxohexacosyl Coenzyme A	C47H80N7O18P3S	OPEN	OPEN	OPEN	OPEN	OPEN	OPEN	OPEN	OPEN	OPEN
ttccoa	Tetracosanoyl Coenzyme A	C45H78N7O17P3S	OPEN	OPEN	kegg:C16529	chebi:52974	pubchem:3082227	OPEN	OPEN	OPEN	OPEN
acald	Acetaldehyde	C2H4O	OPEN	hmdb:HMDB0000990	kegg:C00084	chebi:15343	pubchem:177	OPEN	OPEN	term.acetaldehyde	OPEN
malcoa	Malonyl Coenzyme A	C24H33N7O19P3S	OPEN	hmdb:HMDB0001175	kegg:C00083	chebi:15531	pubchem:10663	OPEN	OPEN	OPEN	OPEN
amp	Adenosine Monophosphate	C10H12N5O7P	OPEN	hmdb:HMDB0000045	kegg:C00020	chebi:16027	pubchem:6083	OPEN	OPEN	term.adenosine_monophosphate	OPEN
ppi	Diphosphate	HO7P2	OPEN	hmdb:HMDB0000250	kegg:C00013	chebi:18361	pubchem:644102	cpd00012	OPEN	OPEN	OPEN
ppa	Propionate	C3H5O2	OPEN	hmdb:HMDB0000237	kegg:C00163	chebi:30768	pubchem:1032	OPEN	scfa_colonic_production	term.propionate	OPEN
acetone	Acetone	C3H6O	OPEN	hmdb:HMDB0001659	kegg:C00207	chebi:15347	pubchem:180	OPEN	ketogenesis	term.acetone	OPEN
acgagbside_hs	Alpha-GalNac-Globoside	C52H92N3O27FULLRCO	OPEN	OPEN	OPEN	OPEN	OPEN	OPEN	OPEN	OPEN	OPEN
acgal	N-Acetyl-D-Galactosamine	C8H15NO6	OPEN	OPEN	kegg:C01074	chebi:28800	pubchem:35717	OPEN	OPEN	OPEN	OPEN
acgal1p	N-Acetyl-D-Galactosamine 1-Phosphate	C8H14NO9P	OPEN	hmdb:HMDB0006480	OPEN	chebi:55404	pubchem:22833661	OPEN	OPEN	OPEN	OPEN
itp	Iinosine-5'-Triphosphate	C10H11N4O14P3	OPEN	OPEN	kegg:C00081	chebi:16039	pubchem:8583	OPEN	OPEN	OPEN	OPEN
idp	Inosine-5'-Diphosphate	C10H11N4O11P2	OPEN	OPEN	kegg:C00104	chebi:17808	pubchem:6831	OPEN	OPEN	OPEN	OPEN
gam6p	D-Glucosamine-6-Phosphate	C6H13NO8P	OPEN	OPEN	kegg:C00352	chebi:15873	pubchem:121988	OPEN	OPEN	OPEN	OPEN
acgam6p	N-Acetyl-D-Glucosamine 6-Phosphate	C8H14NO9P	OPEN	OPEN	kegg:C00357	chebi:15784	pubchem:440996	OPEN	OPEN	OPEN	OPEN
acgam	N-Acetyl-D-Glucosamine	C8H15NO6	OPEN	hmdb:HMDB0000215	kegg:C00140	chebi:506227	pubchem:439174	cpd00122	OPEN	OPEN	OPEN
acgam1p	N-Acetyl-D-Glucosamine 1-Phosphate	C8H14NO9P	OPEN	OPEN	kegg:C04256	chebi:7125	pubchem:440272	OPEN	OPEN	OPEN	OPEN
acgbgbside_hs	Beta-GalNac-Globoside	C52H92N3O27FULLRCO	OPEN	OPEN	OPEN	OPEN	OPEN	OPEN	OPEN	OPEN	OPEN
acgpail_hs	6-(N-Acetyl-Alpha-D-Glucosaminyl)-1-Phosphatidyl-1D-Myo-Inositol	C17H29NO14PFULLRCO2FULLR2CO2	OPEN	OPEN	kegg:C01288	chebi:12194	OPEN	OPEN	OPEN	OPEN	OPEN
ac	Acetate	C2H3O2	OPEN	hmdb:HMDB0000042	kegg:C00033	chebi:15366	pubchem:176	OPEN	scfa_colonic_production	term.acetate	OPEN
gpail_hs	D-Glucosaminylphosphatidylinositol	C15H28NO13PFULLRCO2FULLR2CO2	OPEN	OPEN	kegg:C04248	chebi:17049	OPEN	OPEN	OPEN	OPEN	OPEN
acglu	N-Acetyl-L-Glutamate	C7H9NO5	OPEN	hmdb:HMDB0001138	kegg:C00624	chebi:12575	pubchem:185	OPEN	OPEN	OPEN	OPEN
ach	Acetylcholine	C7H16NO2	OPEN	hmdb:HMDB0000895	kegg:C01996	chebi:15355	pubchem:187	OPEN	OPEN	term.acetylcholine	OPEN
chol	Choline	C5H14NO	OPEN	hmdb:HMDB0000097	kegg:C00114	chebi:15354	pubchem:305	cpd00098	OPEN	term.choline	Assimilation,Structure,Bioenergetics
cit	Citrate	C6H5O7	OPEN	hmdb:HMDB0000094	kegg:C00158	chebi:30769	pubchem:311	cpd00137	fatty_acid_synthesis	term.citrate	OPEN
oaa	Oxaloacetate	C4H2O5	OPEN	hmdb:HMDB0000223	kegg:C00036	chebi:30744	pubchem:970	OPEN	glucogenic_ketogenic_aa	term.oxaloacetate	OPEN
acn13acngalgbside_hs	Sialyl-(1,3)-Sialyl-(2,6)-Galactosylgloboside	C72H121N4O43FULLRCO	OPEN	OPEN	OPEN	OPEN	OPEN	OPEN	OPEN	OPEN	OPEN
acn23acngalgbside_hs	Salyl-(2,3)-Sialyl-(2,6)-Galactosylgloboside	C72H121N4O43FULLRCO	OPEN	OPEN	OPEN	OPEN	OPEN	OPEN	OPEN	OPEN	OPEN
acnacngal14acglcgalgluside_hs	3',8'-LD1	C66H111N4O38FULLRCO	OPEN	OPEN	kegg:G00064	OPEN	OPEN	OPEN	OPEN	OPEN	OPEN
acnacngalgbside_hs	Disialyl-Galactosylgloboside	C72H121N4O43FULLRCO	OPEN	OPEN	OPEN	OPEN	OPEN	OPEN	OPEN	OPEN	OPEN
acmanap	N-Acetyl-D-Mannosamine 6-Phosphate	C8H14NO9P	OPEN	OPEN	kegg:C04257	chebi:28273	pubchem:21918217	OPEN	OPEN	OPEN	OPEN
pep	Phosphoenolpyruvate	C3H2O6P	OPEN	hmdb:HMDB0000263	kegg:C00074	chebi:44897	pubchem:1005	OPEN	gluconeogenesis	term.phosphoenolpyruvate	OPEN
acnamp	N-Acetylneuraminate 9-Phosphate	C11H17NO12P	OPEN	OPEN	kegg:C06241	chebi:27438	pubchem:440962	OPEN	OPEN	OPEN	OPEN
man6p	D-Mannose 6-Phosphate	C6H11O9P	OPEN	OPEN	kegg:C00275	chebi:17369	pubchem:65127	cpd00235	OPEN	OPEN	OPEN
kdnp	2-Keto-3-Deoxy-D-Glycero-D-Galactononic Acid 9-Phosphate	C9H14O12P	OPEN	OPEN	OPEN	OPEN	OPEN	OPEN	OPEN	OPEN	OPEN
acnam	N-Acetylneuraminate	C11H18NO9	OPEN	hmdb:HMDB0000230	kegg:C19910	chebi:45744	pubchem:445063	OPEN	OPEN	OPEN	OPEN
acngalacglcgal14acglcgalgluside_hs	Vi3Neuac-Nlc6Cer	C69H118N4O40FULLRCO	OPEN	OPEN	kegg:G00088	OPEN	OPEN	OPEN	OPEN	OPEN	OPEN
acmana	N-Acetyl-D-Mannosamine	C8H15NO6	OPEN	OPEN	kegg:C00645	chebi:17122	pubchem:439281	OPEN	OPEN	OPEN	OPEN
2mbcoa	2-Methylbutanoyl Coenzyme A	C26H40N7O17P3S	OPEN	hmdb:HMDB0001041	kegg:C01033	chebi:15477	pubchem:439371	OPEN	OPEN	OPEN	OPEN
fad	Flavin Adenine Dinucleotide Oxidized	C27H31N9O15P2	OPEN	hmdb:HMDB0001248	kegg:C00016	chebi:16238	pubchem:643975	OPEN	OPEN	OPEN	OPEN
2mb2coa	2-Methylcrotonoyl Coenzyme A	C26H38N7O17P3S	OPEN	hmdb:HMDB0002054	kegg:C03345	chebi:15478	pubchem:5280564	OPEN	OPEN	OPEN	OPEN
fadh2	Flavin Adenine Dinucleotide Reduced	C27H33N9O15P2	OPEN	hmdb:HMDB0001197	kegg:C01352	chebi:17877	pubchem:446013	OPEN	etc_oxphos	OPEN	OPEN
btcoa	Butanoyl Coenzyme A	C25H38N7O17P3S	OPEN	hmdb:HMDB0001088	kegg:C00136	chebi:57371	pubchem:265	OPEN	OPEN	OPEN	OPEN
ivcoa	Isovaleryl Coenzyme A	C26H40N7O17P3S	OPEN	hmdb:HMDB0001113	kegg:C02939	chebi:15487	pubchem:439855	OPEN	OPEN	OPEN	OPEN
3mb2coa	3-Methylbut-2-Enoyl Coenzyme A	C26H38N7O17P3S	OPEN	hmdb:HMDB0001493	kegg:C03069	chebi:15486	pubchem:439869	OPEN	OPEN	OPEN	OPEN
ibcoa	Isobutyryl Coenzyme A	C25H38N7O17P3S	OPEN	hmdb:HMDB0001243	kegg:C00630	chebi:15479	pubchem:3036931	OPEN	OPEN	OPEN	OPEN
2mp2coa	2-Methylprop-2-Enoyl Coenzyme A	C25H36N7O17P3S	OPEN	OPEN	kegg:C03460	chebi:27754	OPEN	OPEN	OPEN	OPEN	OPEN
hdd2coa	Trans-Hexadec-2-Enoyl Coenzyme A	C37H60N7O17P3S	OPEN	hmdb:HMDB0006533	kegg:C05272	chebi:28935	pubchem:46173176	OPEN	OPEN	OPEN	OPEN
acorn	N(2)-Acetyl-L-Ornithine	C7H14N2O3	OPEN	hmdb:HMDB0003357	kegg:C00437	chebi:16543	pubchem:439232	OPEN	OPEN	OPEN	OPEN
orn	Ornithine	C5H13N2O2	OPEN	hmdb:HMDB0000214	kegg:C00077	chebi:15729	pubchem:6262	cpd00064	urea_cycle	term.ornithine	OPEN
icit	Isocitric Acid	C6H5O7	OPEN	hmdb:HMDB0000193	kegg:C00311	chebi:30887	pubchem:1198	OPEN	OPEN	OPEN	OPEN
dhcholoylcoa	3Alpha,7Alpha-Dihydroxy-5Beta-Cholest-24-Enoyl Coenzyme A	C48H74N7O19P3S	OPEN	OPEN	kegg:C05447	chebi:27393	pubchem:5280796	OPEN	OPEN	OPEN	OPEN
thcholoylcoa	3Alpha,7Alpha,24-Trihydroxy-5Beta-Cholestanoyl Coenzyme A	C48H76N7O20P3S	OPEN	OPEN	kegg:C05448	chebi:27403	pubchem:46224536	OPEN	OPEN	OPEN	OPEN
cholcoas	(25S)-3Alpha,7Alpha,12Alpha-Trihydroxy-5Beta-Cholestan-26-Oyl Coenzyme A	C48H76N7O20P3S	OPEN	OPEN	kegg:C17343	chebi:37643	pubchem:15942888	OPEN	OPEN	OPEN	OPEN
cholcoads	3Alpha,7Alpha,12Alpha-Trihydroxy-5Beta-Cholest-24-Enoyl Coenzyme A	C48H74N7O20P3S	OPEN	hmdb:HMDB0006889	kegg:C05460	chebi:27505	pubchem:5280797	OPEN	OPEN	OPEN	OPEN
fmn	Flavin Mononucleotide	C17H19N4O9P	OPEN	hmdb:HMDB0001520	kegg:C00061	chebi:17621	pubchem:643976	OPEN	OPEN	OPEN	OPEN
ribflv	Riboflavin	C17H20N4O6	OPEN	hmdb:HMDB0000244	kegg:C00255	chebi:17015	pubchem:493570	cpd00220	OPEN	term.riboflavin	Assimilation,Bioenergetics,Structure
acrn	O-Acetylcarnitine	C9H17NO4	OPEN	hmdb:HMDB0000201	kegg:C02571	chebi:15960	pubchem:1	OPEN	OPEN	OPEN	OPEN
Nacsertn	N-Acetylserotonin	C12H14N2O2	OPEN	OPEN	kegg:C00978	chebi:17697	pubchem:903	OPEN	OPEN	OPEN	OPEN
melatn	Melatonin	C13H16N2O2	OPEN	hmdb:HMDB0001389	kegg:C01598	chebi:16796	pubchem:896	OPEN	OPEN	term.melatonin	OPEN
acetol	Hydroxyacetone	C3H6O2	OPEN	hmdb:HMDB0006961	kegg:C05235	chebi:27957	pubchem:8299	OPEN	OPEN	OPEN	OPEN
ins	Inosine	C10H12N4O5	OPEN	hmdb:HMDB0000195	kegg:C00294	chebi:17596	pubchem:6021	cpd00246	OPEN	OPEN	OPEN
ade	Adenine	C5H5N5	OPEN	hmdb:HMDB0000034	kegg:C00147	chebi:16708	pubchem:190	OPEN	OPEN	OPEN	OPEN
gtp	Guanosine-5'-Triphosphate	C10H12N5O14P3	OPEN	hmdb:HMDB0001273	kegg:C00044	chebi:15996	pubchem:6830	OPEN	OPEN	OPEN	OPEN
gdp	Guanosine-5'-Diphosphate	C10H12N5O11P2	OPEN	hmdb:HMDB0001201	kegg:C00035	chebi:17552	pubchem:8977	OPEN	OPEN	OPEN	OPEN
damp	Deoxyadenosine Monophosphate	C10H12N5O6P	OPEN	OPEN	kegg:C00360	chebi:17713	pubchem:12599	OPEN	OPEN	OPEN	OPEN
datp	Deoxyadenosine Triphosphate	C10H12N5O12P3	OPEN	hmdb:HMDB0001532	kegg:C00131	chebi:16284	pubchem:15993	OPEN	OPEN	OPEN	OPEN
dadp	Deoxyadenosine Diphosphate	C10H12N5O9P2	OPEN	hmdb:HMDB0001508	kegg:C00206	chebi:16174	pubchem:53477733	OPEN	OPEN	OPEN	OPEN
ametam	S-Adenosylmethioninamine	C14H24N6O3S	OPEN	hmdb:HMDB0000988	kegg:C01137	chebi:15625	pubchem:439415	OPEN	OPEN	OPEN	OPEN
camp	3,5-Cyclic Adenosine Monophosphate	C10H11N5O6P	OPEN	hmdb:HMDB0000058	kegg:C00575	chebi:17489	pubchem:6076	OPEN	OPEN	OPEN	OPEN
g1p	D-Glucose 1-Phosphate	C6H11O9P	OPEN	OPEN	kegg:C00103	chebi:16077	pubchem:65533	OPEN	fructose_galactose	OPEN	OPEN
adpman	Adenosine-5'-Diphosphate-D-Mannose	C16H23N5O15P2	OPEN	hmdb:HMDB0006369	kegg:C06192	chebi:28845	pubchem:440940	OPEN	OPEN	OPEN	OPEN
man1p	D-Mannose 1-Phosphate	C6H11O9P	OPEN	hmdb:HMDB0006330	kegg:C00636	chebi:35374	pubchem:644175	OPEN	OPEN	OPEN	OPEN
adprib	Adenosine-5'-Diphosphate-Ribose	C15H21N5O14P2	OPEN	OPEN	kegg:C00301	chebi:16960	pubchem:445794	OPEN	OPEN	OPEN	OPEN
adrncoa	Adrenoyl Coenzyme A	C43H66N7O17P3S	OPEN	OPEN	kegg:C16170	chebi:63544	OPEN	OPEN	OPEN	OPEN	OPEN
crn	L-Carnitine	C7H15NO3	OPEN	hmdb:HMDB0000062	kegg:C15025	chebi:11060	pubchem:2724480	cpd00266	OPEN	OPEN	OPEN
adrncrn	Ocosatetraenoylcarnitine	C29H49NO4	OPEN	OPEN	OPEN	OPEN	pubchem:53477825	OPEN	OPEN	OPEN	OPEN
adrn	Adrenic Acid	C22H35O2	OPEN	hmdb:HMDB0002226	kegg:C16527	chebi:53487	pubchem:5497181	OPEN	OPEN	OPEN	OPEN
aps	5-Adenylyl Sulfate	C10H12N5O10PS	OPEN	OPEN	kegg:C00224	chebi:17709	pubchem:10238	OPEN	OPEN	OPEN	OPEN
dcamp	N6-(1,2-Dicarboxyethyl)-Adenosine Monophosphate	C14H14N5O11P	OPEN	OPEN	kegg:C03794	chebi:15919	pubchem:447145	OPEN	OPEN	OPEN	OPEN
fum	Fumarate	C4H2O4	OPEN	hmdb:HMDB0000134	kegg:C00122	chebi:18012	pubchem:444972	cpd00106	glucogenic_ketogenic_aa	term.fumarate	OPEN
25aics	(S)-2-[5-Amino-1-(5-Phospho-D-Ribosyl)Imidazole-4-Carboxamido]Succinate	C13H15N4O12P	OPEN	OPEN	kegg:C04823	chebi:18319	pubchem:160666	OPEN	OPEN	OPEN	OPEN
aicar	5-Amino-1-(5-Phospho-D-Ribosyl)Imidazole-4-Carboxamide	C9H13N4O8P	OPEN	OPEN	kegg:C04677	chebi:18406	pubchem:65110	OPEN	OPEN	OPEN	OPEN
aflatoxin	Aflatoxin B1	C17H12O6	OPEN	OPEN	kegg:C06800	chebi:2504	pubchem:186907	OPEN	OPEN	OPEN	OPEN
ksii_core4_pre2	Keratan Sulfate Ii Boisynthesis, Precursor 2	C47H76N4O33X	OPEN	OPEN	OPEN	OPEN	OPEN	OPEN	OPEN	OPEN	OPEN
ksii_core4_pre3	Keratan Sulfate Ii Biosynthesis, Precursor 3	C55H89N5O38X	OPEN	OPEN	OPEN	OPEN	OPEN	OPEN	OPEN	OPEN	OPEN
ksii_core4_pre4	Keratan Sulfate Ii Biosynthesis, Precursor 4	C61H99N5O43X	OPEN	OPEN	OPEN	OPEN	OPEN	OPEN	OPEN	OPEN	OPEN
ksii_core4_pre5	Keratan Sulfate Ii Biosynthesis, Precursor 5	C69H112N6O48X	OPEN	OPEN	OPEN	OPEN	OPEN	OPEN	OPEN	OPEN	OPEN
ksii_core4_pre7	Keratan Sulfate Ii Biosynthesis, Precursor 7	C75H121N6O56SX	OPEN	OPEN	OPEN	OPEN	OPEN	OPEN	OPEN	OPEN	OPEN
ksii_core4_pre8	Keratan Sulfate Ii Biosynthesis, Precursor 8	C83H134N7O61SX	OPEN	OPEN	OPEN	OPEN	OPEN	OPEN	OPEN	OPEN	OPEN
ksii_core2_pre2	Keratan Sulfate Ii Biosynthesis, Precursor 2	C39H63N3O28X	OPEN	OPEN	OPEN	OPEN	OPEN	OPEN	OPEN	OPEN	OPEN
ksii_core2_pre3	Keratan Sulfate Ii Biosynthesis, Precursor 3	C47H76N4O33X	OPEN	OPEN	OPEN	OPEN	OPEN	OPEN	OPEN	OPEN	OPEN
ksii_core2_pre4	Keratan Sulfate Ii Biosynthesis, Precursor 4	C53H86N4O38X	OPEN	OPEN	OPEN	OPEN	OPEN	OPEN	OPEN	OPEN	OPEN
ksii_core2_pre5	Keratan Sulfate Ii Biosynthesis, Precursor 5	C61H99N5O43X	OPEN	OPEN	OPEN	OPEN	OPEN	OPEN	OPEN	OPEN	OPEN
ksii_core2_pre7	Keratan Sulfate Ii Biosynthesis, Precursor 7	C67H108N5O51SX	OPEN	OPEN	OPEN	OPEN	OPEN	OPEN	OPEN	OPEN	OPEN
ksii_core2_pre8	Keratan Sulfate Ii Biosynthesis, Precursor 8	C75H121N6O56SX	OPEN	OPEN	OPEN	OPEN	OPEN	OPEN	OPEN	OPEN	OPEN
cdpchol	Cytidine-5'-Diphosphatecholine	C14H25N4O11P2	OPEN	OPEN	kegg:C00307	chebi:16436	pubchem:13804	OPEN	OPEN	OPEN	OPEN
cmp	Cytidine 5'-Monophosphate	C9H12N3O8P	OPEN	hmdb:HMDB0000095	kegg:C00055	chebi:17361	pubchem:6131	OPEN	OPEN	OPEN	OPEN
cdpea	Cytidine-5'-Diphosphate-Ethanolamine	C11H19N4O11P2	OPEN	hmdb:HMDB0001564	kegg:C00570	chebi:16732	pubchem:123727	OPEN	OPEN	OPEN	OPEN
Rtotal2	R Total 2 Position	CO2FULLR2	OPEN	OPEN	OPEN	OPEN	OPEN	OPEN	OPEN	OPEN	OPEN
agm	Agmatine	C5H16N4	OPEN	hmdb:HMDB0001432	kegg:C00179	chebi:17431	pubchem:199	OPEN	OPEN	OPEN	OPEN
ptrc	Putrescine	C4H14N2	OPEN	hmdb:HMDB0001414	kegg:C00134	chebi:17148	pubchem:1045	cpd00118	OPEN	term.putrescine	OPEN
urea	Urea	CH4N2O	OPEN	hmdb:HMDB0000294	kegg:C00086	chebi:16199	pubchem:1176	cpd00073	urea_cycle	term.urea	Biotransformation
Rtotal2coa	R Total 2 Coenzyme A	CO2FULLR2C21H31N7O15P3S	OPEN	OPEN	OPEN	OPEN	OPEN	OPEN	OPEN	OPEN	OPEN
alpa_hs	Lysophosphatidic Acid	C3H4O5PFULLRCO2	OPEN	OPEN	OPEN	OPEN	OPEN	OPEN	OPEN	OPEN	OPEN
pa_hs	Phosphatidate	C3H5O4PFULLRCO2FULLR2CO2	OPEN	OPEN	OPEN	OPEN	OPEN	OPEN	OPEN	OPEN	OPEN
ala_L	L-Alanine	C3H7NO2	OPEN	hmdb:HMDB0000161	kegg:C00041	chebi:16977	pubchem:5950	cpd00035	OPEN	OPEN	OPEN
glx	Glyoxylate	C2H1O3	OPEN	hmdb:HMDB0000119	kegg:C00048	chebi:16891	pubchem:760	OPEN	OPEN	OPEN	OPEN
gly	Glycine	C2H5NO2	OPEN	hmdb:HMDB0000123	kegg:C00037	chebi:15428	pubchem:750	cpd00033	OPEN	term.glycine	Assimilation,Structure
ahandrostanglc	3Alpha-Hydroxy-5Beta-Androstan-17-One 3-Glucosiduronic Acid	C25H38O8	OPEN	hmdb:HMDB0004484	kegg:C11136	chebi:37451	pubchem:443078	OPEN	OPEN	OPEN	OPEN
n2m2nmn	Reducing GlcNac Removed Form Of N2M2Nmasn (W/O Peptide)	C50H84N4O36	OPEN	OPEN	OPEN	OPEN	OPEN	OPEN	OPEN	OPEN	OPEN
n2m2mn	De-Fuc, Reducing GlcNac Removed, De-Sia, De-Gal Form Of Pa6 (W/O Peptide Linkage)	C42H71N3O31	OPEN	OPEN	OPEN	OPEN	OPEN	OPEN	OPEN	OPEN	OPEN
air	5-Amino-1-(5-Phospho-D-Ribosyl)Imidazole	C8H12N3O7P	OPEN	OPEN	kegg:C03373	chebi:28843	pubchem:161500	OPEN	OPEN	OPEN	OPEN
5aizc	5-Amino-1-(5-Phospho-D-Ribosyl)Imidazole-4-Carboxylate	C9H11N3O9P	OPEN	OPEN	kegg:C04751	chebi:28413	pubchem:165388	OPEN	OPEN	OPEN	OPEN
succoa	Succinyl Coenzyme A	C25H35N7O19P3S	OPEN	OPEN	kegg:C00091	chebi:15380	pubchem:439161	OPEN	OPEN	OPEN	OPEN
mal_L	(S)-Malate	C4H4O5	OPEN	hmdb:HMDB0000156	kegg:C00149	chebi:30797	pubchem:222656	cpd00130	OPEN	OPEN	OPEN
prgstrn	Progesterone	C21H30O2	OPEN	hmdb:HMDB0001830	kegg:C00410	chebi:17026	pubchem:5994	OPEN	OPEN	term.progesterone	OPEN
aprgstrn	(20S)-20-Hydroxypregn-4-En-3-One	C21H32O2	OPEN	hmdb:HMDB0003069	kegg:C04042	chebi:36729	pubchem:92747	OPEN	OPEN	OPEN	OPEN
xol7ah	7Alpha-Hydroxy-5Beta-Cholestan-3-One	C27H46O2	OPEN	OPEN	kegg:C05451	chebi:2290	pubchem:5284270	OPEN	OPEN	OPEN	OPEN
xol7ah2	5Beta-Cholestane-3Alpha,7Alpha-Diol	C27H48O2	OPEN	hmdb:HMDB0006893	kegg:C05452	chebi:28047	pubchem:3080603	OPEN	OPEN	OPEN	OPEN
xoldioloneh	7Alpha,12Alpha-Dihydroxy-5Beta-Cholestan-3-One	C27H46O3	OPEN	OPEN	kegg:C05453	chebi:2288	pubchem:5284271	OPEN	OPEN	OPEN	OPEN
xoltriol	5Beta-Cholestane-3Alpha,7Alpha,12Alpha-Triol	C27H48O3	OPEN	hmdb:HMDB0001457	kegg:C05454	chebi:16496	pubchem:160520	OPEN	OPEN	OPEN	OPEN
xol7aone	7Alpha-Hydroxycholest-4-En-3-One	C27H44O2	OPEN	hmdb:HMDB0001993	kegg:C05455	chebi:17899	pubchem:123743	OPEN	OPEN	OPEN	OPEN
xoldiolone	7Alpha,12Alpha-Dihydroxycholest-4-En-3-One	C27H44O3	OPEN	OPEN	kegg:C05457	chebi:28477	pubchem:3081958	OPEN	OPEN	OPEN	OPEN
asn_L	L-Asparagine	C4H8N2O3	OPEN	hmdb:HMDB0000168	kegg:C00152	chebi:17196	pubchem:6267	cpd00132	OPEN	OPEN	OPEN
cys_L	L-Cysteine	C3H7NO2S	OPEN	hmdb:HMDB0000574	kegg:C00097	chebi:17561	pubchem:5862	cpd00084	OPEN	OPEN	OPEN
ala_D	D-Alanine	C3H7NO2	OPEN	hmdb:HMDB0001310	kegg:C00133	chebi:15570	pubchem:71080	cpd00117	OPEN	OPEN	OPEN
gln_L	L-Glutamine	C5H10N2O3	OPEN	hmdb:HMDB0000641	kegg:C00064	chebi:18050	pubchem:5961	cpd00053	OPEN	OPEN	OPEN
ser_L	L-Serine	C3H7NO3	OPEN	hmdb:HMDB0000187	kegg:C00065	chebi:17115	pubchem:5951	cpd00054	OPEN	OPEN	OPEN
thr_L	L-Threonine	C4H9NO3	OPEN	hmdb:HMDB0000167	kegg:C00188	chebi:16857	pubchem:6288	cpd00161	OPEN	OPEN	OPEN
12ppd_R	(R)-Propane-1,2-Diol	C3H8O2	OPEN	hmdb:HMDB0001881	kegg:C00583	chebi:16997	pubchem:1030	OPEN	OPEN	OPEN	OPEN
lald_D	(R)-Lactaldehyde	C3H6O2	OPEN	OPEN	kegg:C00937	chebi:17167	pubchem:439350	OPEN	OPEN	OPEN	OPEN
12ppd_S	(S)-Propane-1,2-Diol	C3H8O2	OPEN	OPEN	OPEN	OPEN	OPEN	OPEN	OPEN	OPEN	OPEN
lald_L	(S)-Lactaldehyde	C3H6O2	OPEN	OPEN	kegg:C05999	chebi:18419	pubchem:439231	OPEN	OPEN	OPEN	OPEN
etoh	Ethanol	C2H6O	OPEN	hmdb:HMDB0000108	kegg:C00469	chebi:16236	pubchem:702	OPEN	OPEN	term.ethanol	OPEN
id3acald	Indol-3-Ylacetaldehyde	C10H9NO	OPEN	OPEN	kegg:C00637	OPEN	pubchem:800	OPEN	OPEN	OPEN	OPEN
ind3ac	Indole-3-Acetate	C10H8NO2	OPEN	hmdb:HMDB0000197	kegg:C00954	chebi:16411	pubchem:802	OPEN	OPEN	OPEN	OPEN
pristanal	Pristanal	C19H38O	OPEN	OPEN	OPEN	OPEN	pubchem:14671060	OPEN	OPEN	OPEN	OPEN
prist	Pristanic Acid	C19H37O2	OPEN	hmdb:HMDB0000795	OPEN	chebi:51340	pubchem:123929	OPEN	OPEN	OPEN	OPEN
aldstrn	Aldosterone	C21H28O5	OPEN	hmdb:HMDB0000037	kegg:C01780	chebi:27584	pubchem:24758425	OPEN	OPEN	term.aldosterone	Communication,Bioenergetics
dhap	Dihydroxyacetone Phosphate	C3H5O6P	OPEN	OPEN	kegg:C00111	chebi:16108	pubchem:668	OPEN	redox_shuttles	term.dihydroxyacetone_phosphate	OPEN
arachd	Arachidonate	C20H31O2	OPEN	hmdb:HMDB0001043	kegg:C00219	chebi:15843	pubchem:444899	OPEN	OPEN	OPEN	OPEN
12HPET	12-Hydroperoxyeicosa-5,8,10,14-tetraenoate	C20H31O4	OPEN	hmdb:HMDB0004243	kegg:C05965	chebi:15626	pubchem:5280892	OPEN	OPEN	OPEN	OPEN
15HPET	15S-Hydroperoxyeicosatetraenoate	C20H31O4	OPEN	OPEN	OPEN	OPEN	pubchem:5280893	OPEN	OPEN	OPEN	OPEN
5HPET	5(S)-Hydroperoxyeicosatetraenoic Acid	C20H31O4	OPEN	OPEN	OPEN	chebi:15632	pubchem:5280778	OPEN	OPEN	OPEN	OPEN
leuktrA4	Leukotriene A4	C20H29O3	OPEN	hmdb:HMDB0001337	kegg:C00909	chebi:15651	pubchem:5280383	OPEN	OPEN	OPEN	OPEN
dhcholestancoa	3Alpha,7Alpha-Dihydroxy-5Beta-Cholestanoyl Coenzyme A	C48H76N7O19P3S	OPEN	hmdb:HMDB0002159	kegg:C04644	chebi:15494	pubchem:440420	OPEN	OPEN	OPEN	OPEN
cholcoar	(25R)-3Alpha,7Alpha,12Alpha-Trihydroxy-5Beta-Cholestan-26-Oyl Coenzyme A	C48H76N7O20P3S	OPEN	OPEN	kegg:C15613	chebi:37642	pubchem:15942889	OPEN	OPEN	OPEN	OPEN
amuco	2-Aminomuconate	C6H6NO4	OPEN	OPEN	kegg:C02220	chebi:16886	OPEN	OPEN	OPEN	OPEN	OPEN
imp	Inosine-5'-Monophosphate	C10H11N4O8P	OPEN	hmdb:HMDB0000175	kegg:C00130	chebi:17202	pubchem:8582	OPEN	OPEN	OPEN	OPEN
cgly	L-Cysteinylglycine	C5H10N2O3S	OPEN	hmdb:HMDB0000078	kegg:C01419	chebi:4047	pubchem:439498	cpd15603	OPEN	OPEN	OPEN
strch1	Starch, Structure 1 (1,6-{7[1,4-Glc], 4[1,4-Glc]})	C66H112O56	OPEN	OPEN	OPEN	OPEN	OPEN	OPEN	OPEN	OPEN	OPEN
glc_D	D-Glucose	C6H12O6	OPEN	hmdb:HMDB0000122	kegg:C00031	chebi:4167	pubchem:5793	OPEN	OPEN	term.d_glucose	Assimilation
strch2	Starch, Structure 2 (1,6-{2[1,4-Glc], [1,4-Glc]})	C18H32O16	OPEN	OPEN	OPEN	OPEN	OPEN	OPEN	OPEN	OPEN	OPEN
glygn2	Glycogen, Structure 2 (Glycogenin-1,6-{7[1,4-Glc], 4[1,4-Glc]})	C66H111O56X	OPEN	OPEN	OPEN	OPEN	OPEN	OPEN	OPEN	OPEN	OPEN
glygn4	Glycogen, Structure 4 (Glycogenin-1,6-{2[1,4-Glc], [1,4-Glc]})	C18H31O16X	OPEN	OPEN	OPEN	OPEN	OPEN	OPEN	OPEN	OPEN	OPEN
andrstrnglc	Androsterone 3-Glucosiduronic Acid	C25H38O8	OPEN	hmdb:HMDB0002829	kegg:C11135	chebi:28832	pubchem:114833	OPEN	OPEN	OPEN	OPEN
andrstrn	Androsterone	C19H30O2	OPEN	hmdb:HMDB0000031	kegg:C00523	chebi:16032	pubchem:12306765	OPEN	OPEN	OPEN	OPEN
antipyrene	Antipyrine	C11H12N2O	OPEN	OPEN	kegg:C13244	chebi:31225	pubchem:2206	OPEN	OPEN	OPEN	OPEN
2aobut	L-2-Amino-3-Oxobutanoic Acid	C4H7NO3	OPEN	hmdb:HMDB0006454	kegg:C03508	chebi:40673	pubchem:440033	OPEN	OPEN	OPEN	OPEN
msa	3-Oxopropanoate	C3H3O3	OPEN	OPEN	kegg:C00222	chebi:17960	pubchem:868	OPEN	OPEN	OPEN	OPEN
ala_B	Beta-Alanine	C3H7NO2	OPEN	hmdb:HMDB0000056	kegg:C00099	chebi:16958	pubchem:239	OPEN	OPEN	OPEN	OPEN
apnnox	Alpha-Pinene Oxide	C10H16O	OPEN	hmdb:HMDB0003667	kegg:C02759	chebi:29060	pubchem:91508	OPEN	OPEN	OPEN	OPEN
apoC	Apocarboxlase (No Lys Residue)	XH	OPEN	OPEN	OPEN	OPEN	OPEN	OPEN	OPEN	OPEN	OPEN
lys_L	L-Lysine	C6H15N2O2	OPEN	hmdb:HMDB0000182	kegg:C00047	chebi:18019	pubchem:5962	cpd00039	OPEN	OPEN	OPEN
apoC_Lys	Apoc-Lysine	C6H13N2OX	OPEN	OPEN	OPEN	OPEN	OPEN	OPEN	OPEN	OPEN	OPEN
apoC_Lys_btn	Holocarboxylase (Biotin Covalent Bound To Lys Residue Of Apoc)	C16H27N4O3SX	OPEN	OPEN	kegg:C06250	OPEN	OPEN	OPEN	OPEN	OPEN	OPEN
biocyt	Biocytin	C16H28N4O4S	OPEN	OPEN	kegg:C05552	chebi:27870	pubchem:83814	OPEN	OPEN	OPEN	OPEN
appnn	(+)-Alpha-Pinene	C10H16	OPEN	hmdb:HMDB0006525	kegg:C09880	chebi:36740	pubchem:6654	OPEN	OPEN	OPEN	OPEN
aprut	N-Acetylputrescine	C6H15N2O	OPEN	hmdb:HMDB0002064	kegg:C02714	chebi:17768	pubchem:122356	OPEN	OPEN	OPEN	OPEN
n4abutn	4-Acetamidobutanal	C6H11NO2	OPEN	hmdb:HMDB0004226	kegg:C05936	chebi:7386	pubchem:440850	OPEN	OPEN	OPEN	OPEN
aqcobal	Aquacob(III)Alamin	C62H93CoN13O15P	OPEN	OPEN	kegg:C00992	chebi:15852	OPEN	OPEN	OPEN	OPEN	OPEN
arab_L	L-Arabinose	C5H10O5	OPEN	hmdb:HMDB0000646	kegg:C00259	chebi:17535	pubchem:439195	cpd00224	OPEN	OPEN	OPEN
arachcoa	Arachidoyl Coenzyme A	C41H70N7O17P3S	OPEN	hmdb:HMDB0004258	kegg:C02041	chebi:15527	pubchem:16061151	OPEN	OPEN	OPEN	OPEN
arachcrn	Eicosanoylcarnitine	C27H53NO4	OPEN	OPEN	OPEN	OPEN	pubchem:53477833	OPEN	OPEN	OPEN	OPEN
arachdcoa	Arachidonoyl Coenzyme A	C41H62N7O17P3S	OPEN	hmdb:HMDB0006523	kegg:C02249	chebi:15514	pubchem:16061152	OPEN	OPEN	OPEN	OPEN
arach	Arachidic Acid	C20H39O2	OPEN	hmdb:HMDB0002212	kegg:C06425	chebi:28822	pubchem:10467	OPEN	OPEN	OPEN	OPEN
arg_L	L-Arginine	C6H15N4O2	OPEN	hmdb:HMDB0000517	kegg:C00062	chebi:16467	pubchem:6322	cpd00051	OPEN	OPEN	OPEN
argsuc	L-Arginosuccinic Acid	C10H17N4O6	OPEN	hmdb:HMDB0000052	kegg:C03406	chebi:15682	pubchem:16950	OPEN	OPEN	OPEN	OPEN
citr_L	L-Citrulline	C6H13N3O3	OPEN	hmdb:HMDB0000904	kegg:C00327	chebi:16349	pubchem:9750	OPEN	OPEN	OPEN	OPEN
sgalside_hs	Sulfatide Galactocerebroside	C24H45NO10SFULLRCO	OPEN	OPEN	OPEN	OPEN	OPEN	OPEN	OPEN	OPEN	OPEN
galside_hs	D-Galactosyl-N-Acylsphingosine	C24H46NO7FULLRCO	OPEN	OPEN	kegg:C02686	chebi:12947	OPEN	OPEN	OPEN	OPEN	OPEN
so4	Sulfate	O4S	OPEN	hmdb:HMDB0001448	kegg:C00059	chebi:16189	pubchem:1117	cpd00048	OPEN	OPEN	OPEN
Rtotal	R Total	CO2FULLR	OPEN	OPEN	OPEN	OPEN	OPEN	OPEN	OPEN	OPEN	OPEN
Rtotalcoa	R Total Coenzyme A	CO2FULLRC21H31N7O15P3S	OPEN	OPEN	OPEN	OPEN	OPEN	OPEN	OPEN	OPEN	OPEN
Rtotal3coa	R Total 3 Coenzyme A	CO2FULLR3C21H31N7O15P3S	OPEN	OPEN	OPEN	OPEN	OPEN	OPEN	OPEN	OPEN	OPEN
Rtotal3	R Total 3 Position	CO2FULLR3	OPEN	OPEN	OPEN	OPEN	OPEN	OPEN	OPEN	OPEN	OPEN
hdcoa	Palmitoleyl Coenzyme A	C37H60N7O17P3S	OPEN	hmdb:HMDB0006532	OPEN	chebi:53152	pubchem:53477852	OPEN	OPEN	OPEN	OPEN
lnlncacoa	Alpha-Linolenoyl Coenzyme A	C39H60N7O17P3S	OPEN	hmdb:HMDB0006290	kegg:C16162	chebi:51985	pubchem:53477815	OPEN	OPEN	OPEN	OPEN
R2coa_hs	R Group 2 Coenzyme A	XCO2C21H31N7O15P3S	OPEN	OPEN	OPEN	OPEN	OPEN	OPEN	OPEN	OPEN	OPEN
lnlncgcoa	Gamma-Linolenoyl Coenzyme A	C39H60N7O17P3S	OPEN	hmdb:HMDB0006368	kegg:C03035	chebi:15508	pubchem:11966132	OPEN	OPEN	OPEN	OPEN
strdnccoa	Stearidonoyl Coenzyme A	C39H58N7O17P3S	OPEN	OPEN	kegg:C16163	chebi:63545	pubchem:23724640	OPEN	OPEN	OPEN	OPEN
dlnlcgcoa	Dihomo-Gamma-Linolenyl Coenzyme A	C41H64N7O17P3S	OPEN	hmdb:HMDB0003947	kegg:C03595	chebi:27979	pubchem:16061156	OPEN	OPEN	OPEN	OPEN
tmndnccoa	Eicosa-5,8,11,14,17-All-Cis-Pentaenoyl Coenzyme A	C41H60N7O17P3S	OPEN	OPEN	kegg:C16165	OPEN	pubchem:52922050	OPEN	OPEN	OPEN	OPEN
lnlccoa	Linoleic Coenzyme A	C39H62N7O17P3S	OPEN	hmdb:HMDB0001064	kegg:C02050	chebi:15530	pubchem:5462164	OPEN	OPEN	OPEN	OPEN
clpndcoa	Docosa-7,10,13,16,19-All-Cis-Pentaenoyl Coenzyme A	C43H64N7O17P3S	OPEN	hmdb:HMDB0006267	kegg:C16166	chebi:63541	pubchem:53477812	OPEN	OPEN	OPEN	OPEN
dcsptn1coa	(4Z,7Z,10Z,13Z,16Z)-Docosapentaenoyl Coenzyme A	C43H64N7O17P3S	OPEN	OPEN	kegg:C16173	OPEN	pubchem:23724650	OPEN	OPEN	OPEN	OPEN
c226coa	Cervonyl Coenzyme A	C43H62N7O17P3S	OPEN	OPEN	kegg:C16169	chebi:65132	OPEN	OPEN	OPEN	OPEN	OPEN
stcoa	Stearoyl Coenzyme A (N-C18:0 Coenzyme A)	C39H66N7O17P3S	OPEN	hmdb:HMDB0001114	kegg:C00412	chebi:15541	pubchem:439229	OPEN	OPEN	OPEN	OPEN
odecoa	Octadecenoyl Coenzyme A (N-C18:1 Coenzyme A)	C39H64N7O17P3S	OPEN	hmdb:HMDB0001322	kegg:C00510	chebi:15534	pubchem:5280355	OPEN	OPEN	OPEN	OPEN
octd11ecoa	11-Octadecenoyl Coenzyme A	C39H64N7O17P3S	OPEN	OPEN	OPEN	OPEN	OPEN	OPEN	OPEN	OPEN	OPEN
lneldccoa	(6Z,9Z)-Octadecadienoyl Coenzyme A	C39H62N7O17P3S	OPEN	OPEN	OPEN	OPEN	OPEN	OPEN	OPEN	OPEN	OPEN
nrvnccoa	Cis-15-Tetracosenoyl Coenzyme A	C45H76N7O17P3S	OPEN	OPEN	kegg:C16532	OPEN	pubchem:24892792	OPEN	OPEN	OPEN	OPEN
od2coa	(2E)-Octadecenoyl Coenzyme A	C39H64N7O17P3S	OPEN	hmdb:HMDB0006529	kegg:C16218	chebi:50570	pubchem:53477850	OPEN	OPEN	OPEN	OPEN
hexccoa	Hexacosanoyl Coenzyme A	C47H82N7O17P3S	OPEN	OPEN	OPEN	OPEN	pubchem:25246198	OPEN	OPEN	OPEN	OPEN
eicostetcoa	(8Z,11Z,14Z,17Z)-Eicosatetraenoyl Coenzyme A	C41H62N7O17P3S	OPEN	OPEN	kegg:C16164	OPEN	pubchem:23724641	OPEN	OPEN	OPEN	OPEN
tetpent6coa	Tetracosa-6,9,12,15,18-All-Cis-Pentaenoyl Coenzyme A	C45H68N7O17P3S	OPEN	OPEN	kegg:C16172	chebi:63546	pubchem:23724649	OPEN	OPEN	OPEN	OPEN
tetpent3coa	(9Z,12Z,15Z,18Z,21Z)-Tetracosapentaenoyl Coenzyme A	C45H68N7O17P3S	OPEN	OPEN	kegg:C16167	chebi:63543	pubchem:23724644	OPEN	OPEN	OPEN	OPEN
tettet6coa	(9Z,12Z,15Z,18Z)-Tetracosatetraenoyl Coenzyme A	C45H70N7O17P3S	OPEN	hmdb:HMDB0006516	kegg:C16171	chebi:63548	pubchem:53477846	OPEN	OPEN	OPEN	OPEN
tethex3coa	Tetracosa-6,9,12,15,18,21-All-Cis-Hexaenoyl Coenzyme A	C45H66N7O17P3S	OPEN	OPEN	kegg:C16168	OPEN	pubchem:53477806	OPEN	OPEN	OPEN	OPEN
crm_hs	N-Acylsphingosine	C18H36NO2FULLRCO	OPEN	OPEN	OPEN	OPEN	OPEN	OPEN	OPEN	OPEN	OPEN
sphings	Sphingosine	C18H38NO2	OPEN	hmdb:HMDB0000252	kegg:C00319	chebi:16393	pubchem:5353955	OPEN	OPEN	OPEN	OPEN
ascb_L	L-Ascorbate	C6H7O6	OPEN	hmdb:HMDB0000044	kegg:C00072	chebi:17208	pubchem:54670067	OPEN	OPEN	term.l_ascorbate	Assimilation,Structure,Bioenergetics
o2s	Superoxide	O2	OPEN	hmdb:HMDB0002168	kegg:C00704	chebi:18421	pubchem:5359597	OPEN	OPEN	term.superoxide	OPEN
dhdascb	Dehydroascorbide	C6H6O6	OPEN	hmdb:HMDB0001264	kegg:C00425	chebi:17242	pubchem:210328	OPEN	OPEN	OPEN	OPEN
Asn_X_Ser_Thr	Protein Asparagine	XH	OPEN	OPEN	kegg:C03021	OPEN	OPEN	OPEN	OPEN	OPEN	OPEN
cbp	Carbamoyl Phosphate	CH2NO5P	OPEN	OPEN	kegg:C00169	chebi:17672	pubchem:278	OPEN	urea_cycle	OPEN	OPEN
cbasp	N-Carbamoyl-L-Aspartate	C5H6N2O5	OPEN	OPEN	kegg:C00438	chebi:15859	pubchem:93072	OPEN	OPEN	OPEN	OPEN
asp_D	D-Aspartate	C4H6NO4	OPEN	hmdb:HMDB0000648	kegg:C00402	chebi:17364	pubchem:83887	OPEN	OPEN	OPEN	OPEN
k	Potassium	K	OPEN	hmdb:HMDB0000586	kegg:C00238	chebi:26216	pubchem:813	cpd00205	OPEN	term.potassium	Assimilation,Structure,Transport
Nacasp	N-Acetyl-L-Aspartate	C6H7NO5	OPEN	hmdb:HMDB0000812	kegg:C01042	chebi:21547	pubchem:65065	OPEN	OPEN	OPEN	OPEN
avite2	Alpha-Tocotrienol	C29H44O2	OPEN	hmdb:HMDB0006327	kegg:C14153	chebi:33270	pubchem:5282347	OPEN	OPEN	OPEN	OPEN
gbside_hs	Globoside	C44H79N2O22FULLRCO	OPEN	OPEN	kegg:C03272	chebi:18259	OPEN	OPEN	OPEN	OPEN	OPEN
ga2_hs	Gibberellin A2	C38H69N2O17FULLRCO	OPEN	OPEN	kegg:C06135	chebi:27731	OPEN	OPEN	OPEN	OPEN	OPEN
ga1_hs	Gibberellin A1	C44H79N2O22FULLRCO	OPEN	OPEN	kegg:C06136	OPEN	OPEN	OPEN	OPEN	OPEN	OPEN
gm2_hs	N-Acetyl-Beta-D-Galactosaminyl-(1->4)-[Alpha-N-Acetylneuraminosyl-(2->3)]-Beta-D-Galactosyl-Beta-D-Glucosyl-(1<->1)-Ceramide Anion	C49H85N3O25FULLRCO	OPEN	hmdb:HMDB0004936	kegg:C04884	chebi:51013	pubchem:20057332	OPEN	OPEN	OPEN	OPEN
gm1_hs	Ganglioside Gm1	C55H95N3O30FULLRCO	OPEN	hmdb:HMDB0000117	kegg:C04911	chebi:18216	OPEN	OPEN	OPEN	OPEN	OPEN
gd2_hs	GalNac-Beta1->4(Neuac-Alpha2->8Neuac2->3)Gal-Beta1->4Glc-Beta1->1'Cer	C60H101N4O33FULLRCO	OPEN	OPEN	kegg:C06134	chebi:28648	OPEN	OPEN	OPEN	OPEN	OPEN
gd1b_hs	Gd1B	C66H111N4O38FULLRCO	OPEN	OPEN	kegg:C06141	chebi:28175	OPEN	OPEN	OPEN	OPEN	OPEN
gt2_hs	Gt2	C71H117N5O41FULLRCO	OPEN	OPEN	kegg:G00119	OPEN	OPEN	OPEN	OPEN	OPEN	OPEN
gt1c_hs	Gt1C	C77H127N5O46FULLRCO	OPEN	OPEN	kegg:G00120	OPEN	OPEN	OPEN	OPEN	OPEN	OPEN
galgbside_hs	Galactosylgloboside	C50H89N2O27FULLRCO	OPEN	OPEN	kegg:G00097	OPEN	OPEN	OPEN	OPEN	OPEN	OPEN
acglcgalgluside_hs	Lactotriaosylceramide	C38H69N2O17FULLRCO	OPEN	OPEN	kegg:C04845	chebi:17103	OPEN	OPEN	OPEN	OPEN	OPEN
galacglcgalgluside_hs	D-Glucosylceramide	C44H79N2O22FULLRCO	OPEN	OPEN	kegg:C04910	chebi:17292	OPEN	OPEN	OPEN	OPEN	OPEN
gal14acglcgalgluside_hs	Lactoneotetraosylceramide	C44H79N2O22FULLRCO	OPEN	OPEN	OPEN	OPEN	OPEN	OPEN	OPEN	OPEN	OPEN
acglcgal14acglcgalgluside_hs	N-Acetyl-D-Glucosaminyl-1,3-Beta-D-Galactosyl-1,4-N-Acetyl-Beta-D-Glucosaminyl-1,3-Beta-D-Galactosyl-1,4-Beta-D-Glucosylceramide	C52H92N3O27FULLRCO	OPEN	OPEN	kegg:C04938	chebi:16297	OPEN	OPEN	OPEN	OPEN	OPEN
galacglcgal14acglcgalgluside_hs	Nlc6Cer	C58H102N3O32FULLRCO	OPEN	OPEN	kegg:G00067	OPEN	OPEN	OPEN	OPEN	OPEN	OPEN
acglc13galacglcgal14acglcgalgluside_hs	Nlc7Cer	C66H115N4O37FULLRCO	OPEN	OPEN	kegg:G00068	OPEN	OPEN	OPEN	OPEN	OPEN	OPEN
galacgalfuc12gal14acglcgalgluside_hs	(Gal)3 (GalNac)1 (Glc)1 (GlcNac)1 (LFuc)1 (Cer)1	X	OPEN	OPEN	OPEN	OPEN	OPEN	OPEN	OPEN	OPEN	OPEN
galacgalfucgalacglcgal14acglcgalgluside_hs	(Gal)4 (GalNac)1 (Glc)1 (GlcNac)2 (LFuc)1 (Cer)1	X	OPEN	OPEN	OPEN	OPEN	OPEN	OPEN	OPEN	OPEN	OPEN
acglcgalacglcgal14acglcgalgluside_hs	(Gal)3 (Glc)1 (Glcnac)3 (Cer)1	C66H115N4O37FULLRCO	OPEN	OPEN	kegg:G00077	OPEN	OPEN	OPEN	OPEN	OPEN	OPEN
galacglcgalacglcgal14acglcgalgluside_hs	I-Antigen	C72H125N4O42FULLRCO	OPEN	OPEN	OPEN	OPEN	OPEN	OPEN	OPEN	OPEN	OPEN
galacglc13galacglcgal14acglcgalgluside_hs	Nlc8Cer	C72H125N4O42FULLRCO	OPEN	OPEN	kegg:G00069	OPEN	OPEN	OPEN	OPEN	OPEN	OPEN
galthcrm_hs	Gal-Gal-Gal-Glc-Cer	C42H76NO22FULLRCO	OPEN	OPEN	OPEN	OPEN	OPEN	OPEN	OPEN	OPEN	OPEN
galgalthcrm_hs	Gal-Gal-Gal-Gal-Glc-Cer	C48H86NO27FULLRCO	OPEN	OPEN	OPEN	OPEN	OPEN	OPEN	OPEN	OPEN	OPEN
galgalgalthcrm_hs	Gal-Gal-Gal-Gal-Gal-Glc-Cer	C54H96NO32FULLRCO	OPEN	OPEN	OPEN	OPEN	OPEN	OPEN	OPEN	OPEN	OPEN
acglcgalgbside_hs	GlcNac-Gal Globoside	C58H102N3O32FULLRCO	OPEN	OPEN	OPEN	OPEN	OPEN	OPEN	OPEN	OPEN	OPEN
galacglcgalgbside_hs	Gal-GlcNac-Gal Globoside	C64H112N3O37FULLRCO	OPEN	OPEN	OPEN	OPEN	OPEN	OPEN	OPEN	OPEN	OPEN
gm2a_hs	Gm2Alpha	C49H85N3O25FULLRCO	OPEN	OPEN	OPEN	OPEN	OPEN	OPEN	OPEN	OPEN	OPEN
gm1a_hs	Gm1Alpha	C55H95N3O30FULLRCO	OPEN	OPEN	OPEN	OPEN	OPEN	OPEN	OPEN	OPEN	OPEN
gluside_hs	D-Glucosyl-N-Acylsphingosine	C24H46NO7FULLRCO	OPEN	OPEN	OPEN	OPEN	OPEN	OPEN	OPEN	OPEN	OPEN
cholcoa	Choloyl Coenzyme A	C45H70N7O20P3S	OPEN	hmdb:HMDB0001374	kegg:C01794	chebi:15519	pubchem:439573	OPEN	OPEN	OPEN	OPEN
gchola	Glycocholate	C26H43NO6	OPEN	hmdb:HMDB0000138	kegg:C01921	chebi:29746	pubchem:23617285	OPEN	OPEN	OPEN	OPEN
taur	Taurine	C2H7NO3S	OPEN	hmdb:HMDB0000251	kegg:C00245	chebi:15891	pubchem:1123	cpd00210	OPEN	term.taurine	Assimilation
tchola	Taurocholic acid	C26H45NO7S	OPEN	hmdb:HMDB0000036	kegg:C05122	chebi:28865	pubchem:440567	OPEN	OPEN	OPEN	OPEN
dgcholcoa	Chenodeoxyglycocholoyl Coenzyme A	C45H70N7O19P3S	OPEN	OPEN	OPEN	OPEN	pubchem:440685	OPEN	OPEN	OPEN	OPEN
dgchol	Glycochenodeoxycholate	C26H43NO5	OPEN	hmdb:HMDB0000637	kegg:C05466	chebi:36274	pubchem:22833540	OPEN	OPEN	OPEN	OPEN
dcholcoa	Chenodeoxycholoyl Coenzyme A	C45H70N7O19P3S	OPEN	hmdb:HMDB0002325	kegg:C05337	chebi:28701	pubchem:11953854	OPEN	OPEN	OPEN	OPEN
btn	Biotin	C10H15N2O3S	OPEN	hmdb:HMDB0000030	kegg:C00120	chebi:15956	pubchem:171548	cpd00104	OPEN	term.biotin	Assimilation,Bioenergetics,Structure
btamp	Biotinyl-5-Adenosine-5'-Monophosphate	C20H27N7O9PS	OPEN	OPEN	kegg:C05921	chebi:3110	pubchem:5326875	OPEN	OPEN	OPEN	OPEN
4tmeabutn	4-(Trimethylammonio)Butanoate	C7H15NO2	OPEN	OPEN	kegg:C01181	chebi:16244	OPEN	OPEN	OPEN	OPEN	OPEN
succ	Succinate	C4H4O4	OPEN	hmdb:HMDB0000254	kegg:C00042	chebi:15741	pubchem:1110	cpd00036	tca_cycle	term.succinate	OPEN
caro	Beta-Carotene	C40H56	OPEN	OPEN	OPEN	OPEN	OPEN	OPEN	OPEN	term.beta_carotene	Assimilation,Bioenergetics,Structure
retinal	Retinal	C20H28O	OPEN	hmdb:HMDB0001358	kegg:C00376	chebi:17898	pubchem:638015	OPEN	OPEN	term.retinal	OPEN
bhb	(R)-3-Hydroxybutyrate	C4H7O3	OPEN	hmdb:HMDB0000011	kegg:C01089	chebi:17066	pubchem:92135	cpd00797	OPEN	OPEN	OPEN
gdpmann	Guanosine-Diphosphate-Alpha-D-Mannose	C16H23N5O16P2	OPEN	OPEN	kegg:C00096	chebi:15820	pubchem:18396	OPEN	OPEN	OPEN	OPEN
betald	Betaine Aldehyde	C5H12NO	OPEN	OPEN	kegg:C00576	chebi:15710	pubchem:249	OPEN	OPEN	OPEN	OPEN
glyb	Glycine Betaine	C5H11NO2	OPEN	hmdb:HMDB0000043	kegg:C00719	chebi:17750	pubchem:247	cpd00540	OPEN	OPEN	OPEN
hcys_L	L-Homocysteine	C4H9NO2S	OPEN	hmdb:HMDB0000742	kegg:C00155	chebi:17230	pubchem:778	OPEN	OPEN	OPEN	OPEN
dmgly	N,N-Dimethylglycine	C4H9NO2	OPEN	hmdb:HMDB0000092	kegg:C01026	chebi:17724	pubchem:673	OPEN	OPEN	OPEN	OPEN
met_L	L-Methionine	C5H11NO2S	OPEN	hmdb:HMDB0000696	kegg:C00073	chebi:16643	pubchem:6137	cpd00060	OPEN	OPEN	OPEN
bildglcur	Bis(Beta-Glucosyluronate)Bilirubin	C45H50N4O18	OPEN	OPEN	kegg:C05787	chebi:18392	OPEN	OPEN	OPEN	OPEN	OPEN
bilglcur	Mono(Glucosyluronic Acid)Bilirubin	C39H42N4O12	OPEN	OPEN	kegg:C03374	chebi:16427	OPEN	OPEN	OPEN	OPEN	OPEN
biliverd	Biliverdin	C33H32N4O6	OPEN	OPEN	kegg:C00500	chebi:17033	OPEN	OPEN	OPEN	OPEN	OPEN
bilirub	Bilirubin	C33H34N4O6	OPEN	hmdb:HMDB0000054	kegg:C00486	chebi:16990	pubchem:5280352	OPEN	OPEN	OPEN	OPEN
memgacpail_hs	(Mannosyl),(Phosphoethanolaminyl)-Mannosyl-Glucosylaminyl-Acylphosphatidylinositol (B)	C45H84N2O27P2FULLRCO2FULLR2CO2	OPEN	OPEN	OPEN	OPEN	OPEN	OPEN	OPEN	OPEN	OPEN
dolp_L	Dolichyl Phosphate	C1080H1758O40P10	OPEN	OPEN	kegg:C00110	chebi:16214	OPEN	OPEN	OPEN	OPEN	OPEN
m2emgacpail_hs	(Dimannosyl),(Phosphoethanolaminyl)-Mannosyl-Glucosylaminyl-Acylphosphatidylinositol (H6)	C51H94N2O32P2FULLRCO2FULLR2CO2	OPEN	OPEN	OPEN	OPEN	OPEN	OPEN	OPEN	OPEN	OPEN
dolmanp_U	Dolichyl Phosphate D-Mannose, Human Uterine Homolog	C1085H1780O90P10	OPEN	OPEN	OPEN	OPEN	OPEN	OPEN	OPEN	OPEN	OPEN
dolp_U	Dolichyl Phosphate	C1025H1670O40P10	OPEN	OPEN	OPEN	OPEN	OPEN	OPEN	OPEN	OPEN	OPEN
3uib	3-Ureidoisobutyrate	C5H9N2O3	OPEN	hmdb:HMDB0002031	kegg:C05100	chebi:1670	pubchem:160663	OPEN	OPEN	OPEN	OPEN
3aib_D	D-3-Amino-Isobutanoate	C4H9NO2	OPEN	OPEN	kegg:C01205	chebi:16320	pubchem:5459822	OPEN	OPEN	OPEN	OPEN
but	Butyrate	C4H7O2	OPEN	hmdb:HMDB0000039	kegg:C00246	chebi:30772	pubchem:264	cpd00211	scfa_colonic_production	OPEN	OPEN
bvite	Beta-Tocopherol	C28H48O2	OPEN	OPEN	OPEN	OPEN	OPEN	OPEN	OPEN	OPEN	OPEN
bz	Benzoate	C7H5O2	OPEN	OPEN	kegg:C00180	chebi:30746	OPEN	OPEN	OPEN	OPEN	OPEN
44mctr	4,4-Dimethyl-5Alpha-Cholesta-8,14,24-Trien-3Beta-Ol	C29H46O	OPEN	hmdb:HMDB0001023	kegg:C11455	chebi:17813	pubchem:443212	OPEN	OPEN	OPEN	OPEN
44mzym	14-Demethyllanosterol	C29H48O	OPEN	OPEN	kegg:C05108	chebi:18364	OPEN	OPEN	OPEN	OPEN	OPEN
pmtcrn	L-Palmitoylcarnitine	C23H45NO4	OPEN	hmdb:HMDB0000222	kegg:C02990	chebi:17490	pubchem:11953816	OPEN	OPEN	OPEN	OPEN
hdcecrn	Palmitoleoyl-Carnitine	C23H43NO4	OPEN	OPEN	OPEN	OPEN	pubchem:11953816	OPEN	OPEN	OPEN	OPEN
hdd2crn	Trans-Hexadec-2-Enoyl Carnitine	C23H43NO4	OPEN	OPEN	OPEN	OPEN	pubchem:53477817	OPEN	OPEN	OPEN	OPEN
stcrn	O-Octadecanoyl-R-Carnitine	C25H49NO4	OPEN	OPEN	OPEN	OPEN	pubchem:6426855	OPEN	OPEN	OPEN	OPEN
odecrn	L-Oleoylcarnitine	C25H47NO4	OPEN	hmdb:HMDB0005065	OPEN	OPEN	OPEN	OPEN	OPEN	OPEN	OPEN
arachdcrn	C20:4 Carnitine	C27H45NO4	OPEN	OPEN	OPEN	OPEN	OPEN	OPEN	OPEN	OPEN	OPEN
c226crn	Docosahexaenoylcarnitine	C29H45NO4	OPEN	OPEN	OPEN	OPEN	OPEN	OPEN	OPEN	OPEN	OPEN
4mzym_int1	4Alpha-Methylzymosterol-4-Carboxylate	C29H46O3	OPEN	OPEN	kegg:C15808	OPEN	OPEN	OPEN	OPEN	OPEN	OPEN
4mzym_int2	3-Keto-4-Methylzymosterol	C28H44O	OPEN	OPEN	kegg:C15816	chebi:50593	OPEN	OPEN	OPEN	OPEN	OPEN
zym_int2	Zymosterol Intermediate 2	C27H42O	OPEN	OPEN	OPEN	OPEN	pubchem:22298942	OPEN	OPEN	OPEN	OPEN
zymst	Zymosterol	C27H44O	OPEN	OPEN	kegg:C05437	chebi:18252	pubchem:92746	OPEN	OPEN	OPEN	OPEN
ca2	Calcium	Ca	OPEN	hmdb:HMDB0000464	kegg:C00076	chebi:29108	pubchem:271	cpd00063	OPEN	term.calcium	Assimilation,Structure,Transport
carveol	(-)-Trans-Carveol	C10H16O	OPEN	OPEN	kegg:C00964	chebi:15389	OPEN	OPEN	OPEN	OPEN	OPEN
cbl2	Cob(Ii)Alamin	C62H92CoN13O14P	OPEN	OPEN	kegg:C00541	chebi:16304	OPEN	cpd00423	OPEN	OPEN	OPEN
g6p	D-Glucose 6-Phosphate	C6H11O9P	OPEN	OPEN	kegg:C00092	chebi:4170	pubchem:5958	cpd00079	glycogen_metabolism	OPEN	OPEN
prostge1	Prostaglandin E1	C20H33O5	OPEN	hmdb:HMDB0001442	kegg:C04741	chebi:15544	pubchem:5280723	OPEN	OPEN	OPEN	OPEN
prostge2	Prostaglandin E2	C20H31O5	OPEN	hmdb:HMDB0001220	kegg:C00584	chebi:15551	pubchem:5280360	OPEN	OPEN	OPEN	OPEN
prostgf2	Prostaglandin F2Alpha	C20H33O5	OPEN	hmdb:HMDB0001139	kegg:C00639	chebi:15553	pubchem:5283078	OPEN	OPEN	OPEN	OPEN
cdpdag_hs	Cytidine-5'-Diphosphate-Diacylglycerol	C12H17N3O11P2FULLRCO2FULLR2CO2	OPEN	OPEN	OPEN	OPEN	OPEN	OPEN	OPEN	OPEN	OPEN
inost	Myo-Inositol	C6H12O6	OPEN	hmdb:HMDB0000211	kegg:C00137	chebi:17268	pubchem:892	cpd00121	OPEN	OPEN	OPEN
pail_hs	1-Phosphatidyl-1D-Myo-Inositol	C9H16O9PFULLRCO2FULLR2CO2	OPEN	OPEN	OPEN	OPEN	OPEN	OPEN	OPEN	OPEN	OPEN
ctp	Cytidine-5'-Triphosphate	C9H12N3O14P3	OPEN	OPEN	kegg:C00063	chebi:17677	pubchem:6176	OPEN	OPEN	OPEN	OPEN
dag_hs	Diglyceride	C3H6OFULLRCO2FULLR2CO2	OPEN	OPEN	OPEN	OPEN	OPEN	OPEN	OPEN	OPEN	OPEN
pchol_hs	Phosphatidylcholine	C8H18NO4PFULLRCO2FULLR2CO2	OPEN	OPEN	OPEN	OPEN	OPEN	OPEN	OPEN	term.phosphatidylcholine	OPEN
pe_hs	Phosphatidylethanolamine	C5H12NO4PFULLRCO2FULLR2CO2	OPEN	OPEN	OPEN	OPEN	OPEN	OPEN	OPEN	OPEN	OPEN
crmp_hs	Ceramide 1-Phosphate	C18H35NO5PFULLRCO	OPEN	OPEN	OPEN	OPEN	OPEN	OPEN	OPEN	OPEN	OPEN
chsterol	Cholesterol	C27H46O	OPEN	hmdb:HMDB0000067	kegg:C00187	chebi:1307929	pubchem:11025495	OPEN	bile_acid_synthesis	term.cholesterol	Assimilation,Transport,Bioenergetics
xol25oh	25-Hydroxycholesterol	C27H46O2	OPEN	OPEN	OPEN	OPEN	pubchem:65094	OPEN	OPEN	OPEN	OPEN
cholp	Choline Phosphate	C5H13NO4P	OPEN	hmdb:HMDB0001565	kegg:C00588	chebi:18132	pubchem:1014	OPEN	OPEN	OPEN	OPEN
cholate	Cholate	C24H39O5	OPEN	hmdb:HMDB0000619	kegg:C00695	chebi:16359	pubchem:221493	OPEN	OPEN	OPEN	OPEN
chsterols	Cholesterol Sulfate	C27H45O4S	OPEN	hmdb:HMDB0000653	kegg:C18043	chebi:41321	pubchem:65076	OPEN	OPEN	OPEN	OPEN
chtn	Chitin	C24H41N3O16	OPEN	OPEN	OPEN	OPEN	OPEN	OPEN	OPEN	OPEN	OPEN
itaccoa	Itaconyl Coenzyme A	C26H35N7O19P3S	OPEN	hmdb:HMDB0003377	kegg:C00531	chebi:15528	pubchem:439254	OPEN	OPEN	OPEN	OPEN
citmcoa_L	(3S)-Citramalyl Coenzyme A	C26H37N7O20P3S	OPEN	hmdb:HMDB0006345	kegg:C01011	chebi:36882	pubchem:53477827	OPEN	OPEN	OPEN	OPEN
creat	Creatine	C4H9N3O2	OPEN	hmdb:HMDB0000064	kegg:C00300	chebi:16919	pubchem:586	OPEN	OPEN	term.creatine	OPEN
pcreat	Phosphocreatine	C4H8N3O5P	OPEN	OPEN	kegg:C02305	chebi:58092	pubchem:9548602	OPEN	OPEN	term.phosphocreatine	OPEN
cl	Chloride	Cl	OPEN	hmdb:HMDB0000492	kegg:C00698	chebi:29311	pubchem:24526	cpd00099	OPEN	term.chloride	Assimilation,Structure,Transport
for	Formate	CH1O2	OPEN	hmdb:HMDB0000142	kegg:C00058	chebi:30751	pubchem:284	cpd00047	OPEN	OPEN	OPEN
i	Iodide	I	OPEN	OPEN	kegg:C00708	chebi:16382	OPEN	OPEN	OPEN	OPEN	OPEN
oxa	Oxalate	C2O4	OPEN	OPEN	kegg:C00209	chebi:16995	pubchem:971	OPEN	OPEN	OPEN	OPEN
clpndcrn	7Z,10Z,13Z,16Z,19Z-Docosapentaenoylcarnitine	C29H47NO4	OPEN	OPEN	OPEN	OPEN	OPEN	OPEN	OPEN	OPEN	OPEN
clpnd	Docosapentaenoic Acid	C22H33O2	OPEN	hmdb:HMDB0006528	kegg:C16513	chebi:53488	pubchem:5497182	OPEN	OPEN	term.docosapentaenoic_acid	OPEN
pglyc_hs	Phosphatidylglycerol	C6H12O6PFULLRCO2FULLR2CO2	OPEN	OPEN	OPEN	OPEN	OPEN	OPEN	OPEN	OPEN	OPEN
clpn_hs	Cardiolipin	C9H16O9P2FULLRCO2FULLR2CO2FULLRCO2FULLR2CO2	OPEN	OPEN	OPEN	OPEN	OPEN	OPEN	OPEN	OPEN	OPEN
cmpacna	Cytidine-5'-Monophosphate-N-Acetyl-Beta-Neuraminate	C20H29N4O16P	OPEN	OPEN	kegg:C00128	chebi:16556	OPEN	OPEN	OPEN	OPEN	OPEN
coke	Cocaine	C17H21NO4	OPEN	OPEN	kegg:C01416	chebi:27958	pubchem:446220	OPEN	OPEN	term.cocaine	OPEN
egme	Ecgoninium Methyl Ester	C10H17NO3	OPEN	OPEN	kegg:C12448	chebi:31529	OPEN	OPEN	OPEN	OPEN	OPEN
2dpmhobq	2-Decaprenyl-5-Hydroxy-6-Methoxy-3-Methyl-1,4-Benzoquinone	C58H88O4	OPEN	OPEN	OPEN	OPEN	OPEN	OPEN	OPEN	OPEN	OPEN
q10	Ubiquinone-10	C59H90O4	OPEN	OPEN	kegg:C00399	chebi:16389	pubchem:5281915	OPEN	OPEN	OPEN	OPEN
2dp6mobq	2-Decaprenyl-6-Methoxy-1,4-Benzoquinone	C57H86O3	OPEN	OPEN	OPEN	OPEN	OPEN	OPEN	OPEN	OPEN	OPEN
2dp6mobq_me	2-Decaprenyl-6-Methoxy-3-Methyl-1,4-Benzoquinone	C58H88O3	OPEN	OPEN	OPEN	OPEN	OPEN	OPEN	OPEN	OPEN	OPEN
2dp6mep	2-Decaprenyl-6-Methoxyphenol	C57H88O2	OPEN	OPEN	OPEN	chebi:50774	OPEN	OPEN	OPEN	OPEN	OPEN
Tn_antigen	Tn Antigen	C8H14NO5X	OPEN	OPEN	kegg:G00023	OPEN	OPEN	OPEN	OPEN	OPEN	OPEN
core3	Core 3	C16H27N2O10X	OPEN	OPEN	kegg:C01306	chebi:16250	OPEN	OPEN	OPEN	OPEN	OPEN
core4	Core 4	C24H40N3O15X	OPEN	OPEN	kegg:C04917	chebi:16478	OPEN	OPEN	OPEN	OPEN	OPEN
core5	Core 5	C16H27N2O10X	OPEN	OPEN	OPEN	OPEN	OPEN	OPEN	OPEN	OPEN	OPEN
core6	Core 6	C16H27N2O10X	OPEN	OPEN	OPEN	OPEN	OPEN	OPEN	OPEN	OPEN	OPEN
core7	Core 7	C16H27N2O10X	OPEN	OPEN	OPEN	OPEN	OPEN	OPEN	OPEN	OPEN	OPEN
core8	Core 8	C14H24NO10X	OPEN	OPEN	OPEN	OPEN	OPEN	OPEN	OPEN	OPEN	OPEN
co	Carbon Monoxide	CO	OPEN	OPEN	kegg:C00237	chebi:17245	pubchem:281	OPEN	OPEN	OPEN	OPEN
T4hcinnm	Trans-4-Coumarate	C9H7O3	OPEN	OPEN	kegg:C00811	chebi:32373	pubchem:637542	OPEN	OPEN	OPEN	OPEN
coumarin	Coumarin	C9H6O2	OPEN	hmdb:HMDB0001218	kegg:C05851	chebi:28794	pubchem:323	OPEN	OPEN	term.coumarin	OPEN
pcrn	O-Propanoylcarnitine	C10H19NO4	OPEN	hmdb:HMDB0000824	kegg:C03017	chebi:28867	pubchem:107738	OPEN	OPEN	OPEN	OPEN
dmnoncrn	4,8-Dimethylnonanoyl Carnitine	C18H37NO4	OPEN	OPEN	OPEN	OPEN	OPEN	OPEN	OPEN	OPEN	OPEN
crtn	Creatinine	C4H7N3O	OPEN	hmdb:HMDB0000562	kegg:C00791	chebi:16737	pubchem:588	OPEN	OPEN	term.creatinine	OPEN
crtsl	Cortisol	C21H30O5	OPEN	hmdb:HMDB0000063	kegg:C00735	chebi:17650	pubchem:657311	OPEN	OPEN	term.cortisol	Communication,Bioenergetics
crtstrn	Corticosterone	C21H30O4	OPEN	OPEN	OPEN	chebi:101161	OPEN	OPEN	OPEN	OPEN	OPEN
crvnc	Cervonic Acid, C22:6 N-3	C22H31O2	OPEN	hmdb:HMDB0002183	kegg:C06429	chebi:28125	pubchem:445580	OPEN	OPEN	OPEN	OPEN
cspg_a	Chondroitin Sulfate A (GalNac4S-Glca) Proteoglycan	C45H66N2O45S3X	OPEN	OPEN	OPEN	OPEN	OPEN	OPEN	OPEN	OPEN	OPEN
Ser_Gly_Ala_X_Gly	Protein-Linked Serine Residue (Glycosaminoglycan Attachment Site)	XH	OPEN	OPEN	kegg:C02189	OPEN	OPEN	OPEN	OPEN	OPEN	OPEN
cs_a	Chondroitin Sulfate A (GalNac4S-Glca), Free Chain	C45H67N2O46S3	OPEN	OPEN	OPEN	OPEN	OPEN	OPEN	OPEN	OPEN	OPEN
cspg_b	Chondroitin Sulfate B / Dermatan Sulfate (Idoa2S-GalNac4S) Proteoglycan	C45H65N2O48S4X	OPEN	OPEN	OPEN	OPEN	OPEN	OPEN	OPEN	OPEN	OPEN
cs_b	Chondroitin Sulfate B / Dermatan Sulfate (Idoa2S-GalNac4S), Free Chain	C45H66N2O49S4	OPEN	OPEN	OPEN	OPEN	OPEN	OPEN	OPEN	OPEN	OPEN
cspg_c	Chondroitin Sulfate C (GalNac6S-Glca) Proteoglycan	C45H66N2O45S3X	OPEN	OPEN	OPEN	OPEN	OPEN	OPEN	OPEN	OPEN	OPEN
cs_c	Chondroitin Sulfate C (GalNac6S-Glca), Free Chain	C45H67N2O46S3	OPEN	OPEN	OPEN	OPEN	OPEN	OPEN	OPEN	OPEN	OPEN
cspg_d	Chondroitin Sulfate D (GlcNac6S-Glca2S) Proteoglycan	C45H64N2O51S5X	OPEN	OPEN	OPEN	OPEN	OPEN	OPEN	OPEN	OPEN	OPEN
cs_d	Chondroitin Sulfate D (GlcNac6S-Glca2S), Free Chain	C45H65N2O52S5	OPEN	OPEN	OPEN	OPEN	OPEN	OPEN	OPEN	OPEN	OPEN
cspg_e	Chondroitin Sulfate E (GalNac4,6Dis-Glca) Proteoglycan	C45H63N2O54S6X	OPEN	OPEN	OPEN	OPEN	OPEN	OPEN	OPEN	OPEN	OPEN
cs_e	Chondroitin Sulfate E (GalNac4,6Dis-Glca), Free Chain	C45H64N2O55S6	OPEN	OPEN	OPEN	OPEN	OPEN	OPEN	OPEN	OPEN	OPEN
dmnoncoa	4,8 Dimethylnonanoyl Coenzyme A	C32H54N7O17P3S	OPEN	OPEN	OPEN	OPEN	OPEN	OPEN	OPEN	OPEN	OPEN
csn	Cytosine	C4H5N3O	OPEN	hmdb:HMDB0000630	kegg:C00380	chebi:16040	pubchem:597	cpd00307	OPEN	OPEN	OPEN
cyan	Hydrogen Cyanide	CHN	OPEN	OPEN	kegg:C01326	chebi:18407	pubchem:768	OPEN	OPEN	OPEN	OPEN
focytC	Ferrocytochrome C	C42H54FeN8O6S2	OPEN	OPEN	kegg:C00126	chebi:16928	OPEN	OPEN	OPEN	OPEN	OPEN
ficytC	Ferricytochrome C	C42H54FeN8O6S2	OPEN	OPEN	kegg:C00125	chebi:15991	OPEN	OPEN	OPEN	OPEN	OPEN
q10h2	Ubiquinol-10	C59H92O4	OPEN	OPEN	kegg:C00390	chebi:17976	pubchem:9962735	OPEN	OPEN	OPEN	OPEN
Lcystin	L-Cystine	C6H12N2O4S2	OPEN	hmdb:HMDB0000192	kegg:C00491	chebi:16283	pubchem:67678	OPEN	OPEN	OPEN	OPEN
gthrd	Reduced Glutathione	C10H16N3O6S	OPEN	hmdb:HMDB0000125	kegg:C00051	chebi:16856	pubchem:124886	OPEN	OPEN	OPEN	OPEN
gthox	Glutathione Disulfide (Oxidized Glutathione)	C20H30N6O12S2	OPEN	hmdb:HMDB0003337	kegg:C00127	chebi:17858	pubchem:975	OPEN	OPEN	OPEN	OPEN
mercppyr	3-Mercaptopyruvate	C3H3O3S	OPEN	OPEN	kegg:C00957	chebi:16208	OPEN	OPEN	OPEN	OPEN	OPEN
cytd	Cytidine	C9H13N3O5	OPEN	hmdb:HMDB0000089	kegg:C00475	chebi:17562	pubchem:6175	cpd00367	OPEN	OPEN	OPEN
uri	Uridine	C9H12N2O6	OPEN	hmdb:HMDB0000296	kegg:C00299	chebi:16704	pubchem:6029	cpd00249	OPEN	OPEN	OPEN
cdp	Cytidine-5'-DIphosphate	C9H12N3O11P2	OPEN	OPEN	kegg:C00112	chebi:17239	pubchem:6132	OPEN	OPEN	OPEN	OPEN
dgtp	Deoxyguanosine-5'-Triphosphate	C10H12N5O13P3	OPEN	hmdb:HMDB0001440	kegg:C00286	chebi:16497	pubchem:65103	OPEN	OPEN	OPEN	OPEN
dgdp	Deoxyguanosine-5'-Diphosphate	C10H12N5O10P2	OPEN	hmdb:HMDB0000960	kegg:C00361	chebi:28862	pubchem:439220	OPEN	OPEN	OPEN	OPEN
dcmp	Deoxycytidylic Acid	C9H12N3O7P	OPEN	OPEN	kegg:C00239	chebi:15918	pubchem:13945	OPEN	OPEN	OPEN	OPEN
dcdp	Deoxycytidine-5'-Diphosphate	C9H12N3O10P2	OPEN	OPEN	kegg:C00705	OPEN	pubchem:150855	OPEN	OPEN	OPEN	OPEN
dctp	Deoxycytidine-5'-Triphosphate	C9H12N3O13P3	OPEN	OPEN	kegg:C00458	chebi:16311	pubchem:65091	OPEN	OPEN	OPEN	OPEN
utp	Uridine-5'-TrIphosphate	C9H11N2O15P3	OPEN	hmdb:HMDB0000285	kegg:C00075	chebi:15713	pubchem:6133	OPEN	OPEN	OPEN	OPEN
dad_2	2-Deoxyadenosine	C10H13N5O3	OPEN	hmdb:HMDB0000101	kegg:C00559	chebi:17256	pubchem:13730	cpd00438	OPEN	OPEN	OPEN
din	Deoxyinosine	C10H12N4O4	OPEN	hmdb:HMDB0000071	kegg:C05512	chebi:28997	pubchem:65058	cpd03279	OPEN	OPEN	OPEN
arg_D	D-Arginine	C6H15N4O2	OPEN	hmdb:HMDB0003416	kegg:C00792	chebi:15816	pubchem:71070	OPEN	OPEN	OPEN	OPEN
5g2oxpt	5-Guanidino-2-Oxopentanoic Acid	C6H11N3O3	OPEN	hmdb:HMDB0004225	kegg:C03771	chebi:58489	pubchem:558	OPEN	OPEN	OPEN	OPEN
23doguln	(4R,5S)-4,5,6-Trihydroxy-2,3-Dioxohexanoate	C6H7O7	OPEN	hmdb:HMDB0006511	kegg:C04575	chebi:15622	pubchem:53477844	OPEN	OPEN	OPEN	OPEN
dd2coa	Trans-Dodec-2-Enoyl Coenzyme A	C33H52N7O17P3S	OPEN	OPEN	kegg:C03221	chebi:15471	pubchem:45266564	OPEN	OPEN	OPEN	OPEN
dd3coa	Cis-Dodec-3-Enoyl Coenzyme A	C33H52N7O17P3S	OPEN	OPEN	kegg:C02944	chebi:27989	pubchem:16061154	OPEN	OPEN	OPEN	OPEN
dcyt	Deoxycytidine	C9H13N3O4	OPEN	hmdb:HMDB0000014	kegg:C00881	chebi:15698	pubchem:13711	cpd00654	OPEN	OPEN	OPEN
dcsptn1crn	4Z,7Z,10Z,13Z,16Z-Docosapentaenoylcarnitine	C29H47NO4	OPEN	OPEN	OPEN	OPEN	OPEN	OPEN	OPEN	OPEN	OPEN
dcsptn1	(4Z,7Z,10Z,13Z,16Z)-Docosa-4,7,10,13,16-Pentaenoic Acid	C22H33O2	OPEN	hmdb:HMDB0013123	OPEN	chebi:65136	pubchem:159656	OPEN	OPEN	OPEN	OPEN
L_dpchrm	L-Dopachromate	C9H6NO4	OPEN	hmdb:HMDB0001430	kegg:C01693	chebi:15772	pubchem:439549	OPEN	OPEN	OPEN	OPEN
56dihindlcrbxlt	5,6-Dihydroxyindole-2-Carboxylate	C9H6NO4	OPEN	hmdb:HMDB0001253	kegg:C04185	chebi:2003	pubchem:119405	OPEN	OPEN	OPEN	OPEN
duri	Deoxyuridine	C9H12N2O5	OPEN	hmdb:HMDB0000012	kegg:C00526	chebi:16450	pubchem:13712	cpd00412	OPEN	OPEN	OPEN
4h2oglt	4-Hydroxy-2-Oxoglutarate	C5H4O6	OPEN	OPEN	kegg:C01127	chebi:30923	pubchem:599	OPEN	OPEN	OPEN	OPEN
debrisoquine	Debrisoquine	C10H14N3	OPEN	hmdb:HMDB0006543	kegg:C13650	chebi:34665	pubchem:2966	OPEN	OPEN	OPEN	OPEN
decdp	All Trans Decaprenyl Diphosphate	C50H81O7P2	OPEN	OPEN	OPEN	OPEN	OPEN	OPEN	OPEN	OPEN	OPEN
dedoldp_L	Dehydrodolichol Diphosphate, Human Liver Homolog	C1080H1738O70P20	OPEN	OPEN	kegg:C05859	OPEN	OPEN	OPEN	OPEN	OPEN	OPEN
dedolp_L	Dehydrodolichol Phosphate, Human Liver Homolog	C1080H1738O40P10	OPEN	OPEN	OPEN	OPEN	OPEN	OPEN	OPEN	OPEN	OPEN
dedol_L	Dehydrodolichol, Human Liver Homolog	C1080H1748O10	OPEN	OPEN	OPEN	OPEN	OPEN	OPEN	OPEN	OPEN	OPEN
dolichol_L	Dolichol, Human Liver Homolog	C1080H1768O10	OPEN	OPEN	kegg:C00381	chebi:16091	OPEN	OPEN	OPEN	OPEN	OPEN
dolichol_U	Dolichol, Human Uterine Homolog	C1025H1680O10	OPEN	OPEN	OPEN	OPEN	OPEN	OPEN	OPEN	OPEN	OPEN
tag_hs	Triglyceride	C3H5FULLRCO2FULLR2CO2FULLR3CO2	OPEN	OPEN	OPEN	OPEN	OPEN	OPEN	OPEN	term.triglyceride	OPEN
dgmp	Dgmp	C10H12N5O7P	OPEN	OPEN	kegg:C00362	chebi:16192	pubchem:65059	OPEN	OPEN	OPEN	OPEN
dgsn	Deoxyguanosine	C10H13N5O4	OPEN	hmdb:HMDB0000085	kegg:C00330	chebi:17172	pubchem:187790	cpd00277	OPEN	OPEN	OPEN
3dhguln	3-Dehydro-L-Gulonate	C6H9O7	OPEN	hmdb:HMDB0006334	kegg:C00618	chebi:16142	pubchem:439273	OPEN	OPEN	OPEN	OPEN
dhcholestanate	3Alpha,7Alpha-Dihydroxy-5Beta-Cholestanate	C27H45O4	OPEN	hmdb:HMDB0000359	kegg:C04554	chebi:48467	pubchem:53477686	OPEN	OPEN	OPEN	OPEN
zymstnl	Cholesta-8(9)-En-3Beta-Ol	C27H46O	OPEN	hmdb:HMDB0006841	kegg:C03845	chebi:16608	pubchem:101770	OPEN	OPEN	OPEN	OPEN
chlstol	5Alpha-Cholesta-7,24-Dien-3Beta-Ol	C27H44O	OPEN	OPEN	kegg:C05439	chebi:16290	OPEN	OPEN	OPEN	OPEN	OPEN
lthstrl	5Alpha-Cholest-7-En-3Beta-Ol	C27H46O	OPEN	hmdb:HMDB0001170	kegg:C01189	chebi:17168	pubchem:65728	OPEN	OPEN	OPEN	OPEN
dsmsterol	Desmosterol	C27H44O	OPEN	hmdb:HMDB0002719	kegg:C01802	chebi:17737	pubchem:439577	OPEN	OPEN	OPEN	OPEN
ddsmsterol	Cholesta-5,7,24-Trien-3Beta-Ol	C27H42O	OPEN	hmdb:HMDB0003896	kegg:C05107	chebi:27910	pubchem:440558	OPEN	OPEN	OPEN	OPEN
dhcrm_hs	Dihydroceramide	C18H38NO2FULLRCO	OPEN	OPEN	OPEN	OPEN	OPEN	OPEN	OPEN	OPEN	OPEN
3dpdhb_me	3-Decaprenyl-4-Hydroxy-5-Methoxybenzoate	C58H87O4	OPEN	OPEN	OPEN	OPEN	OPEN	OPEN	OPEN	OPEN	OPEN
dheas	3Beta-Hydroxyandrost-5-En-17-One 3-Sulfate	C19H27O5S	OPEN	hmdb:HMDB0001032	kegg:C04555	chebi:16814	pubchem:12594	OPEN	OPEN	OPEN	OPEN
dhea	3Beta-Hydroxyandrost-5-En-17-One	C19H28O2	OPEN	hmdb:HMDB0000077	kegg:C01227	chebi:220467	pubchem:9860744	OPEN	OPEN	OPEN	OPEN
dhf	7,8-Dihydrofolate	C19H19N7O6	OPEN	OPEN	kegg:C00415	chebi:15633	pubchem:98792	OPEN	OPEN	OPEN	OPEN
dhor_S	(S)-Dihydroorotate	C5H5N2O4	OPEN	OPEN	kegg:C00337	chebi:17025	OPEN	OPEN	OPEN	OPEN	OPEN
orot	Orotate	C5H3N2O4	OPEN	hmdb:HMDB0000226	kegg:C00295	chebi:16742	pubchem:967	OPEN	OPEN	OPEN	OPEN
56dura	5,6-Dihydrouracil	C4H6N2O2	OPEN	hmdb:HMDB0000076	kegg:C00429	chebi:15901	pubchem:649	OPEN	OPEN	OPEN	OPEN
cala	N-Carbamoyl-Beta-Alaninate	C4H7N2O3	OPEN	hmdb:HMDB0000026	kegg:C02642	chebi:18261	pubchem:111	OPEN	OPEN	OPEN	OPEN
56dthm	5,6-Dihydrothymine	C5H8N2O2	OPEN	hmdb:HMDB0000079	kegg:C00906	chebi:27468	pubchem:93556	OPEN	OPEN	OPEN	OPEN
dhbpt	6,7-Dihydrobiopterin	C9H13N5O3	OPEN	OPEN	kegg:C00268	OPEN	pubchem:1879	OPEN	OPEN	OPEN	OPEN
thbpt	5,6,7,8-Tetrahydrobiopterin	C9H15N5O3	OPEN	OPEN	kegg:C00272	chebi:15372	pubchem:1125	OPEN	OPEN	OPEN	OPEN
mlthf	5,10-Methylenetetrahydrofolate	C20H21N7O6	OPEN	OPEN	kegg:C00143	chebi:1989	pubchem:439175	OPEN	OPEN	OPEN	OPEN
didp	Deoxyinosine-5'-Diphosphate	C10H11N4O10P2	OPEN	OPEN	kegg:C01344	chebi:28823	pubchem:439488	OPEN	OPEN	OPEN	OPEN
digalsgalside_hs	Digalactosylceramidesulfate	C30H55NO15SFULLRCO	OPEN	OPEN	kegg:C06127	OPEN	OPEN	OPEN	OPEN	OPEN	OPEN
digalside_hs	Digalactosylceramide	C30H56NO12FULLRCO	OPEN	OPEN	kegg:C06126	OPEN	OPEN	OPEN	OPEN	OPEN	OPEN
ditp	Deoxyinosine-5'-Triphosphate	C10H11N4O13P3	OPEN	OPEN	kegg:C01345	chebi:28807	pubchem:146302	OPEN	OPEN	OPEN	OPEN
dkmpp	2,3-Diketo-5-Methylthio-1-Phosphopentane	C6H9O6PS	OPEN	OPEN	kegg:C15650	chebi:50604	pubchem:561	OPEN	OPEN	OPEN	OPEN
2kmb	2-Keto-4-Methylthiobutyrate	C5H7O3S	OPEN	OPEN	kegg:C01180	chebi:33574	OPEN	OPEN	OPEN	OPEN	OPEN
lac_D	(R)-Lactate	C3H5O3	OPEN	OPEN	kegg:C00256	chebi:42111	pubchem:61503	OPEN	OPEN	OPEN	OPEN
dlnlcgcrn	8Z,11Z,14Z-Eicosatrienoylcarnitine	C27H47NO4	OPEN	OPEN	OPEN	OPEN	OPEN	OPEN	OPEN	OPEN	OPEN
dlnlcg	Dihomo-Gamma-Linolenate	C20H33O2	OPEN	hmdb:HMDB0002925	kegg:C03242	chebi:53486	pubchem:5280581	OPEN	OPEN	OPEN	OPEN
13_cis_oretn	13-Cis-Oxo-Retinoic Acid	C20H27O3	OPEN	OPEN	OPEN	OPEN	OPEN	OPEN	OPEN	OPEN	OPEN
13_cis_retn	13-Cis-Retinoate	C20H27O2	OPEN	hmdb:HMDB0006219	kegg:D00348	chebi:6067	pubchem:5282379	OPEN	OPEN	OPEN	OPEN
dem2emgacpail_prot_hs	Deacylated-(Phosphoethanolaminyl-Dimannosyl),(Phosphoethanolaminyl)-Mannosyl-Glucosaminyl-Acylphosphatidylinositol	C37H70N3O34P3FULLRCO2FULLR2CO2X	OPEN	OPEN	OPEN	OPEN	OPEN	OPEN	OPEN	OPEN	OPEN
dgpi_prot_hs	Deacylated-Glycophosphatidylinositol (Gpi)-Anchored Protein	C39H76N4O37P4FULLRCO2FULLR2CO2X	OPEN	OPEN	OPEN	OPEN	OPEN	OPEN	OPEN	OPEN	OPEN
dsT_antigen	Disialyl-T Antigen	C36H56N3O26X	OPEN	OPEN	kegg:G00027	OPEN	OPEN	OPEN	OPEN	OPEN	OPEN
dttp	Deoxythymidine-5'-Triphosphate	C10H13N2O14P3	OPEN	hmdb:HMDB0001342	kegg:C00459	chebi:18077	pubchem:64968	OPEN	OPEN	OPEN	OPEN
ethamp	Ethanolamine Phosphate	C2H7NO4P	OPEN	hmdb:HMDB0000224	kegg:C00346	chebi:17553	pubchem:1015	OPEN	OPEN	OPEN	OPEN
gpi_sig	Glycophosphatidylinositol (Gpi) Signal Sequence (C-Terminal Peptide)	Y	OPEN	OPEN	OPEN	OPEN	OPEN	OPEN	OPEN	OPEN	OPEN
hretn	4 Hydroxy Retinoic Acid	C20H27O3	OPEN	hmdb:HMDB0006254	kegg:C16677	chebi:63795	pubchem:6438629	OPEN	OPEN	OPEN	OPEN
kdn	2-Keto-3-Deoxy-D-Glycero-D-Galactononic Acid	C9H15O9	OPEN	hmdb:HMDB0000425	OPEN	OPEN	pubchem:22833524	OPEN	OPEN	OPEN	OPEN
m3gacpail_prot_hs	M3Gacpail Prot Heparan Sulfate	X	OPEN	OPEN	OPEN	OPEN	OPEN	OPEN	OPEN	OPEN	OPEN
melanin	Melanin	C9H6NO4	OPEN	OPEN	OPEN	OPEN	OPEN	OPEN	OPEN	OPEN	OPEN
mem2emgacpail_prot_hs	({[(mannosyl),(phosphoethanolaminyl)]-dimannosyl},{phosphoethanolaminyl})-mannosyl-glucosaminyl-acylphosphatidylinositol-Protein (M4B)	C59H110N3O40P3FULLRCO2FULLR2CO2X	OPEN	OPEN	OPEN	OPEN	OPEN	OPEN	OPEN	OPEN	OPEN
n5m2masn	((N-Acetyl-D-Glucosaminyl)5-(Alpha-D-Mannosyl)2-Beta-D-Mannosyl-Diacetylchitobiosyl)-L-Asparagine (Protein)	C74H122N7O50X	OPEN	OPEN	OPEN	OPEN	OPEN	OPEN	OPEN	OPEN	OPEN
oretn	4-Oxo-13-Cis-Retinoate	C20H27O3	OPEN	OPEN	OPEN	OPEN	pubchem:104857	OPEN	OPEN	OPEN	OPEN
Ser_Thr	Protein-Linked Serine Or Threonine Residue (O-Glycosylation Site)	XH	OPEN	OPEN	OPEN	OPEN	OPEN	OPEN	OPEN	OPEN	OPEN
sprm	Spermine	C10H30N4	OPEN	hmdb:HMDB0001256	kegg:C00750	chebi:15746	pubchem:1103	OPEN	OPEN	OPEN	OPEN
sTn_antigen	Sialyl-Tn Antigen	C19H30N2O13X	OPEN	OPEN	kegg:G00035	OPEN	OPEN	OPEN	OPEN	OPEN	OPEN
yvite	(+)-Gama-Tocopherol	C28H48O2	OPEN	OPEN	OPEN	OPEN	pubchem:92729	OPEN	OPEN	OPEN	OPEN
dmantipyrine	Demethylated Antipyrine	C10H10N2O	OPEN	hmdb:HMDB0006240	kegg:C13008	chebi:31530	pubchem:70335	OPEN	OPEN	OPEN	OPEN
dmpp	Dimethylallyl Diphosphate	C5H9O7P2	OPEN	hmdb:HMDB0001120	kegg:C00235	chebi:16057	pubchem:647	OPEN	OPEN	OPEN	OPEN
ipdp	Isopentenyl Diphosphate	C5H9O7P2	OPEN	OPEN	kegg:C00129	chebi:16584	pubchem:1195	OPEN	OPEN	OPEN	OPEN
grdp	Geranyl Diphosphate	C10H17O7P2	OPEN	OPEN	kegg:C00341	chebi:17211	pubchem:445995	OPEN	OPEN	OPEN	OPEN
fald	Formaldehyde	CH2O	OPEN	hmdb:HMDB0001426	kegg:C00067	chebi:16842	pubchem:712	OPEN	OPEN	OPEN	OPEN
sarcs	Sarcosine	C3H7NO2	OPEN	hmdb:HMDB0000271	kegg:C00213	chebi:15611	pubchem:1088	OPEN	OPEN	OPEN	OPEN
dmhptcrn	2,6 Dimethylheptanoyl Carnitine	C16H35NO4	OPEN	hmdb:HMDB0006320	OPEN	OPEN	pubchem:53477823	OPEN	OPEN	OPEN	OPEN
dmhptcoa	2,6 Dimethylheptanoyl Coenzyme A	C30H52N7O17P3S	OPEN	OPEN	OPEN	OPEN	OPEN	OPEN	OPEN	OPEN	OPEN
dnad	Deamino-Nad+	C21H24N6O15P2	OPEN	OPEN	kegg:C00857	chebi:18304	pubchem:165491	OPEN	OPEN	OPEN	OPEN
dtdp	Deoxythymidine-5'-Diphosphate	C10H13N2O11P2	OPEN	hmdb:HMDB0001274	kegg:C00363	chebi:18075	pubchem:164628	OPEN	OPEN	OPEN	OPEN
dudp	Deoxyuridine-5'-Diphosphate	C9H11N2O11P2	OPEN	OPEN	kegg:C01346	chebi:28850	pubchem:145729	OPEN	OPEN	OPEN	OPEN
dutp	Deoxyuridine-5'-Triphosphate	C9H11N2O14P3	OPEN	hmdb:HMDB0001191	kegg:C00460	chebi:17625	pubchem:65070	OPEN	OPEN	OPEN	OPEN
thrnt	L-Threonate	C4H7O5	OPEN	OPEN	kegg:C01620	chebi:15908	pubchem:5460407	OPEN	OPEN	OPEN	OPEN
dolglcp_L	Dolichyl Beta-D-Glucosyl Phosphate, Human Liver Homolog	C1140H1868O90P10	OPEN	OPEN	kegg:C01246	chebi:15812	OPEN	OPEN	OPEN	OPEN	OPEN
2c23dh56dhoxin	2-Carboxy-2,3-Dihydro-5,6-Dihydroxyindole	C9H8NO4	OPEN	hmdb:HMDB0004067	kegg:C05604	chebi:60872	pubchem:161255	OPEN	OPEN	OPEN	OPEN
dopaqn	L-Dopaquinone	C9H9NO4	OPEN	hmdb:HMDB0001229	kegg:C00822	chebi:16852	pubchem:439316	OPEN	OPEN	OPEN	OPEN
dopasf	Dopamine 3-O-Sulfate	C8H11NO5S	OPEN	OPEN	kegg:C13690	chebi:37946	pubchem:122136	OPEN	OPEN	OPEN	OPEN
orn_D	D-Ornithine	C5H13N2O2	OPEN	hmdb:HMDB0003374	kegg:C00515	chebi:16176	pubchem:71082	OPEN	OPEN	OPEN	OPEN
5a2opntn	5-Amino-2-Oxopentanoic Acid	C5H9NO3	OPEN	hmdb:HMDB0006272	kegg:C01110	chebi:49268	pubchem:439402	OPEN	OPEN	OPEN	OPEN
dpcoa	Dephospho Coenzyme A	C21H33N7O13P2S	OPEN	OPEN	kegg:C00882	chebi:15468	pubchem:444485	OPEN	OPEN	OPEN	OPEN
3pg	3-Phospho-D-Glycerate	C3H4O7P	OPEN	OPEN	kegg:C00197	chebi:17794	pubchem:439183	OPEN	gluconeogenesis	OPEN	OPEN
23dpg	2,3-Bisphosphonato-D-Glycerate	C3H3O10P2	OPEN	OPEN	kegg:C01159	chebi:17720	OPEN	OPEN	OPEN	OPEN	OPEN
13dpg	3-Phospho-D-Glyceroyl Phosphate	C3H4O10P2	OPEN	OPEN	kegg:C00236	chebi:16001	pubchem:439191	OPEN	OPEN	OPEN	OPEN
5dpmev	(R)-5-Diphosphomevalonate	C6H10O10P2	OPEN	OPEN	kegg:C01143	chebi:15899	pubchem:439418	OPEN	OPEN	OPEN	OPEN
frdp	Farnesyl Diphosphate	C15H25O7P2	OPEN	hmdb:HMDB0000961	kegg:C00448	chebi:17407	pubchem:445713	OPEN	OPEN	OPEN	OPEN
2dr5p	2-Deoxy-D-Ribose 5-Phosphate	C5H9O7P	OPEN	OPEN	kegg:C00673	chebi:16132	pubchem:45934311	OPEN	OPEN	OPEN	OPEN
g3p	Glyceraldehyde 3-Phosphate	C3H5O6P	OPEN	OPEN	kegg:C00118	chebi:29052	pubchem:729	OPEN	pentose_phosphate	OPEN	OPEN
dump	Deoxyuridine-5'-Monophosphate	C9H11N2O8P	OPEN	hmdb:HMDB0001409	kegg:C00365	chebi:17622	pubchem:65063	OPEN	OPEN	OPEN	OPEN
ura	Uracil	C4H4N2O2	OPEN	hmdb:HMDB0000300	kegg:C00106	chebi:17568	pubchem:1174	cpd00092	OPEN	OPEN	OPEN
thym	Thymine	C5H6N2O2	OPEN	hmdb:HMDB0000262	kegg:C00178	chebi:17821	pubchem:1135	OPEN	OPEN	OPEN	OPEN
eaflatoxin	Aflatoxin B1 Exo-8,9-Epoxide	C17H12O7	OPEN	OPEN	kegg:C19586	OPEN	pubchem:104756	OPEN	OPEN	OPEN	OPEN
ebastineoh	Hydroxylated Ebastine	C32H39NO3	OPEN	OPEN	OPEN	OPEN	OPEN	OPEN	OPEN	OPEN	OPEN
ebastine	Ebastine	C32H39NO2	OPEN	OPEN	kegg:D01478	chebi:211060	pubchem:3191	OPEN	OPEN	OPEN	OPEN
3hbcoa	(S)-3-Hydroxybutanoyl Coenzyme A	C25H38N7O18P3S	OPEN	OPEN	kegg:C01144	chebi:15453	pubchem:9543037	OPEN	OPEN	OPEN	OPEN
3hmbcoa	(2S,3S)-3-Hydroxy-2-Methylbutanoyl Coenzyme A	C26H40N7O18P3S	OPEN	OPEN	kegg:C04405	chebi:15449	pubchem:11966220	OPEN	OPEN	OPEN	OPEN
eicostetcrn	8Z,11Z,14Z,17Z-Eicosatetraenoylcarnitine	C27H45NO4	OPEN	OPEN	OPEN	OPEN	OPEN	OPEN	OPEN	OPEN	OPEN
eicostet	Omega-3-Arachidonic Acid	C20H31O2	OPEN	hmdb:HMDB0002177	OPEN	OPEN	pubchem:11722594	OPEN	OPEN	OPEN	OPEN
elaidcrn	Elaidic carnitine	C25H47NO4	OPEN	hmdb:HMDB0006464	OPEN	OPEN	pubchem:53477837	OPEN	OPEN	OPEN	OPEN
elaid	(9E)-Octadecenoic Acid	C18H33O2	OPEN	hmdb:HMDB0000573	kegg:C00712	chebi:27997	pubchem:445639	OPEN	OPEN	OPEN	OPEN
s2l2n2m2m	De-Fuc Form Of Pa6 (Wo Peptide Linkage)	C84H136N6O62	OPEN	OPEN	OPEN	OPEN	OPEN	OPEN	OPEN	OPEN	OPEN
n2m2nm	N2M2Nmasn (W/O Peptide Linkage)	C58H97N5O41	OPEN	OPEN	OPEN	OPEN	OPEN	OPEN	OPEN	OPEN	OPEN
ksi_deg2	Keratan Sulfate I, Degradation Product 2	C241H384N17O210S12	OPEN	OPEN	OPEN	OPEN	OPEN	OPEN	OPEN	OPEN	OPEN
ksi_deg3	Keratan Sulfate I, Degradation Product 3	C233H371N16O205S12	OPEN	OPEN	OPEN	OPEN	OPEN	OPEN	OPEN	OPEN	OPEN
s2l2n2m2mn	De-Fuc, Reducing GlcNac Removed Form Of Pa6 (w/o Peptide Linkage)	C76H123N5O57	OPEN	OPEN	OPEN	OPEN	OPEN	OPEN	OPEN	OPEN	OPEN
estradiolglc	17Beta-Estradiol 3-Glucosiduronic Acid	C24H32O8	OPEN	hmdb:HMDB0006224	kegg:C05503	chebi:36489	pubchem:13783824	OPEN	OPEN	OPEN	OPEN
estradiol	Estradiol	C18H24O2	OPEN	hmdb:HMDB0000151	kegg:C00951	chebi:16469	pubchem:5757	OPEN	OPEN	OPEN	OPEN
estriolglc	16-Glucuronide-Estriol	C24H32O9	OPEN	hmdb:HMDB0006766	kegg:C05504	OPEN	pubchem:122281	OPEN	OPEN	OPEN	OPEN
estriol	Estriol	C18H24O3	OPEN	hmdb:HMDB0000153	kegg:C05141	chebi:27974	pubchem:5756	OPEN	OPEN	OPEN	OPEN
estroneglc	Estrone 3-Glucosiduronic Acid	C24H30O8	OPEN	hmdb:HMDB0004483	kegg:C11133	chebi:28919	pubchem:115255	OPEN	OPEN	OPEN	OPEN
estrones	Estrone 3-Sulfate	C18H21O5S	OPEN	OPEN	kegg:C02538	chebi:17474	pubchem:3001028	OPEN	OPEN	OPEN	OPEN
estrone	Estrone	C18H22O2	OPEN	hmdb:HMDB0000145	kegg:C00468	chebi:17263	pubchem:5870	OPEN	OPEN	OPEN	OPEN
etfox	Electron Transfer Flavoprotein Oxidized	R	OPEN	OPEN	OPEN	OPEN	OPEN	OPEN	OPEN	OPEN	OPEN
etfrd	Electron Transfer Flavoprotein Reduced	RH2	OPEN	OPEN	OPEN	OPEN	OPEN	OPEN	OPEN	OPEN	OPEN
etha	Ethanolamine	C2H8NO	OPEN	hmdb:HMDB0000149	kegg:C00189	chebi:16000	pubchem:700	cpd00162	OPEN	OPEN	OPEN
11_cis_retfa	Fatty Acid 11-Cis-Retinol	C20H29OFULLR2CO	OPEN	OPEN	OPEN	OPEN	OPEN	OPEN	OPEN	OPEN	OPEN
13_cis_retnglc	13-Cis-Retinoyl Glucuronide	C26H35O8	OPEN	OPEN	OPEN	OPEN	pubchem:5281877	OPEN	OPEN	OPEN	OPEN
1glyc_hs	1 Acyl Phosphoglycerol	C6H13O7PFULLRCO2	OPEN	OPEN	OPEN	OPEN	OPEN	OPEN	OPEN	OPEN	OPEN
9_cis_retfa	Fatty Acid 9-Cis-Retinol	C20H29OFULLR2CO	OPEN	OPEN	OPEN	OPEN	OPEN	OPEN	OPEN	OPEN	OPEN
adprbp	Adenosine-5'-Diphosphate-D-Ribose 2-Phosphate	C15H20N5O17P3	OPEN	OPEN	kegg:C03246	chebi:37463	pubchem:439957	OPEN	OPEN	OPEN	OPEN
ak2lgchol_hs	1-Alkyl 2-Lysoglycerol 3-Phosphocholine	C10H21O5NPFULLR	OPEN	OPEN	kegg:C04317	OPEN	OPEN	OPEN	OPEN	OPEN	OPEN
avite1	(+)-Alpha-Tocopherol	C29H50O2	OPEN	hmdb:HMDB0001893	kegg:C02477	chebi:18145	pubchem:14985	OPEN	OPEN	term.alpha_tocopherol	Assimilation,Bioenergetics,Structure
fuc13galacglcgal14acglcgalgluside_hs	Iii3Fuc-Nlc6Cer	C64H112N3O36FULLRCO	OPEN	OPEN	kegg:G00076	OPEN	OPEN	OPEN	OPEN	OPEN	OPEN
fuc14galacglcgalgluside_hs	Lea Glycolipid	C50H89N2O26FULLRCO	OPEN	OPEN	OPEN	OPEN	OPEN	OPEN	OPEN	OPEN	OPEN
fucacgalfucgalacglcgalgluside_hs	(Gal)2 (GalNac)1 (Glc)1 (GlcNac)1 (LFuc)2 (Cer)1	C64H112N3O35FULLRCO	OPEN	OPEN	kegg:G00043	OPEN	OPEN	OPEN	OPEN	OPEN	OPEN
fucacngal14acglcgalgluside_hs	Iv3-A-Neuac,Iii3-A-Fuc-Nlc4Cer	C61H105N3O34FULLRCO	OPEN	OPEN	kegg:G00063	OPEN	OPEN	OPEN	OPEN	OPEN	OPEN
fucacngalacglcgalgluside_hs	Iv3-A-Neu5Ac,Iii4-A-Fuc-Lc4Cer	C61H105N3O34FULLRCO	OPEN	OPEN	OPEN	OPEN	OPEN	OPEN	OPEN	OPEN	OPEN
fucfuc12gal14acglcgalgluside_hs	Ley Glycolipid	C56H99N2O30FULLRCO	OPEN	OPEN	OPEN	OPEN	OPEN	OPEN	OPEN	OPEN	OPEN
fucfuc132galacglcgal14acglcgalgluside_hs	V3Fuc,Iii3Fuc-Nlc6Cer	C70H122N3O40FULLRCO	OPEN	OPEN	OPEN	OPEN	OPEN	OPEN	OPEN	OPEN	OPEN
fucfucfucgalacglc13galacglcgal14acglcgalgluside_hs	(Gal)4 (Glc)1 (GlcNac)3 (LFuc)3 (Cer)1	C90H155N4O54FULLRCO	OPEN	OPEN	OPEN	OPEN	OPEN	OPEN	OPEN	OPEN	OPEN
fucfucfucgalacglcgal14acglcgalgluside_hs	(Gal)3 (Glc)1 (GlcNac)2 (LFuc)3 (Cer)1	C76H132N3O44FULLRCO	OPEN	OPEN	OPEN	OPEN	OPEN	OPEN	OPEN	OPEN	OPEN
fucfucgalacglcgalgluside_hs	Leb Glycolipid	C56H99N2O30FULLRCO	OPEN	OPEN	OPEN	OPEN	OPEN	OPEN	OPEN	OPEN	OPEN
fucgal14acglcgalgluside_hs	Lacto-N-Fucopentaosyl Iii Ceramide	C50H89N2O26FULLRCO	OPEN	OPEN	OPEN	OPEN	OPEN	OPEN	OPEN	OPEN	OPEN
fucgalfucgalacglcgalgluside_hs	(Gal)3 (Glc)1 (GlcNac)1 (LFuc)2 (Cer)1	C62H109N2O35FULLRCO	OPEN	OPEN	OPEN	OPEN	OPEN	OPEN	OPEN	OPEN	OPEN
fucgalgbside_hs	Fucosyl Galactosylgloboside	C56H99N2O31FULLRCO	OPEN	OPEN	OPEN	OPEN	OPEN	OPEN	OPEN	OPEN	OPEN
fuc_L	L-Fucose	C6H12O5	OPEN	hmdb:HMDB0000174	kegg:C01019	chebi:2181	pubchem:17106	OPEN	OPEN	OPEN	OPEN
gd1b2_hs	Gd1Beta	C66H111N4O38FULLRCO	OPEN	OPEN	OPEN	OPEN	OPEN	OPEN	OPEN	OPEN	OPEN
gd1c_hs	Gd1C	C66H111N4O38FULLRCO	OPEN	OPEN	kegg:G00126	OPEN	OPEN	OPEN	OPEN	OPEN	OPEN
gluala	5-L-Glutamyl-L-Alanine	C8H13N2O5	OPEN	hmdb:HMDB0006248	kegg:C03740	chebi:50619	pubchem:440103	OPEN	OPEN	OPEN	OPEN
glyc_S	(S)-Glycerate	C3H5O4	OPEN	OPEN	OPEN	OPEN	pubchem:6326776	OPEN	OPEN	OPEN	OPEN
glygn5	Glycogen, Structure 5 (Glycogenin-2[1,4-Glc])	C12H21O11X	OPEN	OPEN	OPEN	OPEN	OPEN	OPEN	OPEN	OPEN	OPEN
gmp	Guanosine-5'-Monophosphate	C10H12N5O8P	OPEN	OPEN	kegg:C00144	chebi:17345	pubchem:6804	OPEN	OPEN	OPEN	OPEN
gp1c_hs	Gp1C	C99H159N7O62FULLRCO	OPEN	OPEN	OPEN	OPEN	OPEN	OPEN	OPEN	OPEN	OPEN
gp1calpha_hs	Gp1C Alpha	C99H159N7O62FULLRCO	OPEN	OPEN	OPEN	OPEN	OPEN	OPEN	OPEN	OPEN	OPEN
gq1b_hs	Gq1B	C88H143N6O54FULLRCO	OPEN	OPEN	kegg:C06139	chebi:27515	OPEN	OPEN	OPEN	OPEN	OPEN
gq1balpha_hs	Gq1Balpha	C88H143N6O54FULLRCO	OPEN	OPEN	kegg:G00129	OPEN	OPEN	OPEN	OPEN	OPEN	OPEN
gsn	Guanosine	C10H13N5O5	OPEN	hmdb:HMDB0000133	kegg:C00387	chebi:16750	pubchem:6802	cpd00311	OPEN	OPEN	OPEN
gt1a_hs	Gt1A	C77H127N5O46FULLRCO	OPEN	OPEN	kegg:C06138	chebi:27691	OPEN	OPEN	OPEN	OPEN	OPEN
ha	Hyaluronan	C28H40N2O22	OPEN	OPEN	kegg:C00518	chebi:16336	pubchem:24759	OPEN	OPEN	OPEN	OPEN
ha_pre1	Hyaluronan Biosynthesis, Precursor 1	C14H20NO11	OPEN	OPEN	kegg:C04794	chebi:16126	pubchem:440484	OPEN	OPEN	OPEN	OPEN
hcoumarin	Umbelliferone	C9H6O3	OPEN	OPEN	kegg:C09315	chebi:27510	pubchem:5281426	OPEN	OPEN	OPEN	OPEN
hdca	Hexadecanoate (N-C16:0)	C16H31O2	OPEN	hmdb:HMDB0000220	kegg:C00249	chebi:15756	pubchem:985	cpd00214	OPEN	OPEN	OPEN
hdcea	Hexadecenoate (N-C16:1)	C16H29O2	OPEN	hmdb:HMDB0003229	kegg:C08362	chebi:28716	pubchem:445638	OPEN	OPEN	OPEN	OPEN
hestratriol	4-Hydroxyestradiol	C18H24O3	OPEN	hmdb:HMDB0005896	kegg:C14209	OPEN	pubchem:44348689	OPEN	OPEN	OPEN	OPEN
hexc	Cerotic Acid	C26H51O2	OPEN	hmdb:HMDB0002356	OPEN	chebi:31009	pubchem:10469	OPEN	OPEN	OPEN	OPEN
hista	Histamine	C5H10N3	OPEN	hmdb:HMDB0000870	kegg:C00388	chebi:18295	pubchem:774	OPEN	OPEN	term.histamine	OPEN
hom_L	L-Homoserine	C4H9NO3	OPEN	hmdb:HMDB0000719	kegg:C00263	chebi:15699	pubchem:12647	OPEN	OPEN	OPEN	OPEN
hpdca	Margaric Acid	C17H33O2	OPEN	hmdb:HMDB0002259	OPEN	chebi:32365	pubchem:10465	OPEN	OPEN	OPEN	OPEN
hspg	Heparan Sulfate Proteoglycan	C79H113N5O101S12X	OPEN	OPEN	OPEN	OPEN	OPEN	OPEN	OPEN	OPEN	OPEN
htaxol	6 Alpha Hydroxy Taxol/ 6 Alpha Hydroxy Paclitaxel	C47H31NO15	OPEN	OPEN	OPEN	chebi:63859	OPEN	OPEN	OPEN	OPEN	OPEN
ksi	Keratan Sulfate I	C247H393N17O213S12X	OPEN	OPEN	OPEN	OPEN	OPEN	OPEN	OPEN	OPEN	OPEN
ksi_deg1	Keratan Sulfate I, Degradation Product 1	C241H383N17O209S12X	OPEN	OPEN	OPEN	OPEN	OPEN	OPEN	OPEN	OPEN	OPEN
ksii_core2	Keratan Sulfate Ii (Core 2-Linked)	C81H129N6O67S3X	OPEN	OPEN	OPEN	OPEN	OPEN	OPEN	OPEN	OPEN	OPEN
ksii_core4	Keratan Sulfate Ii (Core 4-Linked)	C89H142N7O72S3X	OPEN	OPEN	OPEN	OPEN	OPEN	OPEN	OPEN	OPEN	OPEN
leuktrB4	Leukotriene B4	C20H31O4	OPEN	hmdb:HMDB0001085	kegg:C02165	chebi:15647	pubchem:5280492	OPEN	OPEN	OPEN	OPEN
leuktrC4	Leukotriene C4	C30H45N3O9S	OPEN	hmdb:HMDB0001198	kegg:C02166	chebi:16978	pubchem:5280493	OPEN	OPEN	OPEN	OPEN
leuktrD4	Leukotriene D4	C25H39N2O6S	OPEN	OPEN	kegg:C05951	chebi:28666	pubchem:6435286	OPEN	OPEN	OPEN	OPEN
leuktrE4	Leukotriene E4	C23H36NO5S	OPEN	hmdb:HMDB0002200	kegg:C05952	chebi:15650	pubchem:5280749	OPEN	OPEN	OPEN	OPEN
leuktrF4	Leukotriene F4	C28H42N2O8S	OPEN	OPEN	kegg:C06462	chebi:27491	pubchem:5280938	OPEN	OPEN	OPEN	OPEN
lgnc	Lignocerate	C24H47O2	OPEN	hmdb:HMDB0002003	kegg:C08320	chebi:28866	pubchem:11197	OPEN	OPEN	OPEN	OPEN
limnen	Limonene	C10H16	OPEN	hmdb:HMDB0003375	kegg:C00521	chebi:15383	pubchem:439250	OPEN	OPEN	OPEN	OPEN
lipoate	Lipoate	C8H14O2S2	OPEN	hmdb:HMDB0001451	kegg:C00725	chebi:30314	pubchem:6112	OPEN	OPEN	OPEN	OPEN
lneldc	Linoelaidic Acid (All Trans C18:2)	C18H31O2	OPEN	OPEN	OPEN	OPEN	pubchem:5282457	OPEN	OPEN	OPEN	OPEN
lnlc	Linoleate	C18H31O2	OPEN	hmdb:HMDB0000673	kegg:C01595	chebi:17351	pubchem:5280450	OPEN	OPEN	OPEN	OPEN
lnlnca	Alpha-Linolenate	C18H29O2	OPEN	hmdb:HMDB0001388	kegg:C06427	chebi:27432	pubchem:5280934	OPEN	OPEN	OPEN	OPEN
lnlncg	Gamma-Linolenate	C18H29O2	OPEN	hmdb:HMDB0003073	kegg:C06426	chebi:28661	pubchem:5280933	OPEN	OPEN	OPEN	OPEN
lpchol_hs	1-Acyl-Sn-Glycero-3-Phosphocholine	C8H19NO5PFULLRCO2	OPEN	OPEN	OPEN	OPEN	OPEN	OPEN	OPEN	OPEN	OPEN
mag_hs	Monoacylglycerol 2	C3H7O2FULLR2CO2	OPEN	OPEN	OPEN	OPEN	OPEN	OPEN	OPEN	OPEN	OPEN
meoh	Methanol	CH4O1	OPEN	hmdb:HMDB0001875	kegg:C00132	chebi:17790	pubchem:887	OPEN	OPEN	OPEN	OPEN
mercplaccys	3-Mercaptolactate-Cysteine Disulfide	C6H10O5S2N	OPEN	hmdb:HMDB0006512	OPEN	OPEN	pubchem:193536	OPEN	OPEN	OPEN	OPEN
n2m2nmasn	N-Acetyl-Beta-D-Glucosaminyl-1,2-Alpha-D-Mannosyl-1,3-(N-Acetyl-Beta-D-Glucosaminyl-1,2-Alpha-D-Mannosyl-1,6)-(N-Acetyl-Beta-D-Glucosaminyl-1,4)-Beta-D-Mannosyl-1,4-N-Acetyl-Beta-D-Glucosaminyl-R	C58H96N5O40X	OPEN	OPEN	kegg:G00019	OPEN	OPEN	OPEN	OPEN	OPEN	OPEN
ncam	Nicotinamide	C6H6N2O	OPEN	OPEN	kegg:C00153	chebi:17154	pubchem:936	OPEN	OPEN	term.nicotinamide	OPEN
nifedipine	Nifedipine	C17H18N2O6	OPEN	OPEN	kegg:C07266	chebi:7565	pubchem:4485	OPEN	OPEN	OPEN	OPEN
no	Nitric Oxide	NO	OPEN	hmdb:HMDB0003378	kegg:C00533	chebi:16480	pubchem:145068	OPEN	OPEN	term.nitric_oxide	OPEN
npthl	Naphthalene	C10H8	OPEN	OPEN	kegg:C00829	chebi:16482	pubchem:931	OPEN	OPEN	OPEN	OPEN
nrpphrsf	Sulfate Derivative Of Norepinephrine	C8H11NO6S	OPEN	hmdb:HMDB0002062	OPEN	OPEN	pubchem:123747	OPEN	OPEN	OPEN	OPEN
nrvnc	Nervonic Acid	C24H45O2	OPEN	hmdb:HMDB0002368	kegg:C08323	chebi:44247	pubchem:5281120	OPEN	OPEN	OPEN	OPEN
oagd3_hs	9-O-Acetylated Gd3	C54H90N3O29FULLRCO	OPEN	OPEN	OPEN	OPEN	OPEN	OPEN	OPEN	OPEN	OPEN
oagt3_hs	9-O-Acetylated Gt3	C65H106N4O37FULLRCO	OPEN	OPEN	OPEN	OPEN	OPEN	OPEN	OPEN	OPEN	OPEN
ocdca	Octadecanoate (N-C18:0)	C18H35O2	OPEN	hmdb:HMDB0000827	kegg:C01530	chebi:28842	pubchem:5281	cpd01080	OPEN	OPEN	OPEN
ocdcea	Octadecenoate (N-C18:1)	C18H33O2	OPEN	hmdb:HMDB0000207	kegg:C00712	chebi:16196	pubchem:445639	OPEN	OPEN	OPEN	OPEN
octa	Octanoate (N-C8:0)	C8H15O2	OPEN	hmdb:HMDB0000482	kegg:C06423	chebi:28837	pubchem:379	OPEN	OPEN	OPEN	OPEN
omeprazole	Omeprazole	C17H19N3O3S	OPEN	hmdb:HMDB0001913	kegg:C07324	chebi:7772	pubchem:4594	OPEN	OPEN	OPEN	OPEN
onpthl	Naphthalene Epoxide	C10H8O	OPEN	OPEN	kegg:C14786	chebi:33998	pubchem:108063	OPEN	OPEN	OPEN	OPEN
paf_hs	1-Alkyl 2-Acteylglycerol 3-Phosphocholine	C11H23O4NPFULLRCO2	OPEN	OPEN	kegg:C04598	chebi:36707	OPEN	OPEN	OPEN	OPEN	OPEN
peplys	Peptidyl-L-Lysine	XH	OPEN	OPEN	kegg:C02188	OPEN	OPEN	OPEN	OPEN	OPEN	OPEN
perillyl	Perillyl Alcohol	C10H16O	OPEN	hmdb:HMDB0003634	kegg:C02452	chebi:15420	pubchem:10819	OPEN	OPEN	OPEN	OPEN
pheacgln	(2S)-4-Carbamoyl-2-(2-Phenylacetamido)Butanoate	C13H16N2O4	OPEN	hmdb:HMDB0006344	kegg:C04148	chebi:17884	pubchem:92258	OPEN	OPEN	OPEN	OPEN
phyQ	Phylloquinone	C31H46O2	OPEN	hmdb:HMDB0003555	kegg:C02059	chebi:583972	pubchem:5280483	OPEN	OPEN	term.phylloquinone	Assimilation,Bioenergetics,Structure
phyt	Phytanate	C20H39O2	OPEN	hmdb:HMDB0000801	kegg:C01607	chebi:16285	pubchem:26840	OPEN	OPEN	OPEN	OPEN
pro_D	D-Proline	C5H9NO2	OPEN	hmdb:HMDB0003411	kegg:C00763	chebi:16313	pubchem:8988	OPEN	OPEN	OPEN	OPEN
prostgd2	Prostaglandin D2	C20H31O5	OPEN	hmdb:HMDB0001403	kegg:C00696	chebi:15555	pubchem:448457	OPEN	OPEN	OPEN	OPEN
ps_hs	Phosphatidylserine	C6H11NO6PFULLRCO2FULLR2CO2	OPEN	OPEN	OPEN	OPEN	OPEN	OPEN	OPEN	OPEN	OPEN
ptdca	Pentadecanoic Acid	C15H29O2	OPEN	hmdb:HMDB0000826	kegg:C16537	chebi:42504	pubchem:13849	OPEN	OPEN	OPEN	OPEN
rbt	D-Ribitol	C5H12O5	OPEN	hmdb:HMDB0000508	kegg:C00474	chebi:15963	pubchem:827	OPEN	OPEN	OPEN	OPEN
retfa	Fatty Acid Retinol	C20H29OFULLR2CO	OPEN	OPEN	OPEN	OPEN	OPEN	OPEN	OPEN	OPEN	OPEN
retinol	Retinol	C20H30O	OPEN	hmdb:HMDB0000305	kegg:C00473	chebi:17336	pubchem:445354	OPEN	OPEN	term.retinol	Assimilation,Bioenergetics,Structure
retinol_9_cis	9-Cis-Retinol	C20H30O	OPEN	OPEN	OPEN	OPEN	pubchem:9947823	OPEN	OPEN	OPEN	OPEN
retinol_cis_11	11-Cis-Retinol	C20H30O	OPEN	OPEN	kegg:C00899	OPEN	pubchem:5280382	OPEN	OPEN	OPEN	OPEN
retn	All-Trans-Retinoate	C20H27O2	OPEN	hmdb:HMDB0001852	kegg:C00777	chebi:15367	pubchem:444795	OPEN	OPEN	OPEN	OPEN
retnglc	Retinoyl Glucuronide	C26H35O8	OPEN	hmdb:HMDB0003141	kegg:C11061	chebi:28870	pubchem:5281877	OPEN	OPEN	OPEN	OPEN
s2l2fn2m2masn	Pa6	C90H145N6O65X	OPEN	OPEN	kegg:G00018	OPEN	OPEN	OPEN	OPEN	OPEN	OPEN
s2l2n2m2masn	De-Fuc Form Of Pa6	C84H135N6O61X	OPEN	OPEN	OPEN	OPEN	OPEN	OPEN	OPEN	OPEN	OPEN
ser_D	D-Serine	C3H7NO3	OPEN	hmdb:HMDB0003406	kegg:C00740	chebi:16523	pubchem:71077	cpd00550	OPEN	OPEN	OPEN
sl_L	(S)-3-Sulfonatolactate	C3H4O6S	OPEN	OPEN	kegg:C11499	chebi:16712	pubchem:443233	OPEN	OPEN	OPEN	OPEN
spc_hs	Sphingosylphosphorylcholine	C23H50N2O5P	OPEN	OPEN	OPEN	OPEN	pubchem:5311445	OPEN	OPEN	OPEN	OPEN
sph1p	(2S,3R)-2-Azaniumyl-3-Hydroxyoctadecyl Phosphate	C18H39NO5P	OPEN	OPEN	kegg:C01120	chebi:16893	pubchem:644260	OPEN	OPEN	OPEN	OPEN
sphs1p	Sphingosine 1-Phosphate	C18H37NO5P	OPEN	OPEN	kegg:C06124	chebi:37550	pubchem:5353956	OPEN	OPEN	OPEN	OPEN
strdnc	Stearidonic Acid C18:4, N-3	C18H27O2	OPEN	hmdb:HMDB0006547	kegg:C16300	chebi:32389	pubchem:5312508	OPEN	OPEN	OPEN	OPEN
tagat_D	D-Tagatose	C6H12O6	OPEN	hmdb:HMDB0003418	kegg:C00795	chebi:47693	pubchem:92092	OPEN	OPEN	OPEN	OPEN
taxol	Paclitaxel	C47H31NO14	OPEN	OPEN	kegg:C07394	chebi:45863	pubchem:36314	OPEN	OPEN	OPEN	OPEN
tcynt	Thiocyanate	CNS	OPEN	hmdb:HMDB0001453	kegg:C01755	chebi:18022	pubchem:9322	OPEN	OPEN	OPEN	OPEN
tdchola	Taurochenodeoxycholate	C26H45NO6S	OPEN	hmdb:HMDB0000951	kegg:C05465	chebi:16525	pubchem:387316	OPEN	OPEN	OPEN	OPEN
tethex3	6Z,9Z,12Z,15Z,18Z,21Z-Tetracosahexaenoic Acid	C24H35O2	OPEN	hmdb:HMDB0013025	OPEN	OPEN	pubchem:53481586	OPEN	OPEN	OPEN	OPEN
tetpent3	9Z,12Z,15Z,18Z,21Z-Tetracosapentaenoic Acid	C24H37O2	OPEN	OPEN	OPEN	OPEN	pubchem:52921801	OPEN	OPEN	OPEN	OPEN
tetpent6	6Z,9Z,12Z,15Z,18Z-Tetracosapentaenoic Acid	C24H37O2	OPEN	OPEN	OPEN	OPEN	pubchem:14505435	OPEN	OPEN	OPEN	OPEN
tettet6	9Z,12Z,15Z,18Z-Tetracosatetraenoic Acid	C24H39O2	OPEN	OPEN	OPEN	OPEN	pubchem:152972	OPEN	OPEN	OPEN	OPEN
thf	5,6,7,8-Tetrahydrofolate	C19H21N7O6	OPEN	hmdb:HMDB0001846	kegg:C00101	chebi:20506	pubchem:91443	OPEN	OPEN	OPEN	OPEN
thmmp	Thiamin Monophosphate	C12H16N4O4PS	OPEN	hmdb:HMDB0002666	kegg:C01081	chebi:37574	pubchem:3382778	OPEN	OPEN	OPEN	OPEN
thmtp	Thiamine-Triphosphate	C12H16N4O10P3S	OPEN	OPEN	kegg:C03028	chebi:9534	pubchem:511	OPEN	OPEN	OPEN	OPEN
thyox_L	L-Thyroxine	C15H11I4NO4	OPEN	hmdb:HMDB0000248	kegg:C01829	chebi:18332	pubchem:5819	OPEN	OPEN	OPEN	OPEN
tmndnc	Timnodonic Acid C20:5, N-3	C20H29O2	OPEN	hmdb:HMDB0001999	kegg:C06428	chebi:28364	pubchem:446284	OPEN	OPEN	OPEN	OPEN
tolbutamide	Tolbutamide	C12H18N2O3S	OPEN	OPEN	kegg:C07148	chebi:27999	pubchem:5505	OPEN	OPEN	OPEN	OPEN
triodthy	3,3,5-Triiodo-L-Thyronine	C15H12I3NO4	OPEN	hmdb:HMDB0000265	kegg:C02465	chebi:18258	pubchem:5920	OPEN	OPEN	OPEN	OPEN
triodthysuf	Triiodothyronine Sulfate	C15H11I3NO7S	OPEN	OPEN	OPEN	chebi:35432	pubchem:122196	OPEN	OPEN	OPEN	OPEN
tststerone	Testosterone	C19H28O2	OPEN	hmdb:HMDB0000234	kegg:C00535	chebi:17347	pubchem:6013	OPEN	OPEN	term.testosterone	OPEN
tststeroneglc	Testosterone 3-Glucosiduronic Acid	C25H36O8	OPEN	hmdb:HMDB0003193	kegg:C11134	chebi:28835	pubchem:108192	OPEN	OPEN	OPEN	OPEN
tststerones	Testosterone Sulfate	C19H27O5S	OPEN	hmdb:HMDB0002833	OPEN	OPEN	pubchem:119207	OPEN	OPEN	OPEN	OPEN
tsul	Thiosulfate	O3S2	OPEN	hmdb:HMDB0000257	kegg:C00320	chebi:16094	pubchem:1084	cpd00268	OPEN	OPEN	OPEN
ttdca	Tetradecanoic Acid	C14H27O2	OPEN	hmdb:HMDB0000806	kegg:C06424	chebi:28875	pubchem:11005	cpd03847	OPEN	OPEN	OPEN
txa2	Thromboxane A2	C20H31O5	OPEN	hmdb:HMDB0001452	kegg:C02198	chebi:15627	pubchem:5280497	OPEN	OPEN	OPEN	OPEN
tymsf	Tyramine O-Sulfate	C8H11NO4S	OPEN	hmdb:HMDB0006409	OPEN	OPEN	pubchem:153005	OPEN	OPEN	OPEN	OPEN
Tyr_ggn	Tyr-194 Of Apo-Glycogenin Protein (Primer For Glycogen Synthesis)	XOH	OPEN	OPEN	OPEN	OPEN	OPEN	OPEN	OPEN	OPEN	OPEN
ump	Uridine-5'-Monophosphate	C9H11N2O9P	OPEN	OPEN	kegg:C00105	chebi:16695	pubchem:6030	OPEN	OPEN	OPEN	OPEN
urate	Urate	C5H4N4O3	OPEN	hmdb:HMDB0000289	kegg:C00366	chebi:17775	pubchem:1175	OPEN	OPEN	OPEN	OPEN
vacc	Vaccenic Acid	C18H33O2	OPEN	hmdb:HMDB0003231	kegg:C08367	chebi:50464	pubchem:5282761	OPEN	OPEN	OPEN	OPEN
vitd3	Calciol	C27H44O	OPEN	hmdb:HMDB0000876	kegg:C05443	chebi:283119	pubchem:10883523	OPEN	OPEN	OPEN	OPEN
whddca	Omega Hydroxy Dodecanoate (N-C12:0)	C12H23O3	OPEN	hmdb:HMDB0002059	kegg:C08317	chebi:39567	pubchem:79034	OPEN	OPEN	OPEN	OPEN
whhdca	Omega Hydroxy Hexadecanoate (N-C16:0)	C16H30O3	OPEN	hmdb:HMDB0006294	OPEN	chebi:55329	pubchem:7058075	OPEN	OPEN	OPEN	OPEN
whtststerone	W Hydroxy Testosterone	C19H28O3	OPEN	OPEN	OPEN	OPEN	pubchem:16395893	OPEN	OPEN	OPEN	OPEN
whttdca	Omega Hydroxy Tetradecanoate (N-C14:0)	C14H27O3	OPEN	OPEN	OPEN	OPEN	OPEN	OPEN	OPEN	OPEN	OPEN
xolest_hs	Cholesterol Ester	C27H45XCO2	OPEN	OPEN	OPEN	OPEN	OPEN	OPEN	OPEN	OPEN	OPEN
xolest2_hs	Cholesterol Ester	C27H45FULLR2CO2	OPEN	OPEN	OPEN	OPEN	OPEN	OPEN	OPEN	OPEN	OPEN
xoltri24	(24S)-7Alpha,24-Dihydroxycholesterol	C27H46O3	OPEN	OPEN	OPEN	OPEN	pubchem:11954196	OPEN	OPEN	OPEN	OPEN
xoltri25	7Alpha,25-Dihydroxycholesterol	C27H46O3	OPEN	OPEN	OPEN	OPEN	pubchem:11954197	OPEN	OPEN	OPEN	OPEN
xoltri27	7Alpha,27-Dihydroxycholesterol	C27H46O3	OPEN	hmdb:HMDB0006281	kegg:C06341	chebi:18431	pubchem:440985	OPEN	OPEN	OPEN	OPEN
xylt	Xylitol	C5H12O5	OPEN	hmdb:HMDB0002917	kegg:C00379	chebi:1305691	pubchem:6912	OPEN	OPEN	term.xylitol	OPEN
f1a	F1Alpha	C22H37N2O15X	OPEN	OPEN	OPEN	OPEN	OPEN	OPEN	OPEN	OPEN	OPEN
fuc1p_L	L-Fucose 1-Phosphate	C6H11O8P	OPEN	OPEN	kegg:C02985	chebi:28319	pubchem:439871	cpd01912	OPEN	OPEN	OPEN
gdpfuc	Guanosine-5'-Diphosphate-L-Fucose	C16H23N5O15P2	OPEN	OPEN	kegg:C00325	chebi:17009	pubchem:439211	OPEN	OPEN	OPEN	OPEN
ddca	Dodecanoic Acid	C12H23O2	OPEN	hmdb:HMDB0000638	kegg:C02679	chebi:30805	pubchem:3893	OPEN	OPEN	OPEN	OPEN
ttdcea	9E-Tetradecenoic Acid (N-C14:1)	C14H25O2	OPEN	OPEN	OPEN	OPEN	pubchem:68344	OPEN	OPEN	OPEN	OPEN
ptdcacoa	Pentadecanoyl Coenzyme A	C36H60N7O17P3S	OPEN	OPEN	OPEN	OPEN	OPEN	OPEN	OPEN	OPEN	OPEN
hpdcacoa	Heptadecanoyl Coenzyme A	C38H64N7O17P3S	OPEN	OPEN	OPEN	OPEN	pubchem:3082004	OPEN	OPEN	OPEN	OPEN
pristcoa	Pristanoyl Coenzyme A	C40H68N7O17P3S	OPEN	OPEN	OPEN	chebi:64039	pubchem:25137904	OPEN	OPEN	OPEN	OPEN
phytcoa	Phytanoyl Coenzyme A	C41H70N7O17P3S	OPEN	OPEN	kegg:C02060	chebi:15538	pubchem:439640	OPEN	OPEN	OPEN	OPEN
Sfglutth	S-Formylglutathionate	C11H16N3O7S	OPEN	OPEN	kegg:C01031	chebi:16225	pubchem:189122	OPEN	OPEN	OPEN	OPEN
xu1p_D	D-Xylulose 1-Phosphate	C5H9O8P	OPEN	hmdb:HMDB0006534	OPEN	OPEN	pubchem:14844436	OPEN	OPEN	OPEN	OPEN
gcald	Glycolaldehyde	C2H4O2	OPEN	hmdb:HMDB0003344	kegg:C00266	chebi:17071	pubchem:756	OPEN	OPEN	OPEN	OPEN
glyald	D-Glyceraldehyde	C3H6O3	OPEN	hmdb:HMDB0001051	kegg:C02154	chebi:5445	pubchem:751	OPEN	OPEN	OPEN	OPEN
tag1p_D	D-Tagatose 1-Phosphate	C6H11O9P	OPEN	OPEN	OPEN	OPEN	pubchem:6101730	OPEN	OPEN	OPEN	OPEN
f6p	D-Fructose 6-Phosphate	C6H11O9P	OPEN	OPEN	kegg:C00085	chebi:15946	pubchem:69507	OPEN	pentose_phosphate	OPEN	OPEN
f26bp	Beta-D-Fructofuranose 2,6-Bisphosphate	C6H10O12P2	OPEN	OPEN	kegg:C00665	chebi:28602	pubchem:105021	OPEN	OPEN	OPEN	OPEN
fe2	Iron (Fe2+)	Fe	OPEN	hmdb:HMDB0000692	kegg:C14818	chebi:29033	pubchem:27284	cpd10515	OPEN	OPEN	OPEN
pheme	Protoheme	C34H30FeN4O4	OPEN	OPEN	kegg:C00032	chebi:17627	OPEN	cpd00028	OPEN	OPEN	OPEN
ppp9	Protoporphyrin	C34H32N4O4	OPEN	OPEN	kegg:C02191	chebi:15430	OPEN	OPEN	OPEN	OPEN	OPEN
formcoa	Formyl Coenzyme A	C22H32N7O17P3S	OPEN	hmdb:HMDB0003419	kegg:C00798	chebi:15522	pubchem:439313	OPEN	OPEN	OPEN	OPEN
fe3	Iron (Fe3+)	Fe	OPEN	OPEN	kegg:C14819	chebi:29034	pubchem:29936	cpd10516	OPEN	OPEN	OPEN
Lfmkynr	N-Formyl-L-Kynurenine	C11H12N2O4	OPEN	OPEN	kegg:C02700	chebi:30249	pubchem:910	OPEN	OPEN	OPEN	OPEN
Lkynr	L-Kynurenine	C10H12N2O3	OPEN	hmdb:HMDB0000684	kegg:C00328	chebi:16946	pubchem:161166	OPEN	OPEN	OPEN	OPEN
fol	Folate	C19H18N7O6	OPEN	hmdb:HMDB0000121	kegg:C00504	chebi:27470	pubchem:6037	cpd00393	OPEN	term.folate	Assimilation,Bioenergetics,Structure
fru	D-Fructose	C6H12O6	OPEN	hmdb:HMDB0000660	kegg:C02336	chebi:28645	pubchem:439709	cpd00082	OPEN	OPEN	OPEN
4fumacac	4-Fumarylacetoacetate	C8H6O6	OPEN	OPEN	kegg:C01061	chebi:30907	pubchem:5280398	OPEN	OPEN	OPEN	OPEN
acngalacglcgalgluside_hs	(Gal)3 (Glc)1 (GlcNac)1 (Cer)1	X	OPEN	OPEN	OPEN	OPEN	OPEN	OPEN	OPEN	OPEN	OPEN
fucgalacglc13galacglcgal14acglcgalgluside_hs	(Gal)4 (Glc)1 (GlcNac)3 (LFuc)1 (Cer)1	X	OPEN	OPEN	OPEN	OPEN	OPEN	OPEN	OPEN	OPEN	OPEN
fucfucgalacglc13galacglcgal14acglcgalgluside_hs	(Gal)4 (Glc)1 (GlcNac)3 (LFuc)2 (Cer)1	C84H145N4O50FULLRCO	OPEN	OPEN	OPEN	OPEN	OPEN	OPEN	OPEN	OPEN	OPEN
acngal14acglcgalgluside_hs	Alpha-N-Acetylneuraminyl-2,3-Beta-D-Galactosyl-1,4-N-Acetyl-Beta-D-Glucosaminyl-1,3-Beta-D-Galactosyl-1,4-D-Glucosylceramide	C55H95N3O30FULLRCO	OPEN	OPEN	kegg:C04936	chebi:36528	OPEN	OPEN	OPEN	OPEN	OPEN
fucfucgalacglcgal14acglcgalgluside_hs	(Gal)3 (Glc)1 (GlcNac)2 (LFuc)2 (Cer)1	X	OPEN	OPEN	OPEN	OPEN	OPEN	OPEN	OPEN	OPEN	OPEN
fuc132galacglcgal14acglcgalgluside_hs	V3Fuc-Nlc6Cer	C64H112N3O36FULLRCO	OPEN	OPEN	kegg:G00089	OPEN	OPEN	OPEN	OPEN	OPEN	OPEN
ksii_core4_pre1	Keratan Sulfate Ii Biosynthesis, Precursor 1	C36H60N3O25X	OPEN	OPEN	OPEN	OPEN	OPEN	OPEN	OPEN	OPEN	OPEN
ksii_core4_pre6	Keratan Sulfate Ii Biosynthesis, Precursor 6	C69H111N6O51SX	OPEN	OPEN	OPEN	OPEN	OPEN	OPEN	OPEN	OPEN	OPEN
ksii_core4_pre9	Keratan Sulfate Ii Biosynthesis, Precursor 9	C83H133N7O64S2X	OPEN	OPEN	OPEN	OPEN	OPEN	OPEN	OPEN	OPEN	OPEN
ksii_core4_pre10	Keratan Sulfate Ii Biosynthesis, Precursor 10	C89H143N7O69S2X	OPEN	OPEN	OPEN	OPEN	OPEN	OPEN	OPEN	OPEN	OPEN
ksii_core2_pre1	Keratan Sulfate Ii Biosynthesis, Precursor 1	C33H53N3O23X	OPEN	OPEN	OPEN	OPEN	OPEN	OPEN	OPEN	OPEN	OPEN
ksii_core2_pre6	Keratan Sulfate Ii Biosynthesis, Precursor 6	C61H98N5O46SX	OPEN	OPEN	OPEN	OPEN	OPEN	OPEN	OPEN	OPEN	OPEN
ksii_core2_pre9	Keratan Sulfate Ii Biosynthesis, Precursor 9	C75H120N6O59S2X	OPEN	OPEN	OPEN	OPEN	OPEN	OPEN	OPEN	OPEN	OPEN
ksii_core2_pre10	Keratan Sulfate Ii Biosynthesis, Precursor 10	C81H130N6O64S2X	OPEN	OPEN	OPEN	OPEN	OPEN	OPEN	OPEN	OPEN	OPEN
glyc3p	Glycerol 3-Phosphate	C3H7O6P	OPEN	OPEN	kegg:C00093	chebi:15978	pubchem:439162	cpd00080	redox_shuttles	OPEN	OPEN
glu5sa	L-Glutamate 5-Semialdehyde	C5H9NO3	OPEN	OPEN	kegg:C01165	chebi:17232	pubchem:193305	OPEN	OPEN	OPEN	OPEN
1pyr5c	1-Pyrroline-5-Carboxylate	C5H6NO2	OPEN	OPEN	kegg:C03912	chebi:371	pubchem:1196	OPEN	OPEN	OPEN	OPEN
glu5p	L-Glutamate 5-Phosphate	C5H8NO7P	OPEN	OPEN	kegg:C03287	chebi:17798	pubchem:193475	OPEN	OPEN	OPEN	OPEN
6pgl	6-Phospho-D-Glucono-1,5-Lactone	C6H9O9P	OPEN	OPEN	kegg:C01236	chebi:16938	pubchem:439452	OPEN	pentose_phosphate	OPEN	OPEN
gudac	Guanidinoacetic Acid	C3H7N3O2	OPEN	hmdb:HMDB0000128	kegg:C00581	chebi:16344	pubchem:763	OPEN	OPEN	OPEN	OPEN
gacpail_hs	Glucosaminyl-Acylphosphatidylinositol	C31H58NO14PFULLRCO2FULLR2CO2	OPEN	OPEN	OPEN	OPEN	OPEN	OPEN	OPEN	OPEN	OPEN
gal	D-Galactose	C6H12O6	OPEN	hmdb:HMDB0000143	kegg:C00984	chebi:28061	pubchem:439357	cpd00108	OPEN	OPEN	OPEN
ksi_deg26	Keratan Sulfate I, Degradation Product 26	C110H179N7O93S4	OPEN	OPEN	OPEN	OPEN	OPEN	OPEN	OPEN	OPEN	OPEN
ksi_deg27	Keratan Sulfate I, Degradation Product 27	C104H169N7O88S4	OPEN	OPEN	OPEN	OPEN	OPEN	OPEN	OPEN	OPEN	OPEN
ksi_deg29	Keratan Sulfate I, Degradation Product 29	C96H157N6O80S3	OPEN	OPEN	OPEN	OPEN	OPEN	OPEN	OPEN	OPEN	OPEN
ksi_deg30	Keratan Sulfate I, Degradation Product 30	C90H147N6O75S3	OPEN	OPEN	OPEN	OPEN	OPEN	OPEN	OPEN	OPEN	OPEN
ksi_deg32	Keratan Sulfate I, Degradation Product 32	C82H135N5O67S2	OPEN	OPEN	OPEN	OPEN	OPEN	OPEN	OPEN	OPEN	OPEN
ksi_deg33	Keratan Sulfate I, Degradation Product 33	C76H125N5O62S2	OPEN	OPEN	OPEN	OPEN	OPEN	OPEN	OPEN	OPEN	OPEN
ksi_deg35	Keratan Sulfate I, Degradation Product 35	C68H113N4O54S1	OPEN	OPEN	OPEN	OPEN	OPEN	OPEN	OPEN	OPEN	OPEN
ksi_deg36	Keratan Sulfate I, Degradation Product 36	C62H103N4O49S1	OPEN	OPEN	OPEN	OPEN	OPEN	OPEN	OPEN	OPEN	OPEN
ksi_deg38	Keratan Sulfate I, Degradation Product 38	C54H91N3O41	OPEN	OPEN	OPEN	OPEN	OPEN	OPEN	OPEN	OPEN	OPEN
ksi_deg39	Keratan Sulfate I, Degradation Product 39	C48H81N3O36	OPEN	OPEN	OPEN	OPEN	OPEN	OPEN	OPEN	OPEN	OPEN
ksi_deg40	Keratan Sulfate I, Degradation Product 40	C40H68N2O31	OPEN	OPEN	OPEN	OPEN	OPEN	OPEN	OPEN	OPEN	OPEN
ksi_deg41	Keratan Sulfate I, Degradation Product 41	C34H58N2O26	OPEN	OPEN	OPEN	OPEN	OPEN	OPEN	OPEN	OPEN	OPEN
ksii_core2_deg2	Keratan Sulfate Ii (Core 2-Linked), Degradation Product 2	C70H114N5O56S2X	OPEN	OPEN	OPEN	OPEN	OPEN	OPEN	OPEN	OPEN	OPEN
ksii_core2_deg3	Keratan Sulfate Ii (Core 2-Linked), Degradation Product 3	C58H94N5O46S2X	OPEN	OPEN	OPEN	OPEN	OPEN	OPEN	OPEN	OPEN	OPEN
ksii_core2_deg5	Keratan Sulfate Ii (Core 2-Linked), Degradation Product 5	C50H82N4O38SX	OPEN	OPEN	OPEN	OPEN	OPEN	OPEN	OPEN	OPEN	OPEN
ksii_core2_deg6	Keratan Sulfate Ii (Core 2-Linked), Degradation Product 6	C44H72N4O33SX	OPEN	OPEN	OPEN	OPEN	OPEN	OPEN	OPEN	OPEN	OPEN
ksii_core2_deg8	Keratan Sulfate Ii (Core 2-Linked), Degradation Product 8	C36H60N3O25X	OPEN	OPEN	OPEN	OPEN	OPEN	OPEN	OPEN	OPEN	OPEN
ksii_core2_deg9	Keratan Sulfate Ii (Core 2-Linked), Degradation Product 9	C30H50N3O20X	OPEN	OPEN	OPEN	OPEN	OPEN	OPEN	OPEN	OPEN	OPEN
l2n2m2mn	De-Fuc, Reducing GlcNac Removed, De-Sia Form Of Pa6 (W/O Peptide Linkage)	C54H91N3O41	OPEN	OPEN	OPEN	OPEN	OPEN	OPEN	OPEN	OPEN	OPEN
ksii_core4_deg2	Keratan Sulfate Ii (Core 4-Linked), Degradation Product 2	C78H127N6O61S2X	OPEN	OPEN	OPEN	OPEN	OPEN	OPEN	OPEN	OPEN	OPEN
ksii_core4_deg3	Keratan Sulfate Ii (Core 4-Linked), Degradation Product 3	C66H107N6O51S2X	OPEN	OPEN	OPEN	OPEN	OPEN	OPEN	OPEN	OPEN	OPEN
ksi_deg5	Keratan Sulfate I, Degradation Product 5	C222H356N15O194S11	OPEN	OPEN	OPEN	OPEN	OPEN	OPEN	OPEN	OPEN	OPEN
ksi_deg6	Keratan Sulfate I, Degradation Product 6	C210H336N15O184S11	OPEN	OPEN	OPEN	OPEN	OPEN	OPEN	OPEN	OPEN	OPEN
ksi_deg8	Keratan Sulfate I, Degradation Product 8	C194H311N13O171S10	OPEN	OPEN	OPEN	OPEN	OPEN	OPEN	OPEN	OPEN	OPEN
ksi_deg9	Keratan Sulfate I, Degradation Product 9	C188H301N13O166S10	OPEN	OPEN	OPEN	OPEN	OPEN	OPEN	OPEN	OPEN	OPEN
ksi_deg11	Keratan Sulfate I, Degradation Product 11	C180H289N12O158S9	OPEN	OPEN	OPEN	OPEN	OPEN	OPEN	OPEN	OPEN	OPEN
ksi_deg12	Keratan Sulfate I, Degradation Product 12	C174H279N12O153S9	OPEN	OPEN	OPEN	OPEN	OPEN	OPEN	OPEN	OPEN	OPEN
ksi_deg14	Keratan Sulfate I, Degradation Product 14	C166H267N11O145S8	OPEN	OPEN	OPEN	OPEN	OPEN	OPEN	OPEN	OPEN	OPEN
ksi_deg15	Keratan Sulfate I, Degradation Product 15	C160H257N11O140S8	OPEN	OPEN	OPEN	OPEN	OPEN	OPEN	OPEN	OPEN	OPEN
ksi_deg17	Keratan Sulfate I, Degradation Product 17	C152H245N10O132S7	OPEN	OPEN	OPEN	OPEN	OPEN	OPEN	OPEN	OPEN	OPEN
ksi_deg18	Keratan Sulfate I, Degradation Product 18	C146H235N10O127S7	OPEN	OPEN	OPEN	OPEN	OPEN	OPEN	OPEN	OPEN	OPEN
ksi_deg20	Keratan Sulfate I, Degradation Product 20	C138H223N9O119S6	OPEN	OPEN	OPEN	OPEN	OPEN	OPEN	OPEN	OPEN	OPEN
ksi_deg21	Keratan Sulfate I, Degradation Product 21	C132H213N9O114S6	OPEN	OPEN	OPEN	OPEN	OPEN	OPEN	OPEN	OPEN	OPEN
ksi_deg23	Keratan Sulfate I, Degradation Product 23	C124H201N8O106S5	OPEN	OPEN	OPEN	OPEN	OPEN	OPEN	OPEN	OPEN	OPEN
ksi_deg24	Keratan Sulfate I, Degradation Product 24	C118H191N8O101S5	OPEN	OPEN	OPEN	OPEN	OPEN	OPEN	OPEN	OPEN	OPEN
gm3_hs	Alpha-N-Acetylneuraminosyl-(2->3)-Beta-D-Galactosyl-(1->4)-Beta-D-Glucosylceramide	C41H72N2O20FULLRCO	OPEN	OPEN	kegg:C04730	chebi:15681	OPEN	OPEN	OPEN	OPEN	OPEN
gd3_hs	Gd3	C52H88N3O28FULLRCO	OPEN	OPEN	kegg:C06133	chebi:28424	OPEN	OPEN	OPEN	OPEN	OPEN
gt3_hs	Gt3	C63H104N4O36FULLRCO	OPEN	OPEN	kegg:C06299	chebi:28541	OPEN	OPEN	OPEN	OPEN	OPEN
cs_hs_linkage	Chondroitin Sulfate/Heparan Sulfate Linkage Region (Glca-(Gal)2-Xyl-L-Ser (Protein))	C23H36O20X	OPEN	OPEN	OPEN	OPEN	OPEN	OPEN	OPEN	OPEN	OPEN
cs_pre	Chondroitin Sulfate Precursor (GalNac-Glca-(Gal)2-Xyl-L-Ser (Protein))	C31H49NO25X	OPEN	OPEN	OPEN	OPEN	OPEN	OPEN	OPEN	OPEN	OPEN
cs_a_b_pre2	Chondroitin Sulfate A (GalNac4S-Glca) And B (Idoa2S-GalNac4S), Precursor 2	C37H54NO37S2X	OPEN	OPEN	OPEN	OPEN	OPEN	OPEN	OPEN	OPEN	OPEN
cs_a_b_pre3	Chondroitin Sulfate A (GalNac4S-Glca) And B (Idoa2S-GalNac4S), Precursor 3	C45H67N2O42S2X	OPEN	OPEN	OPEN	OPEN	OPEN	OPEN	OPEN	OPEN	OPEN
cs_c_pre2	Chondroitin Sulfate C (GalNac6S-Glca), Precursor 2	C37H54NO37S2X	OPEN	OPEN	OPEN	OPEN	OPEN	OPEN	OPEN	OPEN	OPEN
cs_c_pre3	Chondroitin Sulfate C (GalNac6S-Glca), Precursor 3	C45H67N2O42S2X	OPEN	OPEN	OPEN	OPEN	OPEN	OPEN	OPEN	OPEN	OPEN
cs_d_pre3	Chondroitin Sulfate D (GlcNac6S-Glca2S), Precursor 3	C37H53NO40S3X	OPEN	OPEN	OPEN	OPEN	OPEN	OPEN	OPEN	OPEN	OPEN
cs_d_pre4	Chondroitin Sulfate D (GlcNac6S-Glca2S), Precursor 4	C45H66N2O45S3X	OPEN	OPEN	OPEN	OPEN	OPEN	OPEN	OPEN	OPEN	OPEN
cs_e_pre3	Chondroitin Sulfate E (GalNac4,6Dis-Glca), Precursor 3	C37H52NO43S4X	OPEN	OPEN	OPEN	OPEN	OPEN	OPEN	OPEN	OPEN	OPEN
cs_e_pre4	Chondroitin Sulfate E (GalNac4,6Dis-Glca), Precursor 4	C45H65N2O48S4X	OPEN	OPEN	OPEN	OPEN	OPEN	OPEN	OPEN	OPEN	OPEN
galt	Galactitol	C6H14O6	OPEN	hmdb:HMDB0000107	kegg:C01697	chebi:16813	pubchem:11850	cpd01171	OPEN	OPEN	OPEN
lxser	Gal-Xyl-L-Ser (Protein)	C11H19O9X	OPEN	OPEN	kegg:G00155	OPEN	OPEN	OPEN	OPEN	OPEN	OPEN
l2xser	(Gal)2-Xyl-L-Ser (Protein)	C17H29O14X	OPEN	OPEN	kegg:C04825	OPEN	OPEN	OPEN	OPEN	OPEN	OPEN
xser	Xyl-L-Ser (Protein)	C5H9O4X	OPEN	OPEN	kegg:C02399	OPEN	OPEN	OPEN	OPEN	OPEN	OPEN
gam	D-Glucosamine	C6H14NO5	OPEN	hmdb:HMDB0001514	kegg:C00329	chebi:5417	pubchem:439213	OPEN	OPEN	OPEN	OPEN
malt	Maltose	C12H22O11	OPEN	hmdb:HMDB0000163	kegg:C00208	chebi:47937	pubchem:10991489	cpd00179	OPEN	term.maltose	Assimilation,Bioenergetics
gar	N1-(5-Phospho-D-Ribosyl)Glycinamide	C7H14N2O8P	OPEN	OPEN	kegg:C03838	chebi:18349	pubchem:160913	OPEN	OPEN	OPEN	OPEN
fgam	N2-Formyl-N1-(5-Phospho-D-Ribosyl)Glycinamide	C8H13N2O9P	OPEN	OPEN	kegg:C04376	chebi:18272	pubchem:130805	OPEN	OPEN	OPEN	OPEN
glyclt	Glycolate	C2H3O3	OPEN	hmdb:HMDB0000115	kegg:C00160	chebi:17497	pubchem:757	cpd00139	OPEN	OPEN	OPEN
lpam	Lipoamide	C8H15NOS2	OPEN	OPEN	kegg:C00248	OPEN	pubchem:863	OPEN	OPEN	OPEN	OPEN
alpam	S-Aminomethyldihydrolipoamide	C9H21N2OS2	OPEN	hmdb:HMDB0006239	OPEN	chebi:50622	pubchem:24906333	OPEN	OPEN	OPEN	OPEN
dhlam	Dihydrolipoamide	C8H17NOS2	OPEN	hmdb:HMDB0000985	kegg:C00579	chebi:17694	pubchem:663	OPEN	OPEN	OPEN	OPEN
lpro	Lipoylprotein	S2X	OPEN	OPEN	kegg:C02051	chebi:15804	OPEN	OPEN	OPEN	OPEN	OPEN
alpro	S-Aminomethyldihydrolipoylprotein	CH6NS2X	OPEN	OPEN	kegg:C01242	chebi:16882	OPEN	OPEN	OPEN	OPEN	OPEN
dhlpro	Dihydrolipolprotein	H2S2X	OPEN	OPEN	kegg:C02972	chebi:16194	OPEN	OPEN	OPEN	OPEN	OPEN
gdpddman	Guanosine-5'-Diphosphate-4-Dehydro-6-Deoxy-Alpha-D-Mannose	C16H21N5O15P2	OPEN	OPEN	kegg:C01222	chebi:16955	pubchem:439446	OPEN	OPEN	OPEN	OPEN
5oxpro	5-Oxoprolinate	C5H6NO3	OPEN	hmdb:HMDB0000267	kegg:C01879	chebi:18183	pubchem:7405	OPEN	OPEN	OPEN	OPEN
udpg	Uridine-5'-Diphosphate-Glucose	C15H22N2O17P2	OPEN	OPEN	kegg:C00029	chebi:18066	pubchem:53477679	OPEN	OPEN	OPEN	OPEN
ggn	Primed Glycogenin (Glycogenin-8[1,4-Glc])	C48H81O41X	OPEN	OPEN	kegg:C01702	OPEN	OPEN	OPEN	OPEN	OPEN	OPEN
ttc_ggdp	Trans,Trans,Cis-Geranylgeranyl Diphosphate	C20H33O7P2	OPEN	OPEN	OPEN	OPEN	pubchem:5281909	OPEN	OPEN	OPEN	OPEN
3htmelys	3-Hydroxy-N6,N6,N6-Trimethyl-L-Lysine	C9H20N2O3	OPEN	OPEN	kegg:C01259	chebi:57515	pubchem:439460	OPEN	OPEN	OPEN	OPEN
4tmeabut	4-Trimethylammoniobutanal	C7H16NO	OPEN	OPEN	kegg:C01149	chebi:18020	pubchem:133	OPEN	OPEN	OPEN	OPEN
glac	D-Glucurono-6,3-Lactone	C6H8O6	OPEN	hmdb:HMDB0006355	kegg:C02670	chebi:18268	pubchem:2724333	OPEN	OPEN	OPEN	OPEN
glcr	D-Glucarate	C6H8O8	OPEN	hmdb:HMDB0000663	kegg:C00818	chebi:16002	pubchem:33037	cpd00609	OPEN	OPEN	OPEN
glygn1	Glycogen, Structure 1 (Glycogenin-11[1,4-Glc])	C66H111O56X	OPEN	OPEN	OPEN	OPEN	OPEN	OPEN	OPEN	OPEN	OPEN
hs_deg9	Heparan Sulfate, Degradation Product 9	C61H87N3O76S8	OPEN	OPEN	OPEN	OPEN	OPEN	OPEN	OPEN	OPEN	OPEN
glcur	D-Glucuronate	C6H9O7	OPEN	hmdb:HMDB0000127	kegg:C00191	chebi:42717	pubchem:444791	cpd00164	OPEN	OPEN	OPEN
hs_deg10	Heparan Sulfate, Degradation Product 10	C55H80N3O70S8	OPEN	OPEN	OPEN	OPEN	OPEN	OPEN	OPEN	OPEN	OPEN
cs_a_deg2	Chondroitin Sulfate A (GalNac4S-Glca), Degradation Product 2	C37H55NO38S2	OPEN	OPEN	OPEN	OPEN	OPEN	OPEN	OPEN	OPEN	OPEN
cs_a_deg3	Chondroitin Sulfate A (GalNac4S-Glca), Degradation Product 3	C31H48NO32S2	OPEN	OPEN	OPEN	OPEN	OPEN	OPEN	OPEN	OPEN	OPEN
cs_c_deg2	Chondroitin Sulfate C (GalNac6S-Glca), Degradation Product 2	C37H55NO38S2	OPEN	OPEN	OPEN	OPEN	OPEN	OPEN	OPEN	OPEN	OPEN
cs_c_deg3	Chondroitin Sulfate C (GalNac6S-Glca), Degradation Product 3	C31H48NO32S2	OPEN	OPEN	OPEN	OPEN	OPEN	OPEN	OPEN	OPEN	OPEN
cs_d_deg3	Chondroitin Sulfate D (GlcNac6S-Glca2S), Degradation Product 3	C37H54NO41S3	OPEN	OPEN	OPEN	OPEN	OPEN	OPEN	OPEN	OPEN	OPEN
cs_d_deg4	Chondroitin Sulfate D (GlcNac6S-Glca2S), Degradation Product 4	C31H47NO35S3	OPEN	OPEN	OPEN	OPEN	OPEN	OPEN	OPEN	OPEN	OPEN
cs_e_deg3	Chondroitin Sulfate E (GalNac4,6Dis-Glca), Degradation Product 3	C37H53NO44S4	OPEN	OPEN	OPEN	OPEN	OPEN	OPEN	OPEN	OPEN	OPEN
cs_e_deg4	Chondroitin Sulfate E (GalNac4,6Dis-Glca), Degradation Product 4	C31H46NO38S4	OPEN	OPEN	OPEN	OPEN	OPEN	OPEN	OPEN	OPEN	OPEN
ha_deg1	Hyaluronan Degradation Product 1	C22H33N2O16	OPEN	OPEN	OPEN	OPEN	OPEN	OPEN	OPEN	OPEN	OPEN
cs_b_pre4	Chondroitin Sulfate B (Idoa2S-GalNac4S), Precursor 4	C45H67N2O42S2X	OPEN	OPEN	OPEN	OPEN	OPEN	OPEN	OPEN	OPEN	OPEN
hs_pre10	(Glcn2S-Glca)4-GlcNac-Glca-Gal-Gal-Xyl-L-Ser (Protein)	C79H121N5O77S4X	OPEN	OPEN	OPEN	OPEN	OPEN	OPEN	OPEN	OPEN	OPEN
hs_pre11	(Glcn2S-Idoa-Glcn2S-Glca)2-GlcNac-Glca-Gal-Gal-Xyl-L-Ser (Protein)	C79H121N5O77S4X	OPEN	OPEN	OPEN	OPEN	OPEN	OPEN	OPEN	OPEN	OPEN
cs_a_b_e_pre1	Chondroitin Sulfate A (GalNac4S-Glca), B (Idoa2S-GalNac4S), And E (GalNac4,6Dis-Glca), Precursor 1	C31H47NO31S2X	OPEN	OPEN	OPEN	OPEN	OPEN	OPEN	OPEN	OPEN	OPEN
udpglcur	Uridine-5'-Diphosphate-Glucuronate	C15H19N2O18P2	OPEN	hmdb:HMDB0000935	kegg:C00167	chebi:17200	pubchem:17473	OPEN	OPEN	OPEN	OPEN
cs_c_d_e_pre1	Chondroitin Sulfate C (GalNac6S-Glca) And D (GlcNac6S-Glca2S), Precursor 1	C31H47NO31S2X	OPEN	OPEN	OPEN	OPEN	OPEN	OPEN	OPEN	OPEN	OPEN
cs_d_pre2	Chondroitin Sulfate D (GlcNac6S-Glca2S) Precursor 2	C31H46NO34S3X	OPEN	OPEN	OPEN	OPEN	OPEN	OPEN	OPEN	OPEN	OPEN
cs_e_pre2	Chondroitin Sulfate E (GalNac4,6Dis-Glca), Precursor 2	C31H45NO37S4X	OPEN	OPEN	OPEN	OPEN	OPEN	OPEN	OPEN	OPEN	OPEN
hs_pre1	Heparan Sulfate, Precursor 1	C31H49NO25X	OPEN	OPEN	OPEN	OPEN	OPEN	OPEN	OPEN	OPEN	OPEN
hs_pre2	Heparan Sulfate, Precursor 2	C37H56NO31X	OPEN	OPEN	OPEN	OPEN	OPEN	OPEN	OPEN	OPEN	OPEN
hs_pre3	GlcNac-Glca-GlcNac-Glca-Gal-Gal-Xyl-L-Ser (Protein)	C45H69N2O36X	OPEN	OPEN	OPEN	OPEN	OPEN	OPEN	OPEN	OPEN	OPEN
hs_pre4	Glca-GlcNac-Glca-GlcNac-Glca-Gal-Gal-Xyl-L-Ser (Protein)	C51H76N2O42X	OPEN	OPEN	OPEN	OPEN	OPEN	OPEN	OPEN	OPEN	OPEN
hs_pre5	(GlcNac-Glca)2-GlcNac-Glca-Gal-Gal-Xyl-L-Ser (Protein)	C59H89N3O47X	OPEN	OPEN	OPEN	OPEN	OPEN	OPEN	OPEN	OPEN	OPEN
hs_pre6	Glca-(GlcNac-Glca)2-GlcNac-Glca-Gal-Gal-Xyl-L-Ser (Protein)	C65H96N3O53X	OPEN	OPEN	OPEN	OPEN	OPEN	OPEN	OPEN	OPEN	OPEN
hs_pre7	(GlcNac-Glca)3-GlcNac-Glca-Gal-Gal-Xyl-L-Ser (Protein)	C73H109N4O58X	OPEN	OPEN	OPEN	OPEN	OPEN	OPEN	OPEN	OPEN	OPEN
hs_pre8	Glca-(GlcNac-Glca)3-GlcNac-Glca-Gal-Gal-Xyl-L-Ser (Protein)	C79H116N4O64X	OPEN	OPEN	OPEN	OPEN	OPEN	OPEN	OPEN	OPEN	OPEN
hs_deg3	Heparan Sulfate, Degradation Product 3	C81H117N5O97S10	OPEN	OPEN	OPEN	OPEN	OPEN	OPEN	OPEN	OPEN	OPEN
hs_deg4	Heparan Sulfate, Degradation Product 4	C73H104N4O92S10	OPEN	OPEN	OPEN	OPEN	OPEN	OPEN	OPEN	OPEN	OPEN
hs_deg8	Heparan Sulfate, Degradation Product 8	C69H100N4O81S8	OPEN	OPEN	OPEN	OPEN	OPEN	OPEN	OPEN	OPEN	OPEN
hs_deg14	Heparan Sulfate, Degradation Product 14	C57H84N3O62S5	OPEN	OPEN	OPEN	OPEN	OPEN	OPEN	OPEN	OPEN	OPEN
hs_deg15	Heparan Sulfate, Degradation Product 15	C49H71N2O57S5	OPEN	OPEN	OPEN	OPEN	OPEN	OPEN	OPEN	OPEN	OPEN
hs_deg20	Heparan Sulfate, Degradation Product 20	C45H68N2O43S2	OPEN	OPEN	OPEN	OPEN	OPEN	OPEN	OPEN	OPEN	OPEN
hs_deg21	Idoa2S-Beta-1,4-GlcNac(3S)-Alpha-1,4-Glca-Beta-1,3-Gal-Beta-1,3-Gal-Beta-1,4-Xylose	C37H55NO38S2	OPEN	OPEN	OPEN	OPEN	OPEN	OPEN	OPEN	OPEN	OPEN
hs_deg24	GlcNac-Glca-(Gal)2-Xyl	C31H50NO26	OPEN	OPEN	OPEN	OPEN	OPEN	OPEN	OPEN	OPEN	OPEN
hs_deg25	Glca-Beta-1,3-Gal-Beta-1,3-Gal-Beta-1,4-Xylose	C23H37O21	OPEN	OPEN	OPEN	OPEN	OPEN	OPEN	OPEN	OPEN	OPEN
hs_pre9	(GlcNac-Glca)4-GlcNac-Glca-Gal-Gal-Xyl-L-Ser (Protein)	C87H129N5O69X	OPEN	OPEN	OPEN	OPEN	OPEN	OPEN	OPEN	OPEN	OPEN
dxtrn	Phosphorylase-Limit Dextrin (Glycogenin-1,6{4[1,4-Glc], 4[1,4-Glc]})	C48H81O41X	OPEN	OPEN	OPEN	OPEN	OPEN	OPEN	OPEN	OPEN	OPEN
glygn3	Glycogen, Structure 3 (Glycogenin-7[1,4-Glc])	C42H71O36X	OPEN	OPEN	OPEN	OPEN	OPEN	OPEN	OPEN	OPEN	OPEN
guln	L-Gulonate	C6H11O7	OPEN	hmdb:HMDB0003290	kegg:C00800	chebi:16154	pubchem:152304	OPEN	OPEN	OPEN	OPEN
gullac	L-Gulono-1,4-Lactone	C6H10O6	OPEN	hmdb:HMDB0003466	kegg:C01040	chebi:17587	pubchem:439373	OPEN	OPEN	OPEN	OPEN
glucys	Gamma-L-Glutamyl-L-Cysteine	C8H13N2O5S	OPEN	hmdb:HMDB0001049	kegg:C00669	chebi:17515	pubchem:123938	OPEN	OPEN	OPEN	OPEN
5forthf	5-Formiminotetrahydrofolate	C20H22N8O6	OPEN	OPEN	kegg:C00664	chebi:15639	pubchem:530	OPEN	OPEN	OPEN	OPEN
forglu	N-Formimidoyl-L-Glutamate	C6H8N2O4	OPEN	hmdb:HMDB0000854	kegg:C00439	chebi:7274	pubchem:439233	OPEN	OPEN	OPEN	OPEN
2pg	2-Phospho-D-Glycerate	C3H4O7P	OPEN	OPEN	kegg:C00631	chebi:17835	pubchem:439278	OPEN	gluconeogenesis	OPEN	OPEN
glyc_R	D-Glycerate	C3H5O4	OPEN	hmdb:HMDB0000139	kegg:C00258	chebi:32398	pubchem:439194	OPEN	OPEN	OPEN	OPEN
glyc	Glycerol	C3H8O3	OPEN	hmdb:HMDB0000131	kegg:C00116	chebi:17522	pubchem:753	cpd00100	OPEN	term.glycerol	OPEN
lgt_S	(R)-S-Lactoylglutathionate	C13H20N3O8S	OPEN	OPEN	kegg:C03451	chebi:15694	pubchem:440018	OPEN	OPEN	OPEN	OPEN
6pgc	6-Phospho-D-Gluconate	C6H10O10P	OPEN	hmdb:HMDB0001316	kegg:C00345	chebi:48928	pubchem:91493	OPEN	OPEN	OPEN	OPEN
ru5p_D	D-Ribulose 5-Phosphate	C5H9O8P	OPEN	OPEN	kegg:C00199	chebi:17363	pubchem:439184	OPEN	OPEN	OPEN	OPEN
em2emgacpail_prot_hs	(Phosphoethanolaminyl-Dimannosyl),(Phosphoethanolaminyl)-Mannosyl-Glucosaminyl-Acylphosphatidylinositol	C53H100N3O35P3FULLRCO2FULLR2CO2X	OPEN	OPEN	OPEN	OPEN	OPEN	OPEN	OPEN	OPEN	OPEN
gpi_prot_hs	{[(Prot-PE-Man),(PE)-Man],[PE]}-Man-GlcN-AcylPI	C55H106N4O38P4FULLRCO2FULLR2CO2X	OPEN	OPEN	OPEN	OPEN	OPEN	OPEN	OPEN	OPEN	OPEN
mgacpail_hs	Mannosyl-Glucosaminyl-Acylphosphatidylinositiol (H2)	C37H68NO19PFULLRCO2FULLR2CO2	OPEN	OPEN	OPEN	OPEN	OPEN	OPEN	OPEN	OPEN	OPEN
gua	Guanine	C5H5N5O	OPEN	hmdb:HMDB0000132	kegg:C00242	chebi:16235	pubchem:764	OPEN	OPEN	OPEN	OPEN
xan	Xanthine	C5H4N4O2	OPEN	hmdb:HMDB0000292	kegg:C00385	chebi:17712	pubchem:1188	cpd00309	OPEN	term.xanthine	OPEN
glcur1p	D-Glucuronate 1-Phosphate	C6H8O10P	OPEN	hmdb:HMDB0003976	kegg:C05385	chebi:35145	pubchem:440650	OPEN	OPEN	OPEN	OPEN
emgacpail_hs	Phosphoethanolaminyl-Mannosyl-Glucosylaminyl-Acylphosphatidylinositol (H5)	C39H74N2O22P2FULLRCO2FULLR2CO2	OPEN	OPEN	OPEN	OPEN	OPEN	OPEN	OPEN	OPEN	OPEN
m2gacpail_hs	Dimannosyl-Glucosaminyl-Acylphosphatidylinositol (H3)	C43H78NO24PFULLRCO2FULLR2CO2	OPEN	OPEN	OPEN	OPEN	OPEN	OPEN	OPEN	OPEN	OPEN
m3gacpail_hs	Trimannosyl-Glucosaminyl-Acylphosphatidylinositol (H4)	C49H88NO29PFULLRCO2FULLR2CO2	OPEN	OPEN	OPEN	OPEN	OPEN	OPEN	OPEN	OPEN	OPEN
em3gacpail_hs	Phosphoethanolaminyl-Trimannosyl-Glucosaminyl-Acylphosphatidylinositol (H6)	C51H94N2O32P2FULLRCO2FULLR2CO2	OPEN	OPEN	OPEN	OPEN	OPEN	OPEN	OPEN	OPEN	OPEN
emem2gacpail_hs	(Phosphoethanolaminyl-Mannosyl),(Phosphoethanolaminyl)-Dimannosyl-Glucosaminyl-Acylphosphatidylinositol (H7)	C53H100N3O35P3FULLRCO2FULLR2CO2	OPEN	OPEN	OPEN	OPEN	OPEN	OPEN	OPEN	OPEN	OPEN
em2emgacpail_hs	(Phosphoethanolaminyl-Dimannosyl),(Phosphoethanolaminyl)-Mannosyl-Glucosaminyl-Acylphosphatidylinositol (H7)	C53H100N3O35P3FULLRCO2FULLR2CO2	OPEN	OPEN	OPEN	OPEN	OPEN	OPEN	OPEN	OPEN	OPEN
m3emgacpail_hs	(Trimannosyl),(Phosphoethanolaminyl)-Mannosyl-Glucosaminyl-Acylphosphatidylinositol (M4C)	C57H104N2O37P2FULLRCO2FULLR2CO2	OPEN	OPEN	OPEN	OPEN	OPEN	OPEN	OPEN	OPEN	OPEN
gpi_hs	Gpi Heparan Sulfate	C55H106N4O38P4FULLRCO2FULLR2CO2	OPEN	OPEN	OPEN	OPEN	OPEN	OPEN	OPEN	OPEN	OPEN
mem2emgacpail_hs	({[(Mannosyl),(Phosphoethanolaminyl)]-Dimannosyl},{Phosphoethanolaminyl})-Mannosyl-Glucosaminyl-Acylphosphatidylinositol (M4B) (Mem2Emgacpail Heparan Sulfate)	C59H110N3O40P3FULLRCO2FULLR2CO2	OPEN	OPEN	OPEN	OPEN	OPEN	OPEN	OPEN	OPEN	OPEN
pre_prot	Glycophosphatidylinositol (Gpi)-Anchored Protein Precursor	XY	OPEN	OPEN	OPEN	OPEN	OPEN	OPEN	OPEN	OPEN	OPEN
4mlacac	4-Maleylacetoacetate	C8H6O6	OPEN	OPEN	kegg:C01036	chebi:47904	pubchem:5280393	OPEN	OPEN	OPEN	OPEN
his_L	L-Histidine	C6H9N3O2	OPEN	hmdb:HMDB0000177	kegg:C00135	chebi:15971	pubchem:6274	cpd00119	OPEN	OPEN	OPEN
im4act	Imidazole-4-Acetaldehyde	C5H6N2O	OPEN	hmdb:HMDB0003905	kegg:C05130	chebi:27398	pubchem:150841	OPEN	OPEN	OPEN	OPEN
hmgcoa	Hydroxymethylglutaryl Coenzyme A	C27H39N7O20P3S	OPEN	OPEN	kegg:C00356	chebi:15467	pubchem:439218	OPEN	OPEN	OPEN	OPEN
phyt2ohcoa	2-Hydroxyphytanoyl Coenzyme A	C41H70N7O18P3S	OPEN	OPEN	OPEN	OPEN	pubchem:11966142	OPEN	OPEN	OPEN	OPEN
hpdcacrn	Heptadecanoylcarnitine	C24H47NO4	OPEN	hmdb:HMDB0006210	OPEN	OPEN	pubchem:53477803	OPEN	OPEN	OPEN	OPEN
hpyr	3-Hydroxypyruvate	C3H3O4	OPEN	OPEN	kegg:C00168	chebi:30841	pubchem:964	OPEN	OPEN	OPEN	OPEN
hs_deg1	Heparan Sulfate, Degradation Product 1	C79H115N5O99S11	OPEN	OPEN	OPEN	OPEN	OPEN	OPEN	OPEN	OPEN	OPEN
hs_deg2	Heparan Sulfate, Degradation Product 2	C79H116N5O96S10	OPEN	OPEN	OPEN	OPEN	OPEN	OPEN	OPEN	OPEN	OPEN
hs_deg6	Heparan Sulfate, Degradation Product 6	C67H98N4O83S9	OPEN	OPEN	OPEN	OPEN	OPEN	OPEN	OPEN	OPEN	OPEN
hs_deg7	Heparan Sulfate, Degradation Product 7	C67H99N4O80S8	OPEN	OPEN	OPEN	OPEN	OPEN	OPEN	OPEN	OPEN	OPEN
hs_deg12	Heparan Sulfate, Degradation Product 12	C55H82N3O64S6	OPEN	OPEN	OPEN	OPEN	OPEN	OPEN	OPEN	OPEN	OPEN
hs_deg13	Heparan Sulfate, Degradation Product 13	C55H83N3O61S5	OPEN	OPEN	OPEN	OPEN	OPEN	OPEN	OPEN	OPEN	OPEN
hs_deg18	Heparan Sulfate, Degradation Product 18	C43H66N2O45S3	OPEN	OPEN	OPEN	OPEN	OPEN	OPEN	OPEN	OPEN	OPEN
hs_deg19	Heparan Sulfate, Degradation Product 19	C43H67N2O42S2	OPEN	OPEN	OPEN	OPEN	OPEN	OPEN	OPEN	OPEN	OPEN
cortsn	Cortisone	C21H28O5	OPEN	OPEN	OPEN	OPEN	pubchem:222786	OPEN	OPEN	OPEN	OPEN
andrstndn	Androst-4-Ene-3,17-Dione	C19H26O2	OPEN	hmdb:HMDB0000053	kegg:C00280	chebi:16422	pubchem:6128	OPEN	OPEN	OPEN	OPEN
cholcoaone	3A,7A,12A-Trihydroxy-5B-24-Oxocholestanoyl Coenzyme A	C48H74N7O21P3S	OPEN	hmdb:HMDB0006891	kegg:C05467	chebi:27379	pubchem:440690	OPEN	OPEN	OPEN	OPEN
eandrstrn	16Alpha-Hydroxydehydroepiandrosterone	C19H28O3	OPEN	hmdb:HMDB0000352	kegg:C05139	chebi:27771	pubchem:102030	OPEN	OPEN	OPEN	OPEN
andrstandn	5Alpha-Androstane-3,17-Dione	C19H28O2	OPEN	hmdb:HMDB0000899	kegg:C00674	chebi:15994	pubchem:222865	OPEN	OPEN	OPEN	OPEN
prgnlone	Pregnenolone	C21H32O2	OPEN	hmdb:HMDB0000253	kegg:C01953	chebi:16581	pubchem:53477678	OPEN	OPEN	term.pregnenolone	OPEN
17ahprgnlone	17Alpha-Hydroxypregnenolone	C21H32O3	OPEN	hmdb:HMDB0000363	kegg:C05138	chebi:28750	pubchem:91451	OPEN	OPEN	OPEN	OPEN
17ahprgstrn	17Alpha-Hydroxyprogesterone	C21H30O3	OPEN	hmdb:HMDB0000374	kegg:C01176	chebi:17252	pubchem:6238	OPEN	OPEN	OPEN	OPEN
xol7a	20-Hydroxycholesterol	C27H46O2	OPEN	OPEN	kegg:C03594	chebi:17500	pubchem:121935	OPEN	OPEN	OPEN	OPEN
hs	Heparan Sulfate, Free Chain	C79H114N5O102S12	OPEN	OPEN	kegg:C00925	chebi:28815	OPEN	OPEN	OPEN	OPEN	OPEN
hxan	Hypoxanthine	C5H4N4O	OPEN	hmdb:HMDB0000157	kegg:C00262	chebi:17368	pubchem:790	cpd00226	OPEN	OPEN	OPEN
pydam	Pyridoxamine	C8H13N2O2	OPEN	OPEN	kegg:C00534	chebi:16410	pubchem:1052	OPEN	OPEN	term.pyridoxamine	Assimilation,Bioenergetics,Structure
pyam5p	Pyridoxamine 5-Phosphate	C8H12N2O5P	OPEN	OPEN	kegg:C00647	chebi:18335	pubchem:1053	OPEN	OPEN	OPEN	OPEN
3ityr_L	3-Iodo-L-Tyrosine	C9H10INO3	OPEN	OPEN	kegg:C02515	chebi:27847	pubchem:439744	OPEN	OPEN	OPEN	OPEN
iodine	Iodine	I2	OPEN	hmdb:HMDB0000675	kegg:C01382	chebi:17606	pubchem:807	OPEN	OPEN	term.iodine	Assimilation,Structure,Transport
35diotyr	3,5-Diiodo-L-Tyrosine	C9H9I2NO3	OPEN	OPEN	kegg:C01060	chebi:15768	pubchem:9305	OPEN	OPEN	OPEN	OPEN
tyr_L	L-Tyrosine	C9H11NO3	OPEN	hmdb:HMDB0000158	kegg:C00082	chebi:17895	pubchem:6057	cpd00069	OPEN	OPEN	OPEN
hs_deg5	Heparan Sulfate, Degradation Product 5	C67H97N4O86S10	OPEN	OPEN	OPEN	OPEN	OPEN	OPEN	OPEN	OPEN	OPEN
idour	L-Iduronate	C6H9O7	OPEN	OPEN	kegg:C06472	chebi:47903	pubchem:8704	OPEN	OPEN	OPEN	OPEN
hs_deg16	Heparan Sulfate, Degradation Product 16	C49H72N2O54S4	OPEN	OPEN	OPEN	OPEN	OPEN	OPEN	OPEN	OPEN	OPEN
hs_deg17	Heparan Sulfate, Degradation Product 17	C43H65N2O48S4	OPEN	OPEN	OPEN	OPEN	OPEN	OPEN	OPEN	OPEN	OPEN
hs_deg22	Idoa-Beta-1,4-GlcNac(3S)-Alpha-1,4-Glca-Beta-1,3-Gal-Beta-1,3-Gal-Beta-1,4-Xylose	C37H56NO35S	OPEN	OPEN	OPEN	OPEN	OPEN	OPEN	OPEN	OPEN	OPEN
hs_deg23	GlcNac(3S)-Alpha-1,4-Glca-Beta-1,3-Gal-Beta-1,3-Gal-Beta-1,4-Xylose	C31H49NO29S	OPEN	OPEN	OPEN	OPEN	OPEN	OPEN	OPEN	OPEN	OPEN
cs_b_deg3	Chondroitin Sulfate B / Dermatan Sulfate (Idoa2S-GalNac4S), Degradation Product 3	C37H55NO38S2	OPEN	OPEN	OPEN	OPEN	OPEN	OPEN	OPEN	OPEN	OPEN
ile_L	L-Isoleucine	C6H13NO2	OPEN	hmdb:HMDB0000172	kegg:C00407	chebi:17191	pubchem:6306	cpd00322	OPEN	OPEN	OPEN
itacon	Itaconic Acid	C5H4O4	OPEN	hmdb:HMDB0002092	kegg:C00490	chebi:30838	pubchem:811	OPEN	OPEN	OPEN	OPEN
f1p	D-Fructose 1-Phosphate	C6H11O9P	OPEN	OPEN	kegg:C01094	chebi:18105	pubchem:10400369	OPEN	fructose_galactose	OPEN	OPEN
xylu_D	D-Xylulose	C5H10O5	OPEN	hmdb:HMDB0001644	kegg:C00310	chebi:17140	pubchem:5289590	OPEN	OPEN	OPEN	OPEN
anth	Anthranilate	C7H6NO2	OPEN	hmdb:HMDB0001123	kegg:C00108	chebi:30754	pubchem:227	OPEN	OPEN	OPEN	OPEN
4aphdob	4-(2-Aminophenyl)-2,4-Dioxobutanoate	C10H8NO4	OPEN	hmdb:HMDB0000978	kegg:C01252	chebi:17442	pubchem:472	OPEN	OPEN	OPEN	OPEN
kynate	Kynurenic Acid	C10H6NO3	OPEN	hmdb:HMDB0000715	kegg:C01717	chebi:18344	pubchem:3845	OPEN	OPEN	OPEN	OPEN
lcts	Lactose	C12H22O11	OPEN	hmdb:HMDB0000186	kegg:C00243	chebi:36219	pubchem:84571	cpd00208	OPEN	term.lactose	Assimilation,Bioenergetics
lac_L	(S)-Lactate	C3H5O3	OPEN	hmdb:HMDB0000190	kegg:C00186	chebi:422	pubchem:107689	cpd00159	OPEN	OPEN	OPEN
3spyr	3-Sulfonatopyruvate	C3H2O6S	OPEN	hmdb:HMDB0004045	kegg:C05528	chebi:16894	pubchem:440717	OPEN	OPEN	OPEN	OPEN
leu_L	L-Leucine	C6H13NO2	OPEN	hmdb:HMDB0000687	kegg:C00123	chebi:15603	pubchem:6106	cpd00107	OPEN	OPEN	OPEN
nformanth	N-Formylanthranilate	C8H6NO3	OPEN	OPEN	kegg:C05653	chebi:36575	pubchem:101399	OPEN	OPEN	OPEN	OPEN
xyl_D	Aldehydo-D-Xylose	C5H10O5	OPEN	OPEN	kegg:C00181	chebi:15936	pubchem:644160	cpd00154	OPEN	OPEN	OPEN
cs_a_deg5	Chondroitin Sulfate A (GalNac4S-Glca), Degradation Product 5	C23H36O24S	OPEN	OPEN	OPEN	OPEN	OPEN	OPEN	OPEN	OPEN	OPEN
cs_c_deg5	Chondroitin Sulfate C (GalNac6S-Glca), Degradation Product 5	C23H36O24S	OPEN	OPEN	OPEN	OPEN	OPEN	OPEN	OPEN	OPEN	OPEN
cs_e_deg7	Chondroitin Sulfate E (GalNac4,6Dis-Glca), Degradation Product 7	C23H35O27S2	OPEN	OPEN	OPEN	OPEN	OPEN	OPEN	OPEN	OPEN	OPEN
lneldccrn	6Z,9Z-Octadecadienoylcarnitine	C25H45NO4	OPEN	OPEN	OPEN	OPEN	pubchem:53477834	OPEN	OPEN	OPEN	OPEN
lnlccrn	Linoleyl Carnitine	C25H45NO4	OPEN	OPEN	OPEN	OPEN	pubchem:6450015	OPEN	OPEN	OPEN	OPEN
lnlncacrn	Alpha-Linolenyl Carnitine	C25H43NO4	OPEN	OPEN	OPEN	OPEN	pubchem:53477821	OPEN	OPEN	OPEN	OPEN
lnlncgcrn	Gamma-Linolenoylcarnitine	C25H43NO4	OPEN	OPEN	OPEN	OPEN	pubchem:53477819	OPEN	OPEN	OPEN	OPEN
lanost	Lanosterol	C30H50O	OPEN	hmdb:HMDB0001251	kegg:C01724	chebi:16521	pubchem:246983	OPEN	cholesterol_biosynthesis	OPEN	OPEN
Ssq23epx	Squalene 2,3-Epoxide	C30H50O	OPEN	OPEN	kegg:C01054	chebi:15441	pubchem:53477723	OPEN	OPEN	OPEN	OPEN
g3pc	Glycerophosphocholine	C8H20NO6P	OPEN	hmdb:HMDB0000086	kegg:C00670	chebi:16870	pubchem:71920	OPEN	OPEN	OPEN	OPEN
thp2c	1-Piperideine-6-Carboxylate	C6H8NO2	OPEN	hmdb:HMDB0012130	kegg:C00450	chebi:49015	pubchem:165067	OPEN	OPEN	OPEN	OPEN
pd3	Previtamin D3	C27H44O	OPEN	hmdb:HMDB0006500	kegg:C07711	OPEN	pubchem:11199982	OPEN	OPEN	OPEN	OPEN
trp_L	L-Tryptophan	C11H12N2O2	OPEN	hmdb:HMDB0000929	kegg:C00078	chebi:16828	pubchem:6305	cpd00065	OPEN	OPEN	OPEN
trypta	Tryptamine	C10H13N2	OPEN	hmdb:HMDB0000303	kegg:C00398	chebi:16765	pubchem:1150	OPEN	OPEN	OPEN	OPEN
6a2ohxnt	6-Amino-2-Oxohexanoic Acid	C6H11NO3	OPEN	hmdb:HMDB0012151	kegg:C03239	chebi:17534	pubchem:439954	OPEN	OPEN	OPEN	OPEN
3mldz	1-Methylimidazole-4-Acetaldehyde	C6H8N2O	OPEN	OPEN	kegg:C05827	chebi:28104	pubchem:193545	OPEN	OPEN	OPEN	OPEN
normete_L	L-Normetanephrine	C9H14NO3	OPEN	hmdb:HMDB0000819	kegg:C05589	chebi:144308	pubchem:1237	OPEN	OPEN	OPEN	OPEN
3mgcoa	Trans-3-Methylglutaconyl Coenzyme A	C27H37N7O19P3S	OPEN	OPEN	kegg:C03231	chebi:15488	pubchem:5462214	OPEN	OPEN	OPEN	OPEN
mercplac	3-Mercaptolactate	C3H5O3S	OPEN	OPEN	kegg:C05823	chebi:28580	pubchem:160645	OPEN	OPEN	OPEN	OPEN
5mdru1p	5-Methylthio-5-Deoxy-D-Ribulose 1-Phosphate	C6H11O7PS	OPEN	OPEN	kegg:C04582	chebi:28096	pubchem:174549	OPEN	OPEN	OPEN	OPEN
mescon	Mesaconate	C5H4O4	OPEN	hmdb:HMDB0000749	kegg:C01732	chebi:16600	pubchem:638129	OPEN	OPEN	OPEN	OPEN
mescoa	Mesaconyl Coenzyme A	C26H35N7O19P3S	OPEN	OPEN	kegg:C06028	chebi:27969	pubchem:5280895	OPEN	OPEN	OPEN	OPEN
fna5moxam	Formyl-N-Acetyl-5-Methoxykynurenamine	C13H16N2O4	OPEN	hmdb:HMDB0004259	kegg:C05642	OPEN	pubchem:171161	OPEN	OPEN	OPEN	OPEN
6hoxmelatn	6-Hydroxymelatonin	C13H16N2O3	OPEN	hmdb:HMDB0004081	kegg:C05643	chebi:308079	pubchem:1864	OPEN	OPEN	OPEN	OPEN
mepi	Metanephrine	C10H16NO3	OPEN	hmdb:HMDB0004063	kegg:C05588	chebi:144365	pubchem:21100	OPEN	OPEN	OPEN	OPEN
mev_R	(R)-Mevalonate	C6H11O4	OPEN	hmdb:HMDB0000227	kegg:C00418	chebi:25351	pubchem:449	OPEN	OPEN	OPEN	OPEN
5pmev	(R)-5-Phosphonatomevalonate	C6H10O7P	OPEN	OPEN	kegg:C01107	chebi:17436	pubchem:439400	OPEN	OPEN	OPEN	OPEN
mhista	N(Tele)-Methylhistaminium	C6H12N3	OPEN	hmdb:HMDB0000898	kegg:C05127	chebi:29009	pubchem:3614	OPEN	OPEN	OPEN	OPEN
minohp	Myo-Inositol Hexakisphosphate	C6H6O24P6	OPEN	OPEN	kegg:C01204	chebi:17401	pubchem:890	OPEN	OPEN	OPEN	OPEN
mi1345p	1D-Myo-Inositol 1,3,4,5-Tetrakisphosphate	C6H8O18P4	OPEN	hmdb:HMDB0001059	kegg:C01272	chebi:16783	pubchem:107758	OPEN	OPEN	OPEN	OPEN
mi134p	1D-Myo-Inositol 1,3,4-Trisphosphate	C6H9O15P3	OPEN	OPEN	kegg:C01243	chebi:18228	pubchem:439455	OPEN	OPEN	OPEN	OPEN
mi13p	1D-Myo-Inositol 1,3-Bisphosphate	C6H10O12P2	OPEN	OPEN	kegg:C04062	chebi:18225	OPEN	OPEN	OPEN	OPEN	OPEN
mi34p	1D-Myo-Inositol 3,4-Bisphosphate	C6H10O12P2	OPEN	hmdb:HMDB0006235	kegg:C04063	chebi:28858	pubchem:440211	OPEN	OPEN	OPEN	OPEN
mi1p_D	1D-Myo-Inositol 1-Phosphate	C6H11O9P	OPEN	OPEN	kegg:C01177	chebi:18297	OPEN	OPEN	OPEN	OPEN	OPEN
mi145p	1D-Myo-Inositol 1,4,5-Trisphosphate	C6H9O15P3	OPEN	OPEN	kegg:C01245	chebi:16595	pubchem:439456	OPEN	OPEN	OPEN	OPEN
mi14p	(1R,2R,3R,4R,5R,6S)-2,3,5,6-Tetrahydroxy-4-(Phosphonatooxy)Cyclohexyl Phosphate	C6H10O12P2	OPEN	OPEN	kegg:C01220	chebi:17816	OPEN	OPEN	OPEN	OPEN	OPEN
mi4p_D	1D-Myo-Inositol 4-Phosphate	C6H11O9P	OPEN	OPEN	kegg:C03546	chebi:18384	OPEN	OPEN	OPEN	OPEN	OPEN
mi3p_D	1D-Myo-Inositol 3-Phosphate	C6H11O9P	OPEN	OPEN	kegg:C04006	chebi:18169	pubchem:440194	OPEN	OPEN	OPEN	OPEN
malttr	Maltotriose	C18H32O16	OPEN	hmdb:HMDB0001262	kegg:C01835	chebi:27931	pubchem:439586	cpd01262	OPEN	OPEN	OPEN
mmcoa_S	(S)-Methylmalonyl Coenzyme A	C25H35N7O19P3S	OPEN	OPEN	kegg:C00683	chebi:15466	pubchem:21252287	OPEN	OPEN	OPEN	OPEN
mmcoa_R	(R)-Methylmalonyl Coenzyme A	C25H35N7O19P3S	OPEN	OPEN	kegg:C01213	chebi:15465	pubchem:439291	OPEN	OPEN	OPEN	OPEN
5mta	5-Methylthioadenosine	C11H15N5O3S	OPEN	hmdb:HMDB0001173	kegg:C00170	chebi:17509	pubchem:439176	OPEN	OPEN	OPEN	OPEN
5mdr1p	5-Methylthio-5-Deoxy-D-Ribose 1-Phosphate	C6H11O7PS	OPEN	OPEN	kegg:C04188	OPEN	pubchem:53477720	OPEN	OPEN	OPEN	OPEN
methf	5,10-Methenyltetrahydrofolate	C20H20N7O6	OPEN	OPEN	kegg:C00445	chebi:15638	pubchem:644350	OPEN	OPEN	OPEN	OPEN
4aabutn	4-Acetamidobutanoate	C6H10NO3	OPEN	hmdb:HMDB0003681	kegg:C02946	chebi:17645	pubchem:18189	OPEN	OPEN	OPEN	OPEN
ksi_deg7	Keratan Sulfate I, Degradation Product 7	C210H337N15O181S10	OPEN	OPEN	OPEN	OPEN	OPEN	OPEN	OPEN	OPEN	OPEN
ksi_deg10	Keratan Sulfate I, Degradation Product 10	C188H302N13O163S9	OPEN	OPEN	OPEN	OPEN	OPEN	OPEN	OPEN	OPEN	OPEN
ksi_deg13	Keratan Sulfate I, Degradation Product 13	C174H280N12O150S8	OPEN	OPEN	OPEN	OPEN	OPEN	OPEN	OPEN	OPEN	OPEN
ksi_deg16	Keratan Sulfate I, Degradation Product 16	C160H258N11O137S7	OPEN	OPEN	OPEN	OPEN	OPEN	OPEN	OPEN	OPEN	OPEN
ksi_deg19	Keratan Sulfate I, Degradation Product 19	C146H236N10O124S6	OPEN	OPEN	OPEN	OPEN	OPEN	OPEN	OPEN	OPEN	OPEN
ksi_deg22	Keratan Sulfate I, Degradation Product 22	C132H214N9O111S5	OPEN	OPEN	OPEN	OPEN	OPEN	OPEN	OPEN	OPEN	OPEN
ksi_deg25	Keratan Sulfate I, Degradation Product 25	C118H192N8O98S4	OPEN	OPEN	OPEN	OPEN	OPEN	OPEN	OPEN	OPEN	OPEN
ksi_deg28	Keratan Sulfate I, Degradation Product 28	C104H170N7O85S3	OPEN	OPEN	OPEN	OPEN	OPEN	OPEN	OPEN	OPEN	OPEN
ksi_deg31	Keratan Sulfate I, Degradation Product 31	C90H148N6O72S2	OPEN	OPEN	OPEN	OPEN	OPEN	OPEN	OPEN	OPEN	OPEN
ksi_deg34	Keratan Sulfate I, Degradation Product 34	C76H126N5O59S1	OPEN	OPEN	OPEN	OPEN	OPEN	OPEN	OPEN	OPEN	OPEN
cs_a_deg1	Chondroitin Sulfate A (GalNac4S-Glca), Degradation Product 1	C45H68N2O43S2	OPEN	OPEN	OPEN	OPEN	OPEN	OPEN	OPEN	OPEN	OPEN
ksi_deg37	Keratan Sulfate I, Degradation Product 37	C62H104N4O46	OPEN	OPEN	OPEN	OPEN	OPEN	OPEN	OPEN	OPEN	OPEN
ksii_core2_deg4	Keratan Sulfate Ii (Core 2-Linked), Degradation Product 4	C58H95N5O43SX	OPEN	OPEN	OPEN	OPEN	OPEN	OPEN	OPEN	OPEN	OPEN
ksii_core2_deg7	Keratan Sulfate Ii (Core 2-Linked), Degradation Product 7	C44H73N4O30X	OPEN	OPEN	OPEN	OPEN	OPEN	OPEN	OPEN	OPEN	OPEN
ksii_core4_deg4	Keratan Sulfate Ii (Core 4-Linked), Degradation Product 4	C66H108N6O48SX	OPEN	OPEN	OPEN	OPEN	OPEN	OPEN	OPEN	OPEN	OPEN
cs_a_deg4	Chondroitin Sulfate A (GalNac4S-Glca), Degradation Product 4	C31H49NO29S	OPEN	OPEN	OPEN	OPEN	OPEN	OPEN	OPEN	OPEN	OPEN
cs_b_deg1	Chondroitin Sulfate B / Dermatan Sulfate (Idoa2S-GalNac4S), Degradation Product 1	C45H67N2O46S3	OPEN	OPEN	OPEN	OPEN	OPEN	OPEN	OPEN	OPEN	OPEN
cs_b_deg2	Chondroitin Sulfate B / Dermatan Sulfate (Idoa2S-GalNac4S), Degradation Product 2	C37H54NO41S3	OPEN	OPEN	OPEN	OPEN	OPEN	OPEN	OPEN	OPEN	OPEN
cs_c_deg1	Chondroitin Sulfate C (GalNac6S-Glca), Degradation Product 1	C45H68N2O43S2	OPEN	OPEN	OPEN	OPEN	OPEN	OPEN	OPEN	OPEN	OPEN
cs_c_deg4	Chondroitin Sulfate C (GalNac6S-Glca), Degradation Product 4	C31H49NO29S	OPEN	OPEN	OPEN	OPEN	OPEN	OPEN	OPEN	OPEN	OPEN
cs_d_deg1	Chondroitin Sulfate D (GlcNac6S-Glca2S), Degradation Product 1	C45H66N2O49S4	OPEN	OPEN	OPEN	OPEN	OPEN	OPEN	OPEN	OPEN	OPEN
cs_d_deg2	Chondroitin Sulfate D (GlcNac6S-Glca2S), Degradation Product 2	C37H53NO44S4	OPEN	OPEN	OPEN	OPEN	OPEN	OPEN	OPEN	OPEN	OPEN
cs_d_deg5	Chondroitin Sulfate D (GlcNac6S-Glca2S), Degradation Product 5	C31H48NO32S2	OPEN	OPEN	OPEN	OPEN	OPEN	OPEN	OPEN	OPEN	OPEN
cs_d_deg6	Chondroitin Sulfate D (GlcNac6S-Glca2S), Degradation Product 6	C23H35O27S2	OPEN	OPEN	OPEN	OPEN	OPEN	OPEN	OPEN	OPEN	OPEN
cs_e_deg2	Chondroitin Sulfate E (GalNac4,6Dis-Glca), Degradation Product 2	C45H66N2O49S4	OPEN	OPEN	OPEN	OPEN	OPEN	OPEN	OPEN	OPEN	OPEN
cs_e_deg6	Chondroitin Sulfate E (GalNac4,6Dis-Glca), Degradation Product 6	C31H48NO32S2	OPEN	OPEN	OPEN	OPEN	OPEN	OPEN	OPEN	OPEN	OPEN
nac	Nicotinate	C6H4NO2	OPEN	hmdb:HMDB0001488	kegg:C00253	chebi:15940	pubchem:938	cpd00218	OPEN	OPEN	OPEN
carn	Carnosine	C9H14N4O3	OPEN	hmdb:HMDB0000033	kegg:C00386	chebi:15727	pubchem:439224	OPEN	OPEN	term.carnosine	OPEN
nicrns	Nicotinate D-Ribonucleoside	C11H13NO6	OPEN	OPEN	kegg:C05841	OPEN	pubchem:161234	OPEN	OPEN	OPEN	OPEN
nicrnt	Nicotinate D-Ribonucleotide	C11H12NO9P	OPEN	OPEN	kegg:C01185	chebi:15763	pubchem:53477721	OPEN	OPEN	OPEN	OPEN
nmn	Nicotinamide Ribotide	C11H14N2O8P	OPEN	hmdb:HMDB0000229	kegg:C00455	chebi:16171	pubchem:14180	cpd00355	OPEN	OPEN	OPEN
prpp	5-Phospho-Alpha-D-Ribose 1-Diphosphate	C5H8O14P3	OPEN	OPEN	kegg:C00119	chebi:17111	pubchem:7339	OPEN	OPEN	OPEN	OPEN
nwharg	N-(Omega)-Hydroxyarginine	C6H15N4O3	OPEN	OPEN	kegg:C05933	chebi:7101	pubchem:440849	OPEN	OPEN	OPEN	OPEN
r1p	Alpha-D-Ribose 1-Phosphate	C5H9O8P	OPEN	OPEN	kegg:C00620	chebi:35425	pubchem:439236	OPEN	OPEN	OPEN	OPEN
sT_antigen	Sialyl-T Antigen	C25H40N2O18X	OPEN	OPEN	kegg:C04901	chebi:16565	OPEN	OPEN	OPEN	OPEN	OPEN
dimp	2-Deoxyinosine 5-Phosphate	C10H11N4O7P	OPEN	OPEN	kegg:C06196	chebi:28806	pubchem:91531	OPEN	OPEN	OPEN	OPEN
dtmp	Deoxythymidine-5'-Phosphate	C10H13N2O8P	OPEN	hmdb:HMDB0001227	kegg:C00364	chebi:17013	pubchem:9700	OPEN	OPEN	OPEN	OPEN
thymd	Thymidine	C10H14N2O5	OPEN	hmdb:HMDB0000273	kegg:C00214	chebi:17748	pubchem:5789	cpd00184	OPEN	OPEN	OPEN
xmp	Xanthylic Acid	C10H11N4O9P	OPEN	OPEN	kegg:C00655	chebi:15652	pubchem:73323	OPEN	OPEN	OPEN	OPEN
orot5p	Orotidine 5'-Phosphate	C10H10N2O11P	OPEN	OPEN	kegg:C01103	chebi:15842	pubchem:160617	OPEN	OPEN	OPEN	OPEN
xoltetrol	5Beta-Cholestane-3Alpha,7Alpha,12Alpha,26-Tetrol	C27H48O4	OPEN	hmdb:HMDB0001231	kegg:C05446	chebi:17278	pubchem:193321	OPEN	OPEN	OPEN	OPEN
thcholst	3Alpha,7Alpha,12Alpha-Trihydroxy-5Beta-Cholestan-26-Al	C27H46O4	OPEN	OPEN	kegg:C01301	chebi:48940	pubchem:439479	OPEN	OPEN	OPEN	OPEN
thcholstoic	3Alpha,7Alpha,12Alpha-Trihydroxy-5Beta-Cholestanoate	C27H45O5	OPEN	hmdb:HMDB0003873	kegg:C04722	chebi:48043	pubchem:23657849	OPEN	OPEN	OPEN	OPEN
xol7ah3	5Beta-Cholestane-3Alpha,7Alpha,26-Triol	C27H48O3	OPEN	hmdb:HMDB0012455	kegg:C05444	chebi:28540	pubchem:53481409	OPEN	OPEN	OPEN	OPEN
xol7ah2al	3Alpha,7Alpha-Dihydroxy-5Beta-Cholestan-26-Al	C27H46O3	OPEN	hmdb:HMDB0006894	kegg:C05445	chebi:27428	pubchem:53477906	OPEN	OPEN	OPEN	OPEN
xol27oh	27-Hydroxycholesterol	C27H46O2	OPEN	hmdb:HMDB0002103	kegg:C06340	chebi:387060	pubchem:123976	OPEN	OPEN	OPEN	OPEN
xol24oh	(24S)-24-Hydroxycholesterol	C27H46O2	OPEN	hmdb:HMDB0001419	kegg:C13550	chebi:34310	pubchem:121948	OPEN	OPEN	OPEN	OPEN
hnifedipine	Hydroxy Nifedipine	C17H18N2O7	OPEN	OPEN	OPEN	OPEN	OPEN	OPEN	OPEN	OPEN	OPEN
12harachd	12 Hydroxy Arachidonic Acid	C20H31O3	OPEN	hmdb:HMDB0006111	OPEN	OPEN	pubchem:5312983	OPEN	OPEN	OPEN	OPEN
wharachd	W-Hydroxyl Arachidonic Acid	C20H31O3	OPEN	OPEN	kegg:C14748	chebi:34306	pubchem:5283157	OPEN	OPEN	OPEN	OPEN
leuktrB4woh	W-Hydroxyl Leukotriene B4	C20H31O5	OPEN	hmdb:HMDB0001509	kegg:C04853	chebi:15646	pubchem:5280745	OPEN	OPEN	OPEN	OPEN
18harachd	18 Hydroxy Arachidonic Acid	C20H31O3	OPEN	hmdb:HMDB0006245	OPEN	OPEN	pubchem:11141754	OPEN	OPEN	OPEN	OPEN
leuktrB4wcooh	W-Carboxy Leukotriene B4	C20H28O6	OPEN	hmdb:HMDB0006059	kegg:C05950	chebi:27562	pubchem:5280877	OPEN	OPEN	OPEN	OPEN
20ahchsterol	20-Hydroxycholesterol	C27H46O2	OPEN	hmdb:HMDB0006283	kegg:C05500	chebi:1296	pubchem:440711	OPEN	OPEN	OPEN	OPEN
pro_L	L-Proline	C5H9NO2	OPEN	hmdb:HMDB0000162	kegg:C00148	chebi:17203	pubchem:145742	cpd00129	OPEN	OPEN	OPEN
pac	Phenylacetate	C8H7O2	OPEN	hmdb:HMDB0000209	kegg:C07086	chebi:30745	pubchem:999	OPEN	OPEN	OPEN	OPEN
phaccoa	Phenylacetyl Coenzyme A	C29H38N7O17P3S	OPEN	hmdb:HMDB0006503	kegg:C00582	chebi:15537	pubchem:165620	OPEN	OPEN	OPEN	OPEN
pail45p_hs	Phosphatidylinositol 4,5-Bisphosphate	C9H14O15P3FULLRCO2FULLR2CO2	OPEN	OPEN	kegg:C04637	chebi:28910	OPEN	OPEN	OPEN	OPEN	OPEN
pail4p_hs	1-Phosphatidyl-1D-Myo-Inositol 4-Phosphate	C9H15O12P2FULLRCO2FULLR2CO2	OPEN	OPEN	kegg:C01277	chebi:17526	OPEN	OPEN	OPEN	OPEN	OPEN
pan4p	Pantetheine 4-Phosphate	C11H21N2O7PS	OPEN	OPEN	kegg:C01134	chebi:16858	pubchem:987	OPEN	OPEN	OPEN	OPEN
ptth	Pantetheine	C11H22N2O4S	OPEN	hmdb:HMDB0001338	kegg:C00154	chebi:15525	pubchem:15667	OPEN	OPEN	OPEN	OPEN
am6sa	2-Aminomuconate 6-Semialdehyde	C6H7NO3	OPEN	hmdb:HMDB0001280	kegg:C03824	chebi:15745	pubchem:5280625	OPEN	OPEN	OPEN	OPEN
pcollg5hlys	Erythro-5-Hydroxy-L-Lysine	C6H14N2O3	OPEN	hmdb:HMDB0000450	kegg:C16741	chebi:18040	pubchem:3032849	OPEN	OPEN	OPEN	OPEN
pdx5p	Pyridoxine 5-Phosphate	C8H10NO6P	OPEN	OPEN	kegg:C00627	chebi:28803	pubchem:1055	OPEN	OPEN	OPEN	OPEN
pydx5p	Pyridoxal 5-Phosphate	C8H8NO6P	OPEN	hmdb:HMDB0001491	kegg:C00018	chebi:18405	pubchem:1051	OPEN	OPEN	term.pyridoxal_5_phosphate	Assimilation,Structure,Bioenergetics
pydxn	Pyridoxine	C8H11NO3	OPEN	hmdb:HMDB0000239	kegg:C00314	chebi:16709	pubchem:1054	OPEN	OPEN	term.pyridoxine	Assimilation,Bioenergetics,Structure,Defense
peamn	2-Phenylethanaminium	C8H12N	OPEN	OPEN	kegg:C05332	chebi:18397	pubchem:1001	OPEN	OPEN	OPEN	OPEN
pacald	Phenylacetaldehyde	C8H8O	OPEN	OPEN	kegg:C00601	chebi:16424	pubchem:998	OPEN	OPEN	OPEN	OPEN
3php	3-Phosphonatooxypyruvate	C3H2O7P	OPEN	OPEN	kegg:C03232	chebi:30933	pubchem:105	OPEN	OPEN	OPEN	OPEN
prostgh2	Prostaglandin H2	C20H31O5	OPEN	hmdb:HMDB0001381	kegg:C00427	chebi:15554	pubchem:445049	OPEN	OPEN	OPEN	OPEN
prostgi2	Prostaglandin I2	C20H31O5	OPEN	hmdb:HMDB0001335	kegg:C01312	chebi:15552	pubchem:5282411	OPEN	OPEN	OPEN	OPEN
pgp_hs	Phosphatidyl Glycerol Phosphate	C6H11O9P2FULLRCO2FULLR2CO2	OPEN	OPEN	OPEN	OPEN	OPEN	OPEN	OPEN	OPEN	OPEN
1p3h5c	L-1-Pyrroline-3-Hydroxy-5-Carboxylate	C5H6NO3	OPEN	OPEN	kegg:C04281	chebi:6151	pubchem:11966267	OPEN	OPEN	OPEN	OPEN
phe_L	L-Phenylalanine	C9H11NO2	OPEN	hmdb:HMDB0000159	kegg:C00079	chebi:17295	pubchem:6140	cpd00066	OPEN	OPEN	OPEN
phpyr	Keto-Phenylpyruvate	C9H7O3	OPEN	hmdb:HMDB0000205	kegg:C00166	chebi:30851	pubchem:997	OPEN	OPEN	OPEN	OPEN
thbpt4acam	4A-Hydroxytetrahydrobiopterin	C9H15N5O4	OPEN	hmdb:HMDB0002281	kegg:C15522	chebi:15374	pubchem:129803	OPEN	OPEN	OPEN	OPEN
pail345p_hs	1-Phosphatidyl-1D-Myo-Inositol 3,4,5-Trisphosphate	C9H13O18P4FULLRCO2FULLR2CO2	OPEN	OPEN	kegg:C05981	chebi:16618	OPEN	OPEN	OPEN	OPEN	OPEN
pail34p_hs	1-Phosphatidyl-1D-Myo-Inositol 3,4-Bisphosphate	C9H14O15P3FULLRCO2FULLR2CO2	OPEN	OPEN	kegg:C11554	chebi:16152	OPEN	OPEN	OPEN	OPEN	OPEN
pail3p_hs	1-Phosphatidyl-1D-Myo-Inositol 3-Phosphate	C9H15O12P2FULLRCO2FULLR2CO2	OPEN	OPEN	kegg:C04549	chebi:17283	OPEN	OPEN	OPEN	OPEN	OPEN
pail35p_hs	1-Phosphatidyl-1D-Myo-Inositol 3,5-Bisphosphate	C9H14O15P3FULLRCO2FULLR2CO2	OPEN	OPEN	kegg:C11556	OPEN	OPEN	OPEN	OPEN	OPEN	OPEN
pail5p_hs	1-Phosphatidyl-1D-Myo-Inositol 5-Phosphate	C9H15O12P2FULLRCO2FULLR2CO2	OPEN	OPEN	kegg:C11557	chebi:16500	OPEN	OPEN	OPEN	OPEN	OPEN
ppmi12346p	5-Diphosphoinositol Pentakisphosphate	C6H6O27P7	OPEN	OPEN	kegg:C11526	chebi:30164	OPEN	OPEN	OPEN	OPEN	OPEN
pnto_R	(R)-Pantothenate	C9H16NO5	OPEN	hmdb:HMDB0000210	kegg:C00864	chebi:7916	pubchem:988	cpd00644	OPEN	OPEN	OPEN
cysam	Cysteamine	C2H8NS	OPEN	hmdb:HMDB0002991	kegg:C01678	chebi:17141	pubchem:6058	OPEN	OPEN	OPEN	OPEN
pppi	Triphosphate	HO10P3	OPEN	hmdb:HMDB0003379	kegg:C00536	chebi:18036	pubchem:3440921	OPEN	OPEN	OPEN	OPEN
2hyoxplac	2-Hydroxyphenylacetate	C8H7O3	OPEN	hmdb:HMDB0000669	kegg:C05852	chebi:28478	pubchem:11970	OPEN	OPEN	OPEN	OPEN
pppg9	Protoporphyrinogen Ix	C34H38N4O4	OPEN	OPEN	kegg:C01079	chebi:15435	pubchem:121893	OPEN	OPEN	OPEN	OPEN
pram	5-Phospho-Beta-D-Ribosylamine	C5H11NO7P	OPEN	OPEN	kegg:C03090	chebi:37737	pubchem:439905	OPEN	OPEN	OPEN	OPEN
prgnlones	Pregnenolone Sulfate	C21H31O5S	OPEN	hmdb:HMDB0000774	kegg:C18044	chebi:35420	pubchem:20845972	OPEN	OPEN	OPEN	OPEN
3hpcoa	3-Hydroxypropanoyl Coenzyme A	C24H36N7O18P3S	OPEN	OPEN	kegg:C05668	chebi:27762	pubchem:440753	OPEN	OPEN	OPEN	OPEN
ptdcacrn	Pentadecanoylcarnitine	C22H43NO4	OPEN	OPEN	OPEN	OPEN	OPEN	OPEN	OPEN	OPEN	OPEN
ahdt	7,8-Dihydroneopterin 3-Triphosphate	C9H12N5O13P3	OPEN	OPEN	kegg:C04895	chebi:18372	pubchem:121885	OPEN	OPEN	OPEN	OPEN
6pthp	6-Pyruvoyl-5,6,7,8-Tetrahydropterin	C9H11N5O3	OPEN	OPEN	kegg:C03684	chebi:17804	pubchem:128973	OPEN	OPEN	OPEN	OPEN
4abutn	4-Aminobutanal	C4H10NO	OPEN	hmdb:HMDB0001080	kegg:C00555	chebi:17769	pubchem:118	OPEN	OPEN	OPEN	OPEN
pydx	Pyridoxal	C8H9NO3	OPEN	OPEN	kegg:C00250	chebi:17310	pubchem:1050	OPEN	OPEN	term.pyridoxal	Assimilation,Bioenergetics,Structure
quln	Quinolinic Acid	C7H3NO4	OPEN	hmdb:HMDB0000232	kegg:C03722	chebi:16675	pubchem:1066	OPEN	OPEN	OPEN	OPEN
retinal_cis_13	13-Cis-Retinal	C20H28O	OPEN	hmdb:HMDB0006220	OPEN	chebi:45487	pubchem:6436079	OPEN	OPEN	OPEN	OPEN
retinal_11_cis	11-Cis-Retinal	C20H28O	OPEN	hmdb:HMDB0002152	kegg:C02110	chebi:16066	pubchem:5280490	OPEN	OPEN	OPEN	OPEN
retinal_cis_9	All-Trans-Retinal	C20H28O	OPEN	OPEN	OPEN	OPEN	pubchem:638015	OPEN	OPEN	OPEN	OPEN
rbl_D	D-Ribulose	C5H10O5	OPEN	hmdb:HMDB0000621	kegg:C00309	chebi:17173	pubchem:151261	OPEN	OPEN	OPEN	OPEN
retinol_cis_13	13-Cis-Retinol	C20H30O	OPEN	OPEN	OPEN	OPEN	pubchem:9904001	OPEN	OPEN	OPEN	OPEN
rib_D	D-Ribose	C5H10O5	OPEN	hmdb:HMDB0000283	kegg:C00121	chebi:16988	pubchem:5779	cpd00105	OPEN	OPEN	OPEN
rnam	N-Ribosylnicotinamide	C11H15N2O5	OPEN	OPEN	kegg:C03150	chebi:15927	pubchem:439924	OPEN	OPEN	OPEN	OPEN
Rtotal3crn	R Total 3 Carnitine	CO2FULLR3C7H14NO2	OPEN	OPEN	OPEN	OPEN	OPEN	OPEN	OPEN	OPEN	OPEN
cs_d_pre5	Chondroitin Sulfate D (GlcNac6S-Glca2S), Precursor 5	C45H65N2O48S4X	OPEN	OPEN	OPEN	OPEN	OPEN	OPEN	OPEN	OPEN	OPEN
cs_b_pre5	Chondroitin Sulfate B (Idoa2S-GalNac4S), Precursor 5	C45H66N2O45S3X	OPEN	OPEN	OPEN	OPEN	OPEN	OPEN	OPEN	OPEN	OPEN
hs_pre12	Glcn2S-Idoa-Glcn2S-Glca2S-Glcn2S-Idoa2S-Glcn2S-Glca-GlcNac-Glca-Gal-Gal-Xyl-L-Ser (Protein)	C79H119N5O83S6X	OPEN	OPEN	OPEN	OPEN	OPEN	OPEN	OPEN	OPEN	OPEN
hs_pre13	Glcn2S-Idoa-Glcn2,6Dis-Glca2S-Glcn2,6Dis-Idoa2S-Glcn2,6Dis-Glca-GlcNac-Glca-Gal-Gal-Xyl-L-Ser (Protein)	C79H116N5O92S9X	OPEN	OPEN	OPEN	OPEN	OPEN	OPEN	OPEN	OPEN	OPEN
hs_pre14	Heparan Sulfate, Precursor 14	C79H115N5O95S10X	OPEN	OPEN	OPEN	OPEN	OPEN	OPEN	OPEN	OPEN	OPEN
hs_pre15	Heparan Sulfate, Precursor 15	C79H114N5O98S11X	OPEN	OPEN	OPEN	OPEN	OPEN	OPEN	OPEN	OPEN	OPEN
hs_deg11	Heparan Sulfate, Degradation Product 11	C55H81N3O67S7	OPEN	OPEN	OPEN	OPEN	OPEN	OPEN	OPEN	OPEN	OPEN
cs_e_pre5a	Chondroitin Sulfate E (GalNac4,6Dis-Glca), Precursor 5A	C45H64N2O51S5X	OPEN	OPEN	OPEN	OPEN	OPEN	OPEN	OPEN	OPEN	OPEN
cs_e_pre5b	Chondroitin Sulfate E (GalNac4,6Dis-Glca), Precursor 5B	C45H64N2O51S5X	OPEN	OPEN	OPEN	OPEN	OPEN	OPEN	OPEN	OPEN	OPEN
cs_e_deg1	Chondroitin Sulfate E (GalNac4,6Dis-Glca), Degradation Product 1	C45H65N2O52S5	OPEN	OPEN	OPEN	OPEN	OPEN	OPEN	OPEN	OPEN	OPEN
cs_e_deg5	Chondroitin Sulfate E (GalNac4,6Dis-Glca), Degradation Product 5	C31H47NO35S3	OPEN	OPEN	OPEN	OPEN	OPEN	OPEN	OPEN	OPEN	OPEN
ksi_deg4	Keratan Sulfate I, Degradation Product 4	C222H355N15O197S12	OPEN	OPEN	OPEN	OPEN	OPEN	OPEN	OPEN	OPEN	OPEN
ksii_core2_deg1	Keratan Sulfate Ii (Core 2-Linked), Degradation Product 1	C70H113N5O59S3X	OPEN	OPEN	OPEN	OPEN	OPEN	OPEN	OPEN	OPEN	OPEN
ksii_core4_deg1	Keratan Sulfate Ii (Core 4-Linked), Degradation Product 1	C78H126N6O64S3X	OPEN	OPEN	OPEN	OPEN	OPEN	OPEN	OPEN	OPEN	OPEN
saccrp_L	L-Saccharopinate	C11H19N2O6	OPEN	OPEN	kegg:C00449	chebi:16927	pubchem:160556	OPEN	OPEN	OPEN	OPEN
sbt_D	D-Sorbitol	C6H14O6	OPEN	hmdb:HMDB0000247	kegg:C00794	chebi:17924	pubchem:5780	OPEN	OPEN	OPEN	OPEN
selmeth	Selenomethionine	C5H11NO2Se	OPEN	hmdb:HMDB0003966	kegg:C05335	chebi:27585	pubchem:15103	OPEN	OPEN	OPEN	OPEN
acngalgbside_hs	Sialyl Galactosylgloboside	C61H105N3O35FULLRCO	OPEN	OPEN	OPEN	OPEN	OPEN	OPEN	OPEN	OPEN	OPEN
sphmyln_hs	Sphingomyelin	C23H48N2O5PFULLRCO	OPEN	OPEN	OPEN	OPEN	OPEN	OPEN	OPEN	term.sphingomyelin	OPEN
spmd	Spermidine	C7H22N3	OPEN	hmdb:HMDB0001257	kegg:C00315	chebi:16610	pubchem:1102	cpd00264	OPEN	OPEN	OPEN
sql	Squalene	C30H50	OPEN	OPEN	kegg:C00751	chebi:15440	pubchem:11975273	OPEN	cholesterol_biosynthesis	OPEN	OPEN
gm1b_hs	Gm1B	C55H95N3O30FULLRCO	OPEN	OPEN	kegg:G00125	OPEN	OPEN	OPEN	OPEN	OPEN	OPEN
gd1a_hs	N-Acetylneuraminosyl-D-Galactosyl-N-Acetyl-D-Galactosaminyl-(N-Acetylneuraminosyl)-D-Galactosyl-D-Glucosylceramide Dianion	C66H111N4O38FULLRCO	OPEN	OPEN	kegg:C04927	chebi:18163	OPEN	OPEN	OPEN	OPEN	OPEN
gt1b_hs	Gt1B	C77H127N5O46FULLRCO	OPEN	OPEN	kegg:C06140	chebi:28058	OPEN	OPEN	OPEN	OPEN	OPEN
gt1alpha_hs	Gt1Aalpha	C77H127N5O46FULLRCO	OPEN	OPEN	kegg:G00128	OPEN	OPEN	OPEN	OPEN	OPEN	OPEN
gq1c_hs	Gq1C	C88H143N6O54FULLRCO	OPEN	OPEN	kegg:G00121	OPEN	OPEN	OPEN	OPEN	OPEN	OPEN
strdnccrn	6Z,9Z,12Z,15Z-Octadecatetraenoylcarnitine	C25H41NO4	OPEN	OPEN	OPEN	OPEN	pubchem:53477835	OPEN	OPEN	OPEN	OPEN
sucr	Sucrose	C12H22O11	OPEN	hmdb:HMDB0000258	kegg:C00089	chebi:17992	pubchem:5988	cpd00076	OPEN	term.sucrose	Assimilation,Bioenergetics
thmpp	Thiamine Diphosphate	C12H16N4O7P2S	OPEN	hmdb:HMDB0001372	kegg:C00068	chebi:9532	pubchem:1132	OPEN	OPEN	OPEN	OPEN
tetpent3crn	9Z,12Z,15Z,18Z,21Z-Tetracosapentaenoylcarnitine	C31H51NO4	OPEN	OPEN	OPEN	OPEN	OPEN	OPEN	OPEN	OPEN	OPEN
tetpent6crn	6Z,9Z,12Z,15Z,18Z-Tetracosapentaenoylcarnitine	C31H51NO4	OPEN	OPEN	OPEN	OPEN	OPEN	OPEN	OPEN	OPEN	OPEN
tettet6crn	9Z,12Z,15Z,18Z-Tetracosatetraenoylcarnitine	C31H53NO4	OPEN	OPEN	OPEN	OPEN	OPEN	OPEN	OPEN	OPEN	OPEN
thm	Thiamin	C12H17N4OS	OPEN	hmdb:HMDB0000235	kegg:C00378	chebi:18385	pubchem:1130	cpd00305	OPEN	term.thiamin	Assimilation,Bioenergetics,Structure
tmlys	N6,N6,N6-Trimethyl-L-Lysine	C9H20N2O2	OPEN	hmdb:HMDB0001325	kegg:C03793	chebi:17311	pubchem:440120	OPEN	OPEN	OPEN	OPEN
tmndnccrn	5Z,8Z,11Z,14Z,17Z-Eicosapentaenoylcarnitine	C27H43NO4	OPEN	OPEN	OPEN	OPEN	OPEN	OPEN	OPEN	OPEN	OPEN
trdrd	Reduced Thioredoxin	XH2	OPEN	OPEN	kegg:C00342	chebi:15967	OPEN	OPEN	OPEN	OPEN	OPEN
trdox	Oxidized Thioredoxin	X	OPEN	OPEN	kegg:C00343	chebi:18191	OPEN	OPEN	OPEN	OPEN	OPEN
tre	Trehalose	C12H22O11	OPEN	hmdb:HMDB0000975	kegg:C01083	chebi:16551	pubchem:7427	cpd00794	OPEN	OPEN	OPEN
ts3	Tachysterol 3	C27H44O	OPEN	hmdb:HMDB0006560	OPEN	OPEN	pubchem:5283713	OPEN	OPEN	OPEN	OPEN
ttdcrn	Tetradecenoylcarnitine(5)	C21H41NO4	OPEN	OPEN	OPEN	OPEN	pubchem:53477791	OPEN	OPEN	OPEN	OPEN
tym	Tyramine	C8H12NO	OPEN	hmdb:HMDB0000306	kegg:C00483	chebi:15760	pubchem:5610	OPEN	OPEN	term.tyramine	OPEN
udpxyl	Uridine-5'-Diphosphate-Alpha-D-Xylose	C14H20N2O16P2	OPEN	OPEN	kegg:C00190	chebi:16082	pubchem:439179	OPEN	OPEN	OPEN	OPEN
ahandrostan	3Alpha-Hydroxy-5Beta-Androstan-17-One	C19H30O2	OPEN	hmdb:HMDB0000490	kegg:C04373	chebi:28195	pubchem:5880	OPEN	OPEN	OPEN	OPEN
val_L	L-Valine	C5H11NO2	OPEN	hmdb:HMDB0000883	kegg:C00183	chebi:16414	pubchem:6287	cpd00156	OPEN	OPEN	OPEN
xu5p_D	D-Xylulose 5-Phosphate	C5H9O8P	OPEN	OPEN	kegg:C00231	chebi:16332	pubchem:439190	OPEN	OPEN	OPEN	OPEN
dha	Glycerone	C3H6O3	OPEN	OPEN	kegg:C00184	chebi:16016	pubchem:670	OPEN	OPEN	OPEN	OPEN
isomal	Isomaltose,  Brachiose	C12H22O11	OPEN	OPEN	kegg:C00252	OPEN	OPEN	OPEN	OPEN	OPEN	OPEN
HC00250	Hydrosulfide	HS	OPEN	OPEN	kegg:C00283	chebi:16136	pubchem:402	OPEN	OPEN	OPEN	OPEN
HC01104	4-Nitrophenyl-Phosphate	C6H4NO6P	OPEN	OPEN	kegg:C03360	chebi:17440	pubchem:378	OPEN	OPEN	OPEN	OPEN
HC01361	Dihydroneopterin	C9H13N5O4	OPEN	OPEN	kegg:C04874	chebi:17001	pubchem:65074	OPEN	OPEN	OPEN	OPEN
HC01440	3-Keto-Beta-D-Galactose	C6H10O6	OPEN	OPEN	kegg:C05394	chebi:27453	pubchem:440653	OPEN	OPEN	OPEN	OPEN
HC01441	Lactose-6P	C12H21O14P	OPEN	OPEN	kegg:C05396	OPEN	OPEN	OPEN	OPEN	OPEN	OPEN
HC01444	Galactosylglycerol	C9H18O8	OPEN	OPEN	kegg:C05401	chebi:15754	pubchem:16048618	OPEN	OPEN	OPEN	OPEN
HC01446	3-Ketolactose	C12H20O11	OPEN	OPEN	kegg:C05403	OPEN	OPEN	OPEN	OPEN	OPEN	OPEN
HC01577	Gamma-Glutamyl-Beta-Cyanoalanine	C9H12N3O5	OPEN	hmdb:HMDB0060478	kegg:C05711	chebi:10565	pubchem:53297342	OPEN	OPEN	OPEN	OPEN
HC01609	Uroporphyrinogeni	C40H36N4O16	OPEN	OPEN	kegg:C05766	chebi:28766	pubchem:440775	OPEN	OPEN	OPEN	OPEN
cpppg1	Coproporphyrinogen I	C36H40N4O8	OPEN	hmdb:HMDB0002158	kegg:C05768	chebi:28607	pubchem:440776	OPEN	OPEN	OPEN	OPEN
HC01700	Gamma-Glutamyl-3-Aminopropiononitrile	C8H13N3O3	OPEN	OPEN	kegg:C06114	OPEN	OPEN	OPEN	OPEN	OPEN	OPEN
HC02160	Gm2-Pool	X	OPEN	hmdb:HMDB0004936	kegg:C04884	chebi:51013	pubchem:20057332	OPEN	OPEN	OPEN	OPEN
HC02161	Gm1-Pool	X	OPEN	hmdb:HMDB0000117	kegg:C04911	chebi:18216	OPEN	OPEN	OPEN	OPEN	OPEN
HC00822	Chitobiose	C16H28N2O11	OPEN	OPEN	kegg:C01674	OPEN	pubchem:439544	OPEN	OPEN	OPEN	OPEN
HC00617	Ferricytochrome B5	X	OPEN	OPEN	kegg:C00996	chebi:18097	OPEN	OPEN	OPEN	OPEN	OPEN
HC00619	Ferrocytochrome B5	X	OPEN	OPEN	kegg:C00999	OPEN	OPEN	OPEN	OPEN	OPEN	OPEN
HC01672	Acetyl Adenylate	C12H15N5O8P	OPEN	OPEN	kegg:C05993	chebi:37666	pubchem:440867	OPEN	OPEN	OPEN	OPEN
HC01434	Oxalosuccinate	C6H3O7	OPEN	OPEN	kegg:C05379	chebi:7815	pubchem:972	OPEN	OPEN	OPEN	OPEN
HC00591	2-Oxoglutaramate	C5H6NO4	OPEN	OPEN	kegg:C00940	chebi:30882	pubchem:48	OPEN	OPEN	OPEN	OPEN
HC01118	Presqualene Diphosphate	C30H49O7P2	OPEN	OPEN	kegg:C03428	chebi:15442	OPEN	OPEN	OPEN	OPEN	OPEN
fdp	D-Fructose 1,6-Bisphosphate	C6H10O12P2	OPEN	OPEN	kegg:C00354	chebi:16905	pubchem:172313	OPEN	OPEN	OPEN	OPEN
HC01496	2-Amino-3-Oxoadipate	C6H8NO5	OPEN	OPEN	kegg:C05520	OPEN	pubchem:440714	OPEN	OPEN	OPEN	OPEN
HC01668	Propinol Adenylate	C13H17N5O8P	OPEN	OPEN	kegg:C05983	OPEN	OPEN	OPEN	OPEN	OPEN	OPEN
r5p	Alpha-D-Ribose 5-Phosphate	C5H9O8P	OPEN	OPEN	kegg:C00117	chebi:17797	pubchem:440101	OPEN	pentose_phosphate	OPEN	OPEN
HC01408	3-Oxo-Hexanoyl Coenzyme A	C27H40N7O18P3S	OPEN	OPEN	kegg:C05269	chebi:27648	pubchem:3082152	OPEN	OPEN	OPEN	OPEN
HC00342	Cis-Aconitate	C6H3O6	OPEN	OPEN	kegg:C00417	chebi:32805	pubchem:309	OPEN	OPEN	OPEN	OPEN
HC00682	S-Acetyldihydrolipoamide	C10H19NO2S2	OPEN	OPEN	kegg:C01136	chebi:16807	pubchem:1076	OPEN	OPEN	OPEN	OPEN
2mpdhl	S-(2-Methylpropanoyl)-Dihydrolipoamide	C12H23NO2S2	OPEN	OPEN	kegg:C04424	chebi:17577	pubchem:11953835	OPEN	OPEN	OPEN	OPEN
HC01377	S-(3-Methylbutanoyl)-Dihydrolipoamide	C13H25NO2S2	OPEN	OPEN	kegg:C05119	chebi:27462	pubchem:440566	OPEN	OPEN	OPEN	OPEN
HC01254	6-Lactoyl-5,6,7,8-Tetrahydropterin	C9H13N5O3	OPEN	OPEN	kegg:C04244	chebi:17248	pubchem:169508	OPEN	OPEN	OPEN	OPEN
e4p	D-Erythrose 4-Phosphate	C4H7O7P	OPEN	OPEN	kegg:C00279	chebi:48153	pubchem:122357	OPEN	pentose_phosphate	OPEN	OPEN
HC00361	Sedoheptulose 1,7-Bisphosphate	C7H12O13P2	OPEN	OPEN	kegg:C00447	chebi:17969	pubchem:164735	OPEN	OPEN	OPEN	OPEN
s7p	Sedoheptulose 7-Phosphate	C7H13O10P	OPEN	OPEN	kegg:C05382	chebi:15721	pubchem:22833559	OPEN	pentose_phosphate	OPEN	OPEN
HC10859	Malonyl-Carnitin	C10H17NO6	OPEN	hmdb:HMDB0002095	OPEN	OPEN	pubchem:22833583	OPEN	OPEN	OPEN	OPEN
HC01712	S-Glutaryldihydrolipoamide	C13H22NO4S2	OPEN	OPEN	kegg:C06157	chebi:28391	pubchem:11953879	OPEN	OPEN	OPEN	OPEN
HC00576	Homocarnosine	C10H15N4O3	OPEN	OPEN	kegg:C00884	OPEN	OPEN	OPEN	OPEN	OPEN	OPEN
HC00718	N-Methylethanolaminium Phosphate	C3H9NO4P	OPEN	OPEN	kegg:C01210	chebi:16463	pubchem:439436	OPEN	OPEN	OPEN	OPEN
hxdcal	Hexadecanal	C16H32O	OPEN	OPEN	kegg:C00517	chebi:17600	pubchem:984	OPEN	OPEN	OPEN	OPEN
HC01522	Gentisate Aldehyde	C7H6O3	OPEN	OPEN	kegg:C05585	OPEN	pubchem:70949	OPEN	OPEN	OPEN	OPEN
HC00460	2,5-Dihydroxybenzoate	C7H5O4	OPEN	hmdb:HMDB0000152	kegg:C00628	chebi:17189	pubchem:3469	OPEN	OPEN	OPEN	OPEN
HC00900	Methylmalonate	C4H4O4	OPEN	hmdb:HMDB0000202	kegg:C02170	chebi:30860	pubchem:487	OPEN	OPEN	OPEN	OPEN
HC01501	Thiosulfate	HO3S2	OPEN	OPEN	kegg:C00320	chebi:16094	pubchem:24478	OPEN	OPEN	OPEN	OPEN
HC01376	S-(2-Methylbutanoyl)-Dihydrolipoamide	C13H25NO2S2	OPEN	OPEN	kegg:C05118	chebi:28692	pubchem:440565	OPEN	OPEN	OPEN	OPEN
HC00664	D-Tagatofuranose 6-Phosphate	C6H11O9P	OPEN	OPEN	kegg:C01097	chebi:4251	pubchem:439396	OPEN	OPEN	OPEN	OPEN
HC01180	D-Tagatofuranose 1,6-Bisphosphate	C6H10O12P2	OPEN	OPEN	kegg:C03785	chebi:4250	pubchem:440117	OPEN	OPEN	OPEN	OPEN
4hpro_LT	Trans-4-Hydroxy-L-Proline	C5H9NO3	OPEN	hmdb:HMDB0000725	kegg:C01157	chebi:18095	pubchem:5810	OPEN	OPEN	OPEN	OPEN
HC01415	(2E)-Octenoyl Coenzyme A	C29H44N7O17P3S	OPEN	OPEN	kegg:C05276	chebi:27537	pubchem:46173358	OPEN	OPEN	OPEN	OPEN
c8crn	Octanoyl Carnitine	C15H29NO4	OPEN	hmdb:HMDB0000791	kegg:C02838	chebi:18102	pubchem:11953814	OPEN	OPEN	OPEN	OPEN
C02470	Xanthurenic Acid	C10H6NO4	OPEN	hmdb:HMDB0000881	kegg:C02470	chebi:217069	pubchem:5699	OPEN	OPEN	OPEN	OPEN
HC00955	L-3-Cyanoalanine	C4H5N2O2	OPEN	OPEN	kegg:C02512	chebi:16934	pubchem:439742	OPEN	OPEN	OPEN	OPEN
C02528	Chenodeoxycholate	C24H39O4	OPEN	hmdb:HMDB0000518	kegg:C02528	chebi:16755	pubchem:10133	OPEN	OPEN	OPEN	OPEN
HC01412	(2E)-Tetradecenoyl Coenzyme A	C35H56N7O17P3S	OPEN	OPEN	kegg:C05273	chebi:27721	OPEN	OPEN	OPEN	OPEN	OPEN
3hddcoa	(S)-3-Hydroxydodecanoyl Coenzyme A	C33H54N7O18P3S	OPEN	OPEN	kegg:C05262	chebi:27668	pubchem:440603	OPEN	OPEN	OPEN	OPEN
fpram	2-(Formamido)-N1-(5-Phospho-D-Ribosyl)Acetamidine	C8H15N3O8P	OPEN	OPEN	kegg:C04640	chebi:18413	OPEN	OPEN	OPEN	OPEN	OPEN
HC01223	3-Hydroxyisobutyryl Coenzyme A	C25H38N7O18P3S	OPEN	OPEN	kegg:C04047	chebi:15481	pubchem:45259165	OPEN	OPEN	OPEN	OPEN
4ppcys	N-((R)-4-Phosphopantothenoyl)-L-Cysteine	C12H20N2O9PS	OPEN	OPEN	kegg:C04352	chebi:15769	pubchem:440304	OPEN	OPEN	OPEN	OPEN
HC01397	3S-Hydroxyhexadecanoyl Coenzyme A	C37H62N7O18P3S	OPEN	OPEN	kegg:C05258	chebi:27402	pubchem:11966179	OPEN	OPEN	OPEN	OPEN
3htdcoa	(S)-3-Hydroxytetradecanoyl Coenzyme A	C35H58N7O18P3S	OPEN	OPEN	kegg:C05260	chebi:27466	pubchem:46173488	OPEN	OPEN	OPEN	OPEN
3hdcoa	(S)-3-Hydroxydecanoyl Coenzyme A	C31H50N7O18P3S	OPEN	OPEN	kegg:C05264	chebi:28325	pubchem:11966158	OPEN	OPEN	OPEN	OPEN
dc2coa	Trans-Dec-2-Enoyl Coenzyme A	C31H48N7O17P3S	OPEN	OPEN	kegg:C05275	chebi:10723	pubchem:24883423	OPEN	OPEN	OPEN	OPEN
HC01405	3S-Hydroxy-Octanoyl Coenzyme A	C29H46N7O18P3S	OPEN	OPEN	kegg:C05266	chebi:28632	pubchem:11966216	OPEN	OPEN	OPEN	OPEN
HC01406	3-Oxo-Octanoyl Coenzyme A	C29H44N7O18P3S	OPEN	OPEN	kegg:C05267	chebi:28264	pubchem:11966162	OPEN	OPEN	OPEN	OPEN
hxcoa	Hexanoyl Coenzyme A (N-C6:0Coenzyme A)	C27H42N7O17P3S	OPEN	hmdb:HMDB0002845	kegg:C05270	chebi:27540	pubchem:440611	OPEN	OPEN	OPEN	OPEN
HC01407	3S-Hydroxy-Hexanoyl Coenzyme A	C27H42N7O18P3S	OPEN	OPEN	kegg:C05268	chebi:28276	pubchem:11966160	OPEN	OPEN	OPEN	OPEN
hx2coa	Trans-Hex-2-Enoyl Coenzyme A	C27H40N7O17P3S	OPEN	OPEN	kegg:C05271	chebi:28706	pubchem:5280765	OPEN	OPEN	OPEN	OPEN
HC01459	(24R,25R)-3Alpha,7Alpha,12Alpha,24-Tetrahydroxy-5Beta-Cholestan-26-Oyl Coenzyme A	C48H76N7O21P3S	OPEN	OPEN	kegg:C05450	chebi:52050	pubchem:46224537	OPEN	OPEN	OPEN	OPEN
HC02228	Hexadecenal	C16H30O	OPEN	OPEN	kegg:C06123	OPEN	OPEN	OPEN	OPEN	OPEN	OPEN
HC01842	Phosphodimethylethanolamine	C4H10NO4P	OPEN	OPEN	kegg:C13482	chebi:31997	pubchem:151438	OPEN	OPEN	OPEN	OPEN
HC00004	Apoa1	X	OPEN	OPEN	OPEN	OPEN	OPEN	OPEN	OPEN	OPEN	OPEN
HC00319	Malonate	C3H2O4	OPEN	hmdb:HMDB0000691	kegg:C00383	chebi:30794	pubchem:867	OPEN	OPEN	OPEN	OPEN
HC02110	4Alpha-Methylzymosterol	C28H46O	OPEN	OPEN	kegg:C05103	OPEN	pubchem:22212495	OPEN	OPEN	OPEN	OPEN
HC02020	Cholest-5-En-3Beta-Yl Hexadecanoate	C43H76O2	OPEN	OPEN	kegg:C11251	chebi:3663	pubchem:246520	OPEN	OPEN	OPEN	OPEN
HC02021	Cholest-5-En-3Beta-Yl (9Z-Hexadecenoate)	C43H74O2	OPEN	OPEN	OPEN	OPEN	OPEN	OPEN	OPEN	OPEN	OPEN
HC02022	Cholest-5-En-3Beta-Yl Octadecanoate	C45H80O2	OPEN	OPEN	OPEN	OPEN	OPEN	OPEN	OPEN	OPEN	OPEN
HC02023	Cholest-5-En-3B-Yl (9Z-Octadecenoate)	C45H78O2	OPEN	OPEN	OPEN	chebi:46898	pubchem:644119	OPEN	OPEN	OPEN	OPEN
HC02024	Cholest-5-En-3Beta-Yl (9Z,12Z-Octadecadienoate)	C45H76O2	OPEN	OPEN	OPEN	chebi:41509	pubchem:92819	OPEN	OPEN	OPEN	OPEN
HC02025	Cholest-5-En-3Beta-Yl (9Z,12Z,15Z-Octadecatrienoate)	C45H74O2	OPEN	OPEN	OPEN	OPEN	OPEN	OPEN	OPEN	OPEN	OPEN
HC02026	Cholesterol-Ester-Gamma-Lin	C45H74O2	OPEN	OPEN	OPEN	OPEN	OPEN	OPEN	OPEN	OPEN	OPEN
HC02027	Cholest-5-En-3Beta-Yl (5Z,8Z,11Z,14Z-Eicosatetraenoate)	C47H76O2	OPEN	OPEN	OPEN	OPEN	OPEN	OPEN	OPEN	OPEN	OPEN
HC02121	Hydroxymethylglutathione	C11H18N3O7S	OPEN	OPEN	kegg:C14180	chebi:48926	pubchem:447123	OPEN	OPEN	OPEN	OPEN
xtsn	Xanthosine	C10H12N4O6	OPEN	hmdb:HMDB0000299	kegg:C01762	chebi:18107	pubchem:64959	cpd01217	OPEN	OPEN	OPEN
HC02136	Glycogenin-G7G1	C48H81O41X	OPEN	OPEN	OPEN	OPEN	OPEN	OPEN	OPEN	OPEN	OPEN
HC10856	Trans,Cis-Octadeca-2,9-Dienoyl Coenzyme A	C39H62N7O17P3S	OPEN	OPEN	OPEN	OPEN	OPEN	OPEN	OPEN	OPEN	OPEN
HC10857	(S)-3-Hydroxyoleyleoyl Coenzyme A	C39H64N7O18P3S	OPEN	OPEN	OPEN	OPEN	OPEN	OPEN	OPEN	OPEN	OPEN
HC10858	3-Oxooleoyl Coenzyme A	C39H62N7O18P3S	OPEN	OPEN	OPEN	OPEN	OPEN	OPEN	OPEN	OPEN	OPEN
HC02192	Taurolithocholate	C26H44NO5S	OPEN	hmdb:HMDB0000722	kegg:C02592	chebi:36259	pubchem:53477716	OPEN	OPEN	OPEN	OPEN
HC02193	Glycolithocholate	C26H42NO4	OPEN	OPEN	kegg:C15557	chebi:37998	pubchem:115245	OPEN	OPEN	OPEN	OPEN
HC02195	Tauroursodeoxycholate	C26H45NO6S	OPEN	OPEN	OPEN	OPEN	OPEN	OPEN	OPEN	OPEN	OPEN
HC02196	Glycoursodeoxycholate	C26H43NO5	OPEN	OPEN	OPEN	OPEN	OPEN	OPEN	OPEN	OPEN	OPEN
HC02220	Sulfochenodeoxycholate	C24H38O7S	OPEN	OPEN	OPEN	OPEN	OPEN	OPEN	OPEN	OPEN	OPEN
dca	Decanoate (N-C10:0)	C10H19O2	OPEN	hmdb:HMDB0000511	kegg:C01571	chebi:30813	pubchem:2969	OPEN	OPEN	OPEN	OPEN
HC02199	Glutathionyl-Leuc4	X	OPEN	OPEN	OPEN	OPEN	OPEN	OPEN	OPEN	OPEN	OPEN
HC02200	1-(S-Glutathionyl)-2,4-Dinitrobenzene	C16H17N5O10S	OPEN	OPEN	OPEN	OPEN	OPEN	OPEN	OPEN	OPEN	OPEN
HC02201	S-Glutathionyl-Ethacrynic-Acid	C23H25Cl2N3O9S	OPEN	OPEN	OPEN	OPEN	OPEN	OPEN	OPEN	OPEN	OPEN
zn2	Zinc	Zn	OPEN	hmdb:HMDB0001303	kegg:C00038	chebi:29105	pubchem:32051	cpd00034	OPEN	term.zinc	Assimilation,Structure,Transport
HC02191	Lithocholate	C24H39O3	OPEN	hmdb:HMDB0000761	kegg:C03990	chebi:16325	pubchem:11740284	OPEN	OPEN	OPEN	OPEN
HC02194	Ursodeoxycholate	C24H39O4	OPEN	OPEN	OPEN	chebi:9907	OPEN	OPEN	OPEN	OPEN	OPEN
HC02197	Sulfoglycolithocholate	C26H41NO7S	OPEN	OPEN	kegg:C11301	OPEN	pubchem:72222	OPEN	OPEN	OPEN	OPEN
HC02198	Sulfotaurolithocholate	C26H43NO8S2	OPEN	OPEN	kegg:C03642	chebi:17864	pubchem:440071	OPEN	OPEN	OPEN	OPEN
HC02187	3,3',5'-Triiodothyronine	C15H12I3NO4	OPEN	OPEN	kegg:C07639	chebi:28774	pubchem:22069	OPEN	OPEN	OPEN	OPEN
HC02180	9S,11,15S-Trihydroxy-Thromboxa-5Z,13E-Dien-1-Oic Acid	C20H33O6	OPEN	OPEN	kegg:C05963	chebi:28728	pubchem:41063	OPEN	OPEN	OPEN	OPEN
HC02202	Prostaglandin-A1	C20H31O4	OPEN	hmdb:HMDB0002656	kegg:C04685	chebi:15545	pubchem:5281912	OPEN	OPEN	OPEN	OPEN
HC02203	Prostaglandin-A2	C20H29O4	OPEN	hmdb:HMDB0002752	kegg:C05953	chebi:27820	pubchem:22833602	OPEN	OPEN	OPEN	OPEN
HC02204	Prostaglandin-B1	C20H31O4	OPEN	hmdb:HMDB0002982	kegg:C00959	chebi:27624	pubchem:5280388	OPEN	OPEN	OPEN	OPEN
HC02205	Prostaglandin-B2	C20H29O4	OPEN	hmdb:HMDB0004236	kegg:C05954	chebi:28099	pubchem:5288144	OPEN	OPEN	OPEN	OPEN
HC02206	Prostaglandin-C1	C20H31O4	OPEN	OPEN	kegg:C04686	chebi:15546	OPEN	OPEN	OPEN	OPEN	OPEN
HC02207	Prostaglandin-C2	C20H29O4	OPEN	OPEN	kegg:C05955	chebi:27555	pubchem:440858	OPEN	OPEN	OPEN	OPEN
HC02208	Prostaglandin-D1	C20H33O5	OPEN	OPEN	kegg:C06438	chebi:27696	pubchem:205449	OPEN	OPEN	OPEN	OPEN
HC02210	Prostaglandin-D3	C20H29O5	OPEN	OPEN	kegg:C13802	chebi:34939	pubchem:656745	OPEN	OPEN	OPEN	OPEN
HC02213	Prostaglandin-E3	C20H29O5	OPEN	hmdb:HMDB0002664	kegg:C06439	chebi:28031	pubchem:5280937	OPEN	OPEN	OPEN	OPEN
HC02214	Prostaglandin-F1Alpha	C20H35O5	OPEN	OPEN	kegg:C06475	chebi:28852	pubchem:105061	OPEN	OPEN	OPEN	OPEN
HC02216	Prostaglandin-F2Beta	C20H33O5	OPEN	OPEN	kegg:C02314	chebi:28922	pubchem:439702	OPEN	OPEN	OPEN	OPEN
HC02217	Prostaglandin-G2	C20H31O6	OPEN	OPEN	kegg:C05956	chebi:27647	OPEN	OPEN	OPEN	OPEN	OPEN
c4crn	Butyryl Carnitine	C11H21NO4	OPEN	hmdb:HMDB0002013	kegg:C02862	OPEN	pubchem:439829	OPEN	OPEN	OPEN	OPEN
glcn	D-Gluconate	C6H11O7	OPEN	hmdb:HMDB0000625	kegg:C00257	chebi:33198	pubchem:10690	cpd00222	OPEN	OPEN	OPEN
CE2421	(3S)-3-Hydroxylinoleoyl Coenzyme A	C39H62N7O18P3S	OPEN	OPEN	OPEN	OPEN	pubchem:53481430	OPEN	OPEN	OPEN	OPEN
CE0713	3-Oxolinoleoyl Coenzyme A	C39H60N7O18P3S	OPEN	OPEN	OPEN	OPEN	OPEN	OPEN	OPEN	OPEN	OPEN
C10164	Picolinic Acid	C6H4NO2	OPEN	hmdb:HMDB0002243	kegg:C10164	chebi:28747	pubchem:1018	OPEN	OPEN	OPEN	OPEN
CE2251	3-Oxoeicosanoyl Coenzyme A	C41H68N7O18P3S	OPEN	OPEN	OPEN	OPEN	pubchem:25229571	OPEN	OPEN	OPEN	OPEN
CE2247	3-Hydroxyeicosanoyl Coenzyme A	C41H70N7O18P3S	OPEN	OPEN	OPEN	OPEN	pubchem:25229587	OPEN	OPEN	OPEN	OPEN
CE2243	(2E)-Eicosenoyl Coenzyme A	C41H68N7O17P3S	OPEN	OPEN	OPEN	OPEN	OPEN	OPEN	OPEN	OPEN	OPEN
CE2250	3-Oxodocosanoyl Coenzyme A	C43H72N7O18P3S	OPEN	OPEN	OPEN	OPEN	pubchem:25229584	OPEN	OPEN	OPEN	OPEN
CE2246	3-Hydroxydocosanoyl Coenzyme A	C43H74N7O18P3S	OPEN	OPEN	OPEN	OPEN	pubchem:25229586	OPEN	OPEN	OPEN	OPEN
CE2242	(2E)-Docosenoyl Coenzyme A	C43H72N7O17P3S	OPEN	OPEN	OPEN	OPEN	OPEN	OPEN	OPEN	OPEN	OPEN
CE2253	3-Oxotetracosanoyl Coenzyme A	C45H76N7O18P3S	OPEN	OPEN	OPEN	OPEN	pubchem:25229583	OPEN	OPEN	OPEN	OPEN
CE2249	3-Hydroxytetracosanoyl Coenzyme A	C45H78N7O18P3S	OPEN	OPEN	OPEN	OPEN	pubchem:25229585	OPEN	OPEN	OPEN	OPEN
CE2245	(2E)-Tetracosenoyl Coenzyme A	C45H76N7O17P3S	OPEN	OPEN	OPEN	OPEN	OPEN	OPEN	OPEN	OPEN	OPEN
docoscoa	Docosanoyl Coenzyme A	C43H74N7O17P3S	OPEN	OPEN	kegg:C16528	chebi:65088	pubchem:53481548	OPEN	OPEN	OPEN	OPEN
docosac	Docosanoic Acid	C22H43O2	OPEN	hmdb:HMDB0000944	kegg:C08281	chebi:28941	pubchem:8215	OPEN	OPEN	OPEN	OPEN
CE2248	3-Hydroxyoctadecanoyl Coenzyme A	C39H66N7O18P3S	OPEN	OPEN	OPEN	OPEN	pubchem:24906329	OPEN	OPEN	OPEN	OPEN
CE1935	Spermine Monoaldehyde	C10H26N3O	OPEN	OPEN	OPEN	OPEN	OPEN	OPEN	OPEN	OPEN	OPEN
CE1940	Spermidine Monoaldehyde 2	C7H18N2O	OPEN	OPEN	OPEN	OPEN	pubchem:19913541	OPEN	OPEN	OPEN	OPEN
CE1943	Spermidine Dialdehyde	C7H14NO2	OPEN	OPEN	OPEN	OPEN	OPEN	OPEN	OPEN	OPEN	OPEN
CE1944	1-Pyrroline	C4H8N	OPEN	OPEN	kegg:C15668	chebi:19092	pubchem:79803	OPEN	OPEN	OPEN	OPEN
CE1936	Spermine Dialdehyde	C10H22N2O2	OPEN	OPEN	OPEN	OPEN	pubchem:217390	OPEN	OPEN	OPEN	OPEN
CE1939	Spermidine Monoaldehyde 1	C7H18N2O	OPEN	OPEN	OPEN	OPEN	pubchem:145925	OPEN	OPEN	OPEN	OPEN
CE2705	Quinonoid Dihydrobiopterin	C9H13N5O3	OPEN	hmdb:HMDB0000038	kegg:C02953	chebi:64277	pubchem:252	OPEN	OPEN	OPEN	OPEN
CE2870	3,3-Diiodo-L-Thyronine 4-O-Sulfate	C15H12I2NO7S	OPEN	OPEN	OPEN	OPEN	OPEN	OPEN	OPEN	OPEN	OPEN
CE2866	3,3-Diiodo-L-Thyronine	C15H13I2NO4	OPEN	OPEN	OPEN	OPEN	pubchem:107564	OPEN	OPEN	OPEN	OPEN
maltttr	Maltotetraose	C24H42O21	OPEN	OPEN	OPEN	OPEN	pubchem:439639	OPEN	OPEN	OPEN	OPEN
CE2873	3,5-Diiodo-L-Thyronine 4-O-Sulfate	C15H12I2NO7S	OPEN	OPEN	OPEN	OPEN	OPEN	OPEN	OPEN	OPEN	OPEN
CE2872	3,5-Diiodo-L-Thyronine	C15H13I2NO4	OPEN	OPEN	OPEN	OPEN	pubchem:67894139	OPEN	OPEN	OPEN	OPEN
CE2875	3-Monoiodo-L-Thyronine 4-O-Sulfate	C15H13INO7S	OPEN	OPEN	OPEN	OPEN	OPEN	OPEN	OPEN	OPEN	OPEN
CE2874	3-Monoiodo-L-Thyronine	C15H14INO4	OPEN	OPEN	OPEN	OPEN	OPEN	OPEN	OPEN	OPEN	OPEN
maltpt	Maltopentaose	C30H52O26	OPEN	OPEN	OPEN	OPEN	pubchem:13489094	OPEN	OPEN	OPEN	OPEN
malthx	Maltohexaose	C36H62O31	OPEN	OPEN	OPEN	OPEN	pubchem:439606	cpd01329	OPEN	OPEN	OPEN
CE2915	Beta-Casomorphin	C44H60N7O11	OPEN	OPEN	OPEN	OPEN	pubchem:4424653	OPEN	OPEN	OPEN	OPEN
CE4722	Beta-Casomorphin (1-6)	C38H49N6O10	OPEN	OPEN	OPEN	OPEN	OPEN	OPEN	OPEN	OPEN	OPEN
CE2916	Neocasomorphin	C35H51N6O10	OPEN	OPEN	OPEN	OPEN	OPEN	OPEN	OPEN	OPEN	OPEN
CE4723	Neocasomorphin (1-5)	C29H40N5O9	OPEN	OPEN	OPEN	OPEN	OPEN	OPEN	OPEN	OPEN	OPEN
CE2917	Apelin-13	C69H114N23O16S	OPEN	OPEN	OPEN	OPEN	pubchem:53481538	OPEN	OPEN	OPEN	OPEN
CE4724	Apelin (1-12)	C60H105N22O15S	OPEN	OPEN	OPEN	OPEN	OPEN	OPEN	OPEN	OPEN	OPEN
malthp	Maltoheptaose	C42H72O36	OPEN	OPEN	OPEN	OPEN	OPEN	OPEN	OPEN	OPEN	OPEN
CE2839	Maltodecaose	C60H102O51	OPEN	OPEN	OPEN	OPEN	pubchem:53481573	OPEN	OPEN	OPEN	OPEN
CE2838	Maltononaose	C54H92O46	OPEN	OPEN	OPEN	OPEN	pubchem:3081402	OPEN	OPEN	OPEN	OPEN
CE1950	Cyanosulfurous Acid Anion	CH2NO2S	OPEN	OPEN	OPEN	OPEN	OPEN	OPEN	OPEN	OPEN	OPEN
cynt	Cyanate	CNO	OPEN	OPEN	OPEN	OPEN	pubchem:540	cpd01015	OPEN	OPEN	OPEN
CE0737	Malonic Dialdehyde	C3H3O2	OPEN	hmdb:HMDB0006112	kegg:C19440	chebi:566274	pubchem:10964	OPEN	OPEN	OPEN	OPEN
CE1243	(12S)-12-hydroxyheptadeca-5,8,10-trienoic acid (12S-HHT)	C17H26O3	OPEN	OPEN	OPEN	OPEN	pubchem:182416	OPEN	OPEN	OPEN	OPEN
CE1352	17Alpha-Hydroxypregnenolone Sulfate	C21H31O6S	OPEN	OPEN	OPEN	OPEN	pubchem:152971	OPEN	OPEN	OPEN	OPEN
N1aspmd	N(1)-Acetylspermidine	C9H23N3O	OPEN	hmdb:HMDB0001276	kegg:C00612	chebi:17927	pubchem:496	OPEN	OPEN	OPEN	OPEN
n8aspmd	N(8)-Acetylspermidine	C9H23N3O	OPEN	OPEN	kegg:C01029	OPEN	pubchem:123689	OPEN	OPEN	OPEN	OPEN
CE2028	Beta-Hydroxy-Beta-Methylbutyrate	C5H8O3	OPEN	hmdb:HMDB0000754	OPEN	chebi:37084	pubchem:69362	OPEN	OPEN	OPEN	OPEN
CE5101	1-Phosphatidyl-1D-Myo-Inositol 5-Phosphate	C11H15O16P2R2	OPEN	OPEN	kegg:C11557	chebi:16500	OPEN	OPEN	OPEN	OPEN	OPEN
CE2434	Trans,Cis,Cis-2,9,12-Octadecatrienoyl Coenzyme A	C39H60N7O17P3S	OPEN	OPEN	OPEN	OPEN	OPEN	OPEN	OPEN	OPEN	OPEN
CE0849	Cis,Cis-Palmito-7,10-Dienoyl Coenzyme A	C37H58N7O17P3S	OPEN	OPEN	OPEN	OPEN	OPEN	OPEN	OPEN	OPEN	OPEN
CE2433	Trans,Cis,Cis-2,7,10-Hexadecatrienoyl Coenzyme A	C37H56N7O17P3S	OPEN	OPEN	OPEN	OPEN	OPEN	OPEN	OPEN	OPEN	OPEN
CE0785	Cis,Cis-Myristo-5,8-Dienoyl Coenzyme A	C35H54N7O17P3S	OPEN	OPEN	OPEN	OPEN	pubchem:21252281	OPEN	OPEN	OPEN	OPEN
CE2432	Trans-2-Cis,Cis-5,8-Tetradecatrienoyl Coenzyme A	C35H52N7O17P3S	OPEN	OPEN	OPEN	OPEN	OPEN	OPEN	OPEN	OPEN	OPEN
dec24dicoa	2,4-Decadienoyl Coenzyme A	C31H46N7O17P3S	OPEN	OPEN	OPEN	OPEN	pubchem:22833562	OPEN	OPEN	OPEN	OPEN
dece4coa	4-Decenoyl Coenzyme A	C31H48N7O17P3S	OPEN	OPEN	OPEN	OPEN	pubchem:6443609	OPEN	OPEN	OPEN	OPEN
C05279	Trans,Cis-Lauro-2,6-Dienoyl Coenzyme A	C33H50N7O17P3S	OPEN	hmdb:HMDB0011123	kegg:C05279	chebi:28387	pubchem:53480665	OPEN	OPEN	OPEN	OPEN
CE2420	(3S)-3-Hydroxydodec-Cis-6-Enoyl Coenzyme A	C33H52N7O18P3S	OPEN	OPEN	OPEN	OPEN	pubchem:53481428	OPEN	OPEN	OPEN	OPEN
CE2417	3(S)-Hydroxy-5Z,8Z-Tetradecadienoyl Coenzyme A	C35H54N7O18P3S	OPEN	OPEN	OPEN	OPEN	OPEN	OPEN	OPEN	OPEN	OPEN
CE2418	(3S)-3-Hydroxy-Cis,Cis-Palmito-7,10-Dienoyl Coenzyme A	C37H58N7O18P3S	OPEN	OPEN	OPEN	OPEN	pubchem:53481423	OPEN	OPEN	OPEN	OPEN
CE2422	3-Oxo-Cis,Cis-7,10-Hexadecadienoyl Coenzyme A	C37H56N7O18P3S	OPEN	OPEN	OPEN	OPEN	OPEN	OPEN	OPEN	OPEN	OPEN
CE2424	3-Oxo-Cis,Cis-5,8-Tetradecadienoyl Coenzyme A	C35H52N7O18P3S	OPEN	OPEN	OPEN	OPEN	OPEN	OPEN	OPEN	OPEN	OPEN
CE0693	3-Oxolaur-6-Cis-Enoyl Coenzyme A	C33H50N7O18P3S	OPEN	OPEN	OPEN	OPEN	OPEN	OPEN	OPEN	OPEN	OPEN
C05280	Cis,Cis-3,6-Dodecadienoyl Coenzyme A	C33H50N7O17P3S	OPEN	hmdb:HMDB0003952	kegg:C05280	chebi:28002	pubchem:5280771	OPEN	OPEN	OPEN	OPEN
C05298	2-Hydroxyestrone	C18H22O3	OPEN	hmdb:HMDB0000343	kegg:C05298	chebi:1156	pubchem:440623	OPEN	OPEN	OPEN	OPEN
C05301	2-Hydroxyestradiol	C18H24O3	OPEN	hmdb:HMDB0000338	kegg:C05301	chebi:28744	pubchem:247304	OPEN	OPEN	OPEN	OPEN
C05299	2-Methoxyestrone	C19H24O3	OPEN	hmdb:HMDB0000010	kegg:C05299	chebi:1189	pubchem:440624	OPEN	OPEN	OPEN	OPEN
CE4888	Dopaminochrome	C8H7NO2	OPEN	hmdb:HMDB0004058	kegg:C05578	chebi:27404	pubchem:114683	OPEN	OPEN	OPEN	OPEN
CE5253	17Beta-Estradiol-3,4-Semiquinone	C18H22O3	OPEN	OPEN	OPEN	OPEN	OPEN	OPEN	OPEN	OPEN	OPEN
CE5236	O2-4A-Cyclic-Tetrahydrobiopterin	C9H13N5O3	OPEN	OPEN	OPEN	OPEN	pubchem:53481588	OPEN	OPEN	OPEN	OPEN
CE1918	5-Hydroxytryptophol	C10H11NO2	OPEN	hmdb:HMDB0001855	OPEN	OPEN	pubchem:9061	OPEN	OPEN	OPEN	OPEN
CE0233	5Beta-Cholestane-3Alpha,7Alpha,27-Triol	C27H48O3	OPEN	OPEN	OPEN	OPEN	OPEN	OPEN	OPEN	OPEN	OPEN
CE4990	12-Oxo-Leukotriene B4	C20H29O4	OPEN	OPEN	OPEN	OPEN	pubchem:5280876	OPEN	OPEN	OPEN	OPEN
CE1589	Deoxycholoyl Coenzyme A	C45H70N7O19P3S	OPEN	OPEN	OPEN	chebi:58810	pubchem:24820763	OPEN	OPEN	OPEN	OPEN
tdechola	Taurodeoxycholic Acid	C26H44NO6S	OPEN	hmdb:HMDB0004011	kegg:C05463	chebi:9410	pubchem:2733768	OPEN	OPEN	OPEN	OPEN
23cump	2,3-Cyclic Uridine-5'-Monophosphate	C9H10N2O8P	OPEN	OPEN	kegg:C02355	OPEN	pubchem:439715	OPEN	OPEN	OPEN	OPEN
3ump	3-Uridine-5'-Monophosphate	C9H11N2O9P	OPEN	OPEN	kegg:C01368	chebi:28895	pubchem:101543	OPEN	OPEN	OPEN	OPEN
CE5586	Dehydrospermidine	C7H20N3	OPEN	OPEN	OPEN	OPEN	pubchem:23657850	OPEN	OPEN	OPEN	OPEN
CE1617	9-Cis-Retinoate	C20H27O2	OPEN	OPEN	OPEN	OPEN	pubchem:449171	OPEN	OPEN	OPEN	OPEN
CE1261	5-S-Cysteinyldopa	C12H16N2O6S	OPEN	OPEN	kegg:C17935	OPEN	pubchem:10663203	OPEN	OPEN	OPEN	OPEN
CE5026	5-S-Glutathionyl-L-Dopa	C19H25N4O10S	OPEN	OPEN	OPEN	OPEN	OPEN	OPEN	OPEN	OPEN	OPEN
C09642	(-)-Salsolinol	C10H14NO2	OPEN	hmdb:HMDB0005199	kegg:C09642	chebi:123715	pubchem:54456	OPEN	OPEN	OPEN	OPEN
CE5626	Salsolinol 1-Carboxylate	C11H13NO4	OPEN	OPEN	OPEN	OPEN	pubchem:100185	OPEN	OPEN	OPEN	OPEN
CE5629	1,2-Dehydrosalsolinol	C10H11NO2	OPEN	OPEN	OPEN	OPEN	OPEN	OPEN	OPEN	OPEN	OPEN
CE4890	N-Methylsalsolinol	C11H16NO2	OPEN	hmdb:HMDB0003892	OPEN	OPEN	pubchem:124148	OPEN	OPEN	OPEN	OPEN
CE1401	Homocysteine Thiolactone	C4H8NOS	OPEN	OPEN	OPEN	OPEN	pubchem:134505	OPEN	OPEN	OPEN	OPEN
C11695	Anandamide	C22H37NO2	OPEN	hmdb:HMDB0004080	kegg:C11695	chebi:2700	pubchem:5281969	OPEN	OPEN	OPEN	OPEN
C02712	N-Acetylmethionine	C7H12NO3S	OPEN	hmdb:HMDB0011745	kegg:C02712	chebi:165927	pubchem:6180	OPEN	OPEN	OPEN	OPEN
C02356	(S)-2-Aminobutanoate	C4H9NO2	OPEN	hmdb:HMDB0000452	kegg:C02356	chebi:35619	pubchem:80283	OPEN	OPEN	OPEN	OPEN
no2	Nitrite	NO2	OPEN	hmdb:HMDB0002786	kegg:C00088	chebi:16301	pubchem:946	cpd00075	OPEN	OPEN	OPEN
C13856	2-Arachidonoylglycerol	C23H38O4	OPEN	hmdb:HMDB0004666	kegg:C13856	chebi:52392	pubchem:5282280	OPEN	OPEN	OPEN	OPEN
C05957	Prostaglandin J2	C20H29O4	OPEN	hmdb:HMDB0002710	kegg:C05957	chebi:27485	pubchem:5280884	OPEN	OPEN	OPEN	OPEN
CE4877	15-Deoxy-Prostaglandin J2	C20H27O3	OPEN	OPEN	OPEN	OPEN	pubchem:404025	OPEN	OPEN	OPEN	OPEN
CE2026	3-Methylcrotonoylglycine	C7H10NO3	OPEN	OPEN	OPEN	OPEN	pubchem:169485	OPEN	OPEN	OPEN	OPEN
dchac	Deoxycholate	C24H39O4	OPEN	hmdb:HMDB0000626	kegg:C04483	chebi:28834	pubchem:222528	OPEN	OPEN	OPEN	OPEN
CE2176	3-O-Methyldopa	C10H13NO4	OPEN	hmdb:HMDB0001434	OPEN	OPEN	pubchem:1670	OPEN	OPEN	OPEN	OPEN
bgly	N-Benzoylglycinate	C9H8NO3	OPEN	hmdb:HMDB0000714	kegg:C01586	chebi:18089	pubchem:464	OPEN	OPEN	OPEN	OPEN
CE2934	O-Methylhippurate	C10H10NO3	OPEN	OPEN	OPEN	OPEN	pubchem:91637	OPEN	OPEN	OPEN	OPEN
CE2172	6,7-Dihydroxy-1,2,3,4-Tetrahydroisoquinoline	C9H12NO2	OPEN	hmdb:HMDB0006044	OPEN	chebi:110006	pubchem:36937	OPEN	OPEN	OPEN	OPEN
C03681	5Alpha-Pregnane-3,20-Dione	C21H32O2	OPEN	hmdb:HMDB0003759	kegg:C03681	chebi:28952	pubchem:92810	OPEN	OPEN	OPEN	OPEN
CE2211	Allopregnanolone	C21H34O2	OPEN	hmdb:HMDB0001449	kegg:C13712	chebi:50169	pubchem:92786	OPEN	OPEN	OPEN	OPEN
CE5072	21-Hydroxyallopregnanolone	C21H34O3	OPEN	hmdb:HMDB0000879	kegg:C13713	chebi:805752	pubchem:101771	OPEN	OPEN	OPEN	OPEN
CE1297	8-Dehydrocholesterol	C27H44O	OPEN	OPEN	OPEN	OPEN	pubchem:129846	OPEN	OPEN	OPEN	OPEN
CE1310	N-Acetyl-L-Cysteine	C5H8NO3S	OPEN	OPEN	OPEN	OPEN	pubchem:12035	OPEN	OPEN	OPEN	OPEN
C05300	16Alpha-Hydroxyestrone	C18H22O3	OPEN	hmdb:HMDB0000335	kegg:C05300	chebi:776	pubchem:115116	OPEN	OPEN	OPEN	OPEN
CE5786	Kinetensin	C56H87N17O11	OPEN	OPEN	OPEN	OPEN	pubchem:147043	OPEN	OPEN	OPEN	OPEN
CE5788	Kinetensin 1-7	C41H67N15O9	OPEN	OPEN	OPEN	OPEN	pubchem:53481565	OPEN	OPEN	OPEN	OPEN
CE5789	Kinetensin 1-8	C50H76N16O10	OPEN	OPEN	OPEN	OPEN	pubchem:53481566	OPEN	OPEN	OPEN	OPEN
CE5797	Neuromedin N	C32H51N5O7	OPEN	OPEN	OPEN	OPEN	pubchem:53481583	OPEN	OPEN	OPEN	OPEN
CE5798	Neuromedin N (1-4)	C26H40N4O6	OPEN	OPEN	OPEN	OPEN	pubchem:53481582	OPEN	OPEN	OPEN	OPEN
CE5276	Dopamine O-Quinone	C8H10NO2	OPEN	OPEN	OPEN	OPEN	pubchem:162602	OPEN	OPEN	OPEN	OPEN
CE5025	5-S-Glutathionyl-Dopamine	C18H26N4O8S	OPEN	OPEN	OPEN	OPEN	OPEN	OPEN	OPEN	OPEN	OPEN
CE5787	Kinetensin 1-3	C15H31N6O4	OPEN	OPEN	OPEN	OPEN	pubchem:53481564	OPEN	OPEN	OPEN	OPEN
CE5791	Kinetensin 4-8	C35H47N10O7	OPEN	OPEN	OPEN	OPEN	pubchem:53481568	OPEN	OPEN	OPEN	OPEN
CE5021	Alpha-Tocopheryl Hydroquinone	C29H52O3	OPEN	OPEN	OPEN	OPEN	OPEN	OPEN	OPEN	OPEN	OPEN
CE5022	Alpha-Tocopheryl Quinone	C29H50O3	OPEN	OPEN	OPEN	OPEN	pubchem:24205	OPEN	OPEN	OPEN	OPEN
CE2576	4-Hydroperoxy-2-Nonenal	C9H16O3	OPEN	OPEN	OPEN	OPEN	pubchem:55189	OPEN	OPEN	OPEN	OPEN
CE2577	4-Oxo-2-Nonenal	C9H14O2	OPEN	OPEN	OPEN	chebi:58972	pubchem:216297	OPEN	OPEN	OPEN	OPEN
C05302	2-Methoxyestradiol-17Beta	C19H26O3	OPEN	hmdb:HMDB0000405	kegg:C05302	chebi:28955	pubchem:66414	OPEN	OPEN	OPEN	OPEN
CE1925	3'-Carboxy-Alpha-Chromanol	C16H21O4	OPEN	OPEN	OPEN	OPEN	pubchem:9943542	OPEN	OPEN	OPEN	OPEN
CE5853	Alpha-Cehc-Glucuronide	C22H29O10	OPEN	OPEN	OPEN	OPEN	OPEN	OPEN	OPEN	OPEN	OPEN
CE1926	Gama-Carboxyethyl-Hydroxychroman	C15H19O4	OPEN	OPEN	OPEN	OPEN	pubchem:133098	OPEN	OPEN	OPEN	OPEN
CE5854	Gama-Cehc-Glucuronide	C21H27O10	OPEN	OPEN	OPEN	OPEN	OPEN	OPEN	OPEN	OPEN	OPEN
C05109	24,25-Dihydrolanosterol	C30H52O	OPEN	hmdb:HMDB0006839	kegg:C05109	chebi:28113	pubchem:440560	OPEN	OPEN	OPEN	OPEN
CE4968	Isovalerylglycine	C7H12NO3	OPEN	hmdb:HMDB0000678	OPEN	OPEN	pubchem:546304	OPEN	OPEN	OPEN	OPEN
CE4970	2-Methylbutyrylglycine	C7H12NO3	OPEN	hmdb:HMDB0000339	OPEN	chebi:240943	pubchem:193872	OPEN	OPEN	OPEN	OPEN
CE4969	Isobutyrylglycine	C6H10NO3	OPEN	hmdb:HMDB0000730	OPEN	OPEN	pubchem:10855600	OPEN	OPEN	OPEN	OPEN
CE5867	N-Acetyl-Seryl-Aspartyl-Lysyl-Proline	C20H32N5O9	OPEN	OPEN	OPEN	OPEN	pubchem:14181658	OPEN	OPEN	OPEN	OPEN
CE5868	N-Acetyl-Seryl-Aspartate	C9H12N2O7	OPEN	OPEN	OPEN	OPEN	OPEN	OPEN	OPEN	OPEN	OPEN
CE5869	Lysyl-Proline	C11H22N3O3	OPEN	OPEN	OPEN	OPEN	OPEN	OPEN	OPEN	OPEN	OPEN
CE4633	Hypochlorous Acid	ClHO	OPEN	OPEN	OPEN	OPEN	pubchem:24341	OPEN	OPEN	OPEN	OPEN
CE4881	Nitryl Chloride	ClNO2	OPEN	OPEN	OPEN	OPEN	pubchem:13932711	OPEN	OPEN	OPEN	OPEN
CE5665	Leukoaminochrome	C8H9NO2	OPEN	OPEN	OPEN	OPEN	pubchem:147311	OPEN	OPEN	OPEN	OPEN
CE5643	Peroxynitrite	NO3	OPEN	hmdb:HMDB0002179	kegg:C16845	chebi:25941	pubchem:104806	OPEN	OPEN	OPEN	OPEN
CE6205	5-Methoxytryptophol	C11H13NO2	OPEN	hmdb:HMDB0001896	OPEN	chebi:114833	pubchem:12835	OPEN	OPEN	OPEN	OPEN
CE6252	Urate Radical	C5H3N4O3	OPEN	OPEN	OPEN	OPEN	OPEN	OPEN	OPEN	OPEN	OPEN
C01041	Monodehydroascorbate	C6H6O6	OPEN	OPEN	kegg:C01041	chebi:16504	pubchem:439374	OPEN	OPEN	OPEN	OPEN
CE5166	25(S)-Trihydroxycoprostanoyl Coenzyme A	C48H76N7O20P3S	OPEN	OPEN	kegg:C17343	chebi:37643	pubchem:15942872	OPEN	OPEN	OPEN	OPEN
CE4872	3Alpha,7Alpha,12Alpha-Trihydroxy-5Beta-Cholestan-27-Al	C27H46O4	OPEN	OPEN	kegg:C01301	chebi:48940	OPEN	OPEN	OPEN	OPEN	OPEN
CE1273	5Beta-Cholestane-3Alpha,7Alpha,12Alpha,24S,25-Pentol	C27H48O5	OPEN	hmdb:HMDB0002208	OPEN	OPEN	pubchem:6453659	OPEN	OPEN	OPEN	OPEN
CE1556	N-Acetyl-L-Asparagine	C6H9N2O4	OPEN	OPEN	OPEN	OPEN	pubchem:99715	OPEN	OPEN	OPEN	OPEN
CE7047	Gama-Tocopheroxyl Radical	C28H47O2	OPEN	OPEN	OPEN	OPEN	OPEN	OPEN	OPEN	OPEN	OPEN
CE5986	5-Nitro-Gama-Tocopherol	C28H47NO4	OPEN	OPEN	OPEN	OPEN	OPEN	OPEN	OPEN	OPEN	OPEN
C01747	Psychosine	C24H48NO7	OPEN	hmdb:HMDB0000648	kegg:C01747	chebi:16874	pubchem:22833541	OPEN	OPEN	OPEN	OPEN
CE5125	(2S)-Pristanoyl Coenzyme A	C40H68N7O17P3S	OPEN	OPEN	OPEN	chebi:64039	OPEN	OPEN	OPEN	OPEN	OPEN
CE5126	(2R)-Pristanoyl Coenzyme A	C40H68N7O17P3S	OPEN	OPEN	OPEN	chebi:20067	OPEN	OPEN	OPEN	OPEN	OPEN
alltn	Allantoin	C4H6N4O3	OPEN	hmdb:HMDB0000462	kegg:C01551	chebi:15676	pubchem:204	cpd01092	OPEN	OPEN	OPEN
CE0074	Alloxan	C4N2O4	OPEN	hmdb:HMDB0002818	kegg:C07599	chebi:730073	pubchem:5781	OPEN	OPEN	OPEN	OPEN
CE0955	6-Oxo-Prostaglandin F1Alpha	C20H33O6	OPEN	hmdb:HMDB0002886	kegg:C05961	chebi:28158	pubchem:5280888	OPEN	OPEN	OPEN	OPEN
CE4795	2-Trans-Cis,Cis,Cis,Cis-4,8,11,14-Eicosapentaenoyl Coenzyme A	C41H60N7O17P3S	OPEN	OPEN	OPEN	OPEN	OPEN	OPEN	OPEN	OPEN	OPEN
CE5114	Trans-2-Cis,Cis,Cis-8,11,14-Eicosatetraenoyl Coenzyme A	C41H62N7O17P3S	OPEN	OPEN	OPEN	OPEN	OPEN	OPEN	OPEN	OPEN	OPEN
CE4791	3(S)-Hydroxy-Dihomo-Gama-Linolenoyl Coenzyme A	C41H64N7O18P3S	OPEN	OPEN	OPEN	OPEN	OPEN	OPEN	OPEN	OPEN	OPEN
CE4793	3-Oxo-Dihomo-Gama-Linolenoyl Coenzyme A	C41H62N7O18P3S	OPEN	OPEN	OPEN	OPEN	OPEN	OPEN	OPEN	OPEN	OPEN
CE2439	3-Oxo-6Z,9Z,12Z-Octadecatrienoyl Coenzyme A	C39H58N7O18P3S	OPEN	OPEN	OPEN	OPEN	OPEN	OPEN	OPEN	OPEN	OPEN
CE2440	4Z,7Z,10Z-Hexadecatrienoyl Coenzyme A	C37H56N7O17P3S	OPEN	OPEN	OPEN	OPEN	OPEN	OPEN	OPEN	OPEN	OPEN
CE2437	2E,6Z,9Z,12Z-Octadecatetraenoyl Coenzyme A	C39H58N7O17P3S	OPEN	OPEN	OPEN	OPEN	OPEN	OPEN	OPEN	OPEN	OPEN
CE2438	3(S)-Hydroxy-6Z,9Z,12Z-Octadecatrienoyl Coenzyme A	C39H60N7O18P3S	OPEN	OPEN	OPEN	OPEN	OPEN	OPEN	OPEN	OPEN	OPEN
CE2442	3Z,7Z,10Z-Hexadecatrienoyl Coenzyme A	C37H56N7O17P3S	OPEN	OPEN	OPEN	OPEN	OPEN	OPEN	OPEN	OPEN	OPEN
CE2441	2E,4Z,7Z,10Z-Hexadecatetraenoyl Coenzyme A	C37H54N7O17P3S	OPEN	OPEN	OPEN	OPEN	OPEN	OPEN	OPEN	OPEN	OPEN
CE5116	Trans-3-Cis-8,11,14-Eicosatetraenoyl Coenzyme A	C41H62N7O17P3S	OPEN	OPEN	OPEN	OPEN	OPEN	OPEN	OPEN	OPEN	OPEN
CE5117	(3E,5Z,8Z)-Tetradecatrienoyl Coenzyme A	C35H52N7O17P3S	OPEN	OPEN	OPEN	OPEN	pubchem:53481421	OPEN	OPEN	OPEN	OPEN
CE5118	Trans-2-Cis,Cis-4,8-Tetradecatrienoyl Coenzyme A	C35H52N7O17P3S	OPEN	OPEN	OPEN	OPEN	OPEN	OPEN	OPEN	OPEN	OPEN
CE5119	Trans-3-Cis-8-Tetradecadienoyl Coenzyme A	C35H54N7O17P3S	OPEN	OPEN	OPEN	OPEN	OPEN	OPEN	OPEN	OPEN	OPEN
CE5120	Trans-2-Cis-8-Tetradecadienoyl Coenzyme A	C35H54N7O17P3S	OPEN	OPEN	OPEN	OPEN	OPEN	OPEN	OPEN	OPEN	OPEN
CE4790	(3S)-3-Hydroxy-Cis-8-Tetradecenoyl Coenzyme A	C35H56N7O18P3S	OPEN	OPEN	OPEN	OPEN	pubchem:53481425	OPEN	OPEN	OPEN	OPEN
CE4792	3-Oxo-Cis-8-Tetradecenoyl Coenzyme A	C35H54N7O18P3S	OPEN	OPEN	OPEN	OPEN	OPEN	OPEN	OPEN	OPEN	OPEN
CE4794	Cis-6-Dodecenoyl Coenzyme A	C33H52N7O17P3S	OPEN	OPEN	OPEN	OPEN	OPEN	OPEN	OPEN	OPEN	OPEN
CE2053	20-Oxo-Leukotriene B4	C20H29O5	OPEN	OPEN	OPEN	OPEN	pubchem:3081088	OPEN	OPEN	OPEN	OPEN
CE2056	20-Dihydroxyleukotriene B4	C20H31O6	OPEN	OPEN	OPEN	OPEN	pubchem:53481509	OPEN	OPEN	OPEN	OPEN
CE3554	20-Trihydroxy-Leukotriene-B4	C20H31O7	OPEN	OPEN	OPEN	OPEN	pubchem:53481513	OPEN	OPEN	OPEN	OPEN
CE2567	5(S),6(S)-Epoxy-15(S)-Hydroxy-7E,9E,11Z,13E-Eicosatetraenoic Acid Anion	C20H29O4	OPEN	OPEN	OPEN	OPEN	OPEN	OPEN	OPEN	OPEN	OPEN
CE7172	14,15-Dihete	C20H31O4	OPEN	OPEN	OPEN	OPEN	pubchem:188277	OPEN	OPEN	OPEN	OPEN
C06315	Lipoxin B4	C20H31O5	OPEN	hmdb:HMDB0005082	kegg:C06315	chebi:6499	pubchem:5280915	OPEN	OPEN	OPEN	OPEN
C06314	Lipoxin A4	C20H31O5	OPEN	hmdb:HMDB0004385	kegg:C06314	chebi:6498	pubchem:5280914	OPEN	OPEN	OPEN	OPEN
C05769	Coproporphyrin I	C36H34N4O8	OPEN	hmdb:HMDB0000643	kegg:C05769	chebi:28421	OPEN	OPEN	OPEN	OPEN	OPEN
cpppg3	Coproporphyrinogen Iii	C36H40N4O8	OPEN	hmdb:HMDB0001261	kegg:C03263	chebi:15439	pubchem:321	OPEN	OPEN	OPEN	OPEN
C05770	Coproporphyrin Iii	C36H34N4O8	OPEN	hmdb:HMDB0000570	kegg:C05770	chebi:27609	OPEN	OPEN	OPEN	OPEN	OPEN
uppg3	Uroporphyrinogen Iii	C40H36N4O16	OPEN	hmdb:HMDB0001086	kegg:C01051	chebi:15437	pubchem:1179	OPEN	OPEN	OPEN	OPEN
CE2038	Trans-2,3-Dehydropristanoyl Coenzyme A	C40H66N7O17P3S	OPEN	OPEN	OPEN	OPEN	pubchem:56927963	OPEN	OPEN	OPEN	OPEN
CE5934	3(R)-Hydroxy-Pristanoyl Coenzyme A	C40H68N7O18P3S	OPEN	OPEN	OPEN	OPEN	OPEN	OPEN	OPEN	OPEN	OPEN
C07297	3-Oxopristanoyl Coenzyme A	C40H66N7O18P3S	OPEN	hmdb:HMDB0002057	kegg:C07297	chebi:28542	pubchem:441253	OPEN	OPEN	OPEN	OPEN
tmtrdcoa	4,8,12-Trimethyl Tridecanoyl Coenzyme A	C37H62N7O17P3S	OPEN	OPEN	kegg:C07296	chebi:15495	OPEN	OPEN	OPEN	OPEN	OPEN
CE4812	Eicosa-2E,8Z,11Z,14Z,17Z-Pentaenoyl Coenzyme A	C41H60N7O17P3S	OPEN	OPEN	OPEN	OPEN	OPEN	OPEN	OPEN	OPEN	OPEN
CE2209	5Alpha-Androstane-3Alpha,17Beta-Diol	C19H32O2	OPEN	hmdb:HMDB0000554	OPEN	chebi:36713	pubchem:15818	OPEN	OPEN	OPEN	OPEN
CE4811	3-Keto-Eicosa-8,11,14,17-All-Cis-Tetraenoyl Coenzyme A	C41H60N7O18P3S	OPEN	OPEN	OPEN	OPEN	OPEN	OPEN	OPEN	OPEN	OPEN
CE4810	3(S)-Hydroxy-All-Cis-8,11,14,17-Eicosatetraenoyl Coenzyme A	C41H62N7O18P3S	OPEN	OPEN	OPEN	OPEN	OPEN	OPEN	OPEN	OPEN	OPEN
CE4821	2-Trans-7,10,13,16,19-All-Cis-Docosahexaenoyl Coenzyme A	C43H62N7O17P3S	OPEN	OPEN	OPEN	OPEN	OPEN	OPEN	OPEN	OPEN	OPEN
CE4819	3-Oxo-Docosa-7,10,13,16,19-All-Cis-Pentaenoyl Coenzyme A	C43H62N7O18P3S	OPEN	OPEN	OPEN	OPEN	OPEN	OPEN	OPEN	OPEN	OPEN
CE4817	3(S)-Hydroxy-Docosa-7,10,13,16,19-All-Cis-Pentaenoyl Coenzyme A	C43H64N7O18P3S	OPEN	OPEN	OPEN	OPEN	OPEN	OPEN	OPEN	OPEN	OPEN
CE2313	4,4-Dimethylcholesta-8(9),14-Dien-3Beta-Ol	C29H48O	OPEN	OPEN	OPEN	OPEN	OPEN	OPEN	OPEN	OPEN	OPEN
CE2314	4,4-Dimethylcholesta-8(9)-En-3Beta-Ol	C29H50O	OPEN	hmdb:HMDB0006840	kegg:C15915	OPEN	pubchem:23724604	OPEN	OPEN	OPEN	OPEN
CE4833	3-Oxo-Docosa-7,10,13,16-All-Cis-Tetraenoyl Coenzyme A	C43H64N7O18P3S	OPEN	OPEN	OPEN	OPEN	OPEN	OPEN	OPEN	OPEN	OPEN
CE4831	3(S)-Hydroxy-Docosa-7,10,13,16-All-Cis-Tetraenoyl Coenzyme A	C43H66N7O18P3S	OPEN	OPEN	OPEN	OPEN	OPEN	OPEN	OPEN	OPEN	OPEN
CE4835	2E,7Z,10Z,13Z,16Z-Docosapentaenoyl Coenzyme A	C43H64N7O17P3S	OPEN	OPEN	OPEN	OPEN	OPEN	OPEN	OPEN	OPEN	OPEN
CE4834	3-Oxo-Tetracosa-9,12,15,18-All-Cis-Tetraenoyl Coenzyme A	C45H68N7O18P3S	OPEN	OPEN	OPEN	OPEN	OPEN	OPEN	OPEN	OPEN	OPEN
CE4849	3(S)-Hydroxy-Tetracosa-12,15,18,21-All-Cis-Tetraenoyl Coenzyme A	C45H70N7O18P3S	OPEN	OPEN	OPEN	OPEN	OPEN	OPEN	OPEN	OPEN	OPEN
CE4820	3-Oxo-All-Cis-6,9,12,15,18-Tetracosapentaenoyl Coenzyme A	C45H66N7O18P3S	OPEN	OPEN	OPEN	OPEN	OPEN	OPEN	OPEN	OPEN	OPEN
CE4832	3(S)-Hydroxy-Tetracosa-6,9,12,15,18-All-Cis-Pentaenoyl Coenzyme A	C45H68N7O18P3S	OPEN	OPEN	OPEN	OPEN	OPEN	OPEN	OPEN	OPEN	OPEN
CE4838	Trans-2-All-Cis-6,9,12,15,18-Tetracosahexaenoyl Coenzyme A	C45H66N7O17P3S	OPEN	OPEN	OPEN	OPEN	OPEN	OPEN	OPEN	OPEN	OPEN
CE4841	3-Oxoeicosa-Cis,Cis-11,14-Dienoyl Coenzyme A	C41H64N7O18P3S	OPEN	OPEN	OPEN	OPEN	OPEN	OPEN	OPEN	OPEN	OPEN
CE4840	(3S)-Hydroxy-Eicosa-Cis,Cis-11,14-Dienoyl Coenzyme A	C41H66N7O18P3S	OPEN	OPEN	OPEN	OPEN	OPEN	OPEN	OPEN	OPEN	OPEN
CE4842	Trans,Cis,Cis-2,11,14-Eicosatrienoyl Coenzyme A	C41H64N7O17P3S	OPEN	OPEN	OPEN	OPEN	OPEN	OPEN	OPEN	OPEN	OPEN
CE4843	(11Z,14Z)-Icosadienoyl Coenzyme A	C41H66N7O17P3S	OPEN	OPEN	kegg:C16180	OPEN	OPEN	OPEN	OPEN	OPEN	OPEN
CE4845	3-Oxo-Docosa-Cis,Cis,Cis-10,13,16-Trienoyl Coenzyme A	C43H66N7O18P3S	OPEN	OPEN	OPEN	OPEN	OPEN	OPEN	OPEN	OPEN	OPEN
CE4844	3(S)-Hydroxy-10,13,16-All-Cis-Docosatrienoyl Coenzyme A	C43H68N7O18P3S	OPEN	OPEN	OPEN	OPEN	OPEN	OPEN	OPEN	OPEN	OPEN
CE4846	Trans,Cis,Cis,Cis-2,10,13,16-Docosatetraenoyl Coenzyme A	C43H66N7O17P3S	OPEN	OPEN	OPEN	OPEN	OPEN	OPEN	OPEN	OPEN	OPEN
CE4847	10Z,13Z,16Z-Docosatrienoyl Coenzyme A	C43H68N7O17P3S	OPEN	OPEN	OPEN	OPEN	OPEN	OPEN	OPEN	OPEN	OPEN
CE4852	Trans,Cis,Cis,Cis,Cis-2,10,13,16,19-Docosapentaenoyl Coenzyme A	C43H64N7O17P3S	OPEN	OPEN	OPEN	OPEN	OPEN	OPEN	OPEN	OPEN	OPEN
CE4854	10Z,13Z,16Z,19Z-Docosatetraenoyl Coenzyme A	C43H66N7O17P3S	OPEN	OPEN	OPEN	OPEN	OPEN	OPEN	OPEN	OPEN	OPEN
CE4850	3-Oxo-Docosa-10,13,16,19-All-Cis-Tetraenoyl Coenzyme A	C43H64N7O18P3S	OPEN	OPEN	OPEN	OPEN	OPEN	OPEN	OPEN	OPEN	OPEN
CE4848	3(S)-Hydroxy-Docosa-10,13,16,19-All-Cis-Tetraenoyl Coenzyme A	C43H66N7O18P3S	OPEN	OPEN	OPEN	OPEN	OPEN	OPEN	OPEN	OPEN	OPEN
CE4853	Trans,Cis,Cis,Cis,Cis-2,12,15,18,21-Tetracosapentaenoyl Coenzyme A	C45H68N7O17P3S	OPEN	OPEN	OPEN	OPEN	OPEN	OPEN	OPEN	OPEN	OPEN
CE4855	12Z,15Z,18Z,21Z-Tetracosatetraenoyl Coenzyme A	C45H70N7O17P3S	OPEN	OPEN	OPEN	OPEN	OPEN	OPEN	OPEN	OPEN	OPEN
CE4851	3-Oxo-Tetracosa-12,15,18,21-All-Cis-Tetraenoyl Coenzyme A	C45H68N7O18P3S	OPEN	OPEN	OPEN	OPEN	OPEN	OPEN	OPEN	OPEN	OPEN
CE4801	3(S)-Hydroxy-4(R),8-Dimethyl-Nonanoyl Coenzyme A	C32H52N7O18P3S	OPEN	OPEN	OPEN	OPEN	OPEN	OPEN	OPEN	OPEN	OPEN
CE4803	3-Oxo-4(R),8-Dimethyl-Nonanoyl Coenzyme A	C32H50N7O18P3S	OPEN	OPEN	OPEN	OPEN	OPEN	OPEN	OPEN	OPEN	OPEN
CE4800	3(S)-Hydroxy-2(S),6-Dimethyl-Heptanoyl Coenzyme A	C30H48N7O18P3S	OPEN	OPEN	OPEN	OPEN	OPEN	OPEN	OPEN	OPEN	OPEN
CE4796	3-Oxo-(2S)-Methylisocapryloyl Coenzyme A	C30H46N7O18P3S	OPEN	OPEN	OPEN	OPEN	OPEN	OPEN	OPEN	OPEN	OPEN
CE4802	3(S)-Hydroxy-4-Methyl-Pentanoyl Coenzyme A	C27H42N7O18P3S	OPEN	OPEN	OPEN	OPEN	OPEN	OPEN	OPEN	OPEN	OPEN
CE4804	3-Oxo-4-Methyl-Pentanoyl Coenzyme A	C27H40N7O18P3S	OPEN	OPEN	OPEN	OPEN	OPEN	OPEN	OPEN	OPEN	OPEN
CE5049	One Carbon Unit	CH2	OPEN	OPEN	OPEN	OPEN	OPEN	OPEN	OPEN	OPEN	OPEN
CE4806	4(R),8-Dimethyl-Trans-2-Nonenoyl Coenzyme A	C32H50N7O17P3S	OPEN	OPEN	OPEN	OPEN	OPEN	OPEN	OPEN	OPEN	OPEN
CE4798	2(S),6-Dimethyl-Heptanoyl Coenzyme A	C30H48N7O17P3S	OPEN	OPEN	OPEN	OPEN	OPEN	OPEN	OPEN	OPEN	OPEN
CE4799	2,6-Dimethyl-Trans-2-Heptenoyl Coenzyme A	C30H46N7O17P3S	OPEN	OPEN	OPEN	OPEN	OPEN	OPEN	OPEN	OPEN	OPEN
CE4808	4-Methyl-Pentanoyl Coenzyme A	C27H42N7O17P3S	OPEN	OPEN	OPEN	OPEN	OPEN	OPEN	OPEN	OPEN	OPEN
CE4807	4-Methyl-Trans-2-Pentenoyl Coenzyme A	C27H40N7O17P3S	OPEN	OPEN	OPEN	OPEN	OPEN	OPEN	OPEN	OPEN	OPEN
CE4797	2(R),6-Dimethyl-Heptanoyl Coenzyme A	C30H48N7O17P3S	OPEN	OPEN	OPEN	OPEN	OPEN	OPEN	OPEN	OPEN	OPEN
CE1562	5,6-Indolequinone-2-Carboxylate	C9H4NO4	OPEN	OPEN	kegg:C17938	OPEN	OPEN	OPEN	OPEN	OPEN	OPEN
CE6031	Androsterone Sulfate	C19H29O5S	OPEN	OPEN	OPEN	OPEN	pubchem:159663	OPEN	OPEN	OPEN	OPEN
CE5144	3-Oxo-11-Cis-Eicosenoyl Coenzyme A	C41H66N7O18P3S	OPEN	OPEN	OPEN	OPEN	OPEN	OPEN	OPEN	OPEN	OPEN
CE5151	11Z-Eicosenoyl Coenzyme A	C41H68N7O17P3S	OPEN	OPEN	OPEN	OPEN	OPEN	OPEN	OPEN	OPEN	OPEN
CE5152	3-Oxo-13Cis-Docosenoyl Coenzyme A	C43H70N7O18P3S	OPEN	OPEN	OPEN	OPEN	OPEN	OPEN	OPEN	OPEN	OPEN
CE5155	Docosenoyl Coenzyme A	C43H72N7O17P3S	OPEN	OPEN	kegg:C16531	OPEN	OPEN	OPEN	OPEN	OPEN	OPEN
CE5156	3-Oxo-Cis-15-Tetracosaenoyl Coenzyme A	C45H74N7O18P3S	OPEN	OPEN	OPEN	OPEN	OPEN	OPEN	OPEN	OPEN	OPEN
CE5148	3(S)-Hydroxy-11-Cis-Eicosenoyl Coenzyme A	C41H68N7O18P3S	OPEN	OPEN	OPEN	OPEN	OPEN	OPEN	OPEN	OPEN	OPEN
CE5150	Trans,Cis-2,11-Eicosadienoyl Coenzyme A	C41H66N7O17P3S	OPEN	OPEN	OPEN	OPEN	OPEN	OPEN	OPEN	OPEN	OPEN
CE5153	3(S)-Hydroxy-13Cis-Docosenoyl Coenzyme A	C43H72N7O18P3S	OPEN	OPEN	OPEN	OPEN	OPEN	OPEN	OPEN	OPEN	OPEN
CE5154	Trans,Cis-2,13-Docosadienoyl Coenzyme A	C43H70N7O17P3S	OPEN	OPEN	OPEN	OPEN	OPEN	OPEN	OPEN	OPEN	OPEN
CE5157	3(S)-Hydroxy-Cis-15-Tetracosaenoyl Coenzyme A	C45H76N7O18P3S	OPEN	OPEN	OPEN	OPEN	OPEN	OPEN	OPEN	OPEN	OPEN
CE5158	Trans,Cis-2,15-Tetracosadienoyl Coenzyme A	C45H74N7O17P3S	OPEN	OPEN	OPEN	OPEN	OPEN	OPEN	OPEN	OPEN	OPEN
CE2510	11-Cis-Eicosenoate	C20H37O2	OPEN	hmdb:HMDB0002231	kegg:C16526	chebi:32425	pubchem:5282768	OPEN	OPEN	OPEN	OPEN
doco13ac	13-Docosenoate	C22H41O2	OPEN	hmdb:HMDB0002068	kegg:C08316	chebi:28792	pubchem:5281116	OPEN	OPEN	OPEN	OPEN
CE5160	3-Oxo-Cis-9-Octadecenoyl Coenzyme A	C39H62N7O18P3S	OPEN	OPEN	OPEN	OPEN	OPEN	OPEN	OPEN	OPEN	OPEN
CE5161	3(S)-Hydroxy-Cis-9-Octadecenoyl Coenzyme A	C39H64N7O18P3S	OPEN	OPEN	OPEN	OPEN	OPEN	OPEN	OPEN	OPEN	OPEN
CE5162	Trans,Cis-2,9-Octadecadienoyl Coenzyme A	C39H62N7O17P3S	OPEN	OPEN	OPEN	OPEN	OPEN	OPEN	OPEN	OPEN	OPEN
CE4874	5Beta-Cholestane-3Alpha,7Alpha,12Alpha,27,27-Pentaol	C27H48O5	OPEN	OPEN	OPEN	OPEN	OPEN	OPEN	OPEN	OPEN	OPEN
C14826	(9Z)-12,13-Epoxyoctadecenoic acid (12(13)-EpOME)	C18H31O3	OPEN	hmdb:HMDB0004702	kegg:C14826	chebi:38299	pubchem:5356421	OPEN	OPEN	OPEN	OPEN
CE2049	12,13-Hydroxyoctadec-9(Z)-Enoate	C18H33O4	OPEN	hmdb:HMDB0004705	kegg:C14829	OPEN	pubchem:10236635	OPEN	OPEN	OPEN	OPEN
C14825	9,10-Epoxyoctadecenoic acid (9(10)-EpOME)	C18H31O3	OPEN	hmdb:HMDB0004701	kegg:C14825	OPEN	pubchem:6246154	OPEN	OPEN	OPEN	OPEN
CE2047	9,10-Hydroxyoctadec-12(Z)-Enoate	C18H33O4	OPEN	hmdb:HMDB0004704	kegg:C14828	OPEN	pubchem:9966640	OPEN	OPEN	OPEN	OPEN
12dgr120	1,2-Diacyl-Sn-Glycerol (Didodecanoyl, N-C12:0)	C27H52O5	OPEN	OPEN	OPEN	OPEN	OPEN	OPEN	OPEN	OPEN	OPEN
C14768	5,6-Epoxy-8,11,14-eicosatrienoic Acid	C20H31O3	OPEN	hmdb:HMDB0002190	kegg:C14768	chebi:34450	pubchem:5283202	OPEN	OPEN	OPEN	OPEN
C14770	11,12-Epoxyeicosatrienoic Acid	C20H31O3	OPEN	hmdb:HMDB0004673	kegg:C14770	OPEN	pubchem:5353269	OPEN	OPEN	OPEN	OPEN
C14769	8,9-Epoxyeicosatrienoic Acid	C20H31O3	OPEN	hmdb:HMDB0002232	kegg:C14769	chebi:34490	pubchem:5283203	OPEN	OPEN	OPEN	OPEN
C14771	14,15-Epoxy-5,8,11-Eicosatrienoic Acid	C20H31O3	OPEN	hmdb:HMDB0004264	kegg:C14771	chebi:34157	pubchem:5283205	OPEN	OPEN	OPEN	OPEN
CE2445	6-Trans-Leukotriene B4 (5S,12R-Dihydroxy-6E,8E,10E,14Z-Eicosatetraenoic Acid)	C20H31O4	OPEN	hmdb:HMDB0005087	OPEN	chebi:63981	pubchem:5283128	OPEN	OPEN	OPEN	OPEN
CE5178	5-Oxo-6-Trans-Leukotriene B4	C20H29O4	OPEN	OPEN	OPEN	OPEN	pubchem:53481526	OPEN	OPEN	OPEN	OPEN
C11821	5-Hydroxyisourate	C5H4N4O4	OPEN	OPEN	kegg:C11821	chebi:18072	pubchem:250388	OPEN	OPEN	OPEN	OPEN
C04717	13-L-Hydroperoxylinoleic Acid	C18H30O4	OPEN	hmdb:HMDB0003871	kegg:C04717	chebi:15655	pubchem:5280720	OPEN	OPEN	OPEN	OPEN
C01601	Nonanoic Acid	C9H17O2	OPEN	hmdb:HMDB0000847	kegg:C01601	chebi:29019	pubchem:8158	OPEN	OPEN	OPEN	OPEN
CE6504	1-Hydroperoxy-8-Carboxyoctyl 3,4-Epoxynon-(2E)-Enyl Ether	C18H31O6	OPEN	OPEN	OPEN	OPEN	OPEN	OPEN	OPEN	OPEN	OPEN
CE2006	4-Hydroxy-2-Nonenal	C9H16O2	OPEN	hmdb:HMDB0004362	OPEN	chebi:58968	pubchem:5283344	OPEN	OPEN	OPEN	OPEN
CE6506	3,4-Epoxynonanal	C9H16O2	OPEN	OPEN	OPEN	OPEN	OPEN	OPEN	OPEN	OPEN	OPEN
C08261	Azelaic Acid	C9H12O4	OPEN	hmdb:HMDB0000784	kegg:C08261	chebi:48131	pubchem:2266	OPEN	OPEN	OPEN	OPEN
CE4876	Delta12-Prostaglandin J2	C20H29O4	OPEN	OPEN	OPEN	OPEN	pubchem:114678	OPEN	OPEN	OPEN	OPEN
CE5304	15-Deoxy-Pgd2	C20H29O4	OPEN	OPEN	OPEN	OPEN	pubchem:5283052	OPEN	OPEN	OPEN	OPEN
CE5944	10,11-Dihydro-12-Oxo-Ltb4	C20H31O4	OPEN	OPEN	OPEN	OPEN	pubchem:53481445	OPEN	OPEN	OPEN	OPEN
CE4987	10,11-Dihydro-Leukotriene B4	C20H33O4	OPEN	OPEN	OPEN	OPEN	pubchem:53481449	OPEN	OPEN	OPEN	OPEN
CE4988	10,11-Dihydro-12-Epi-Leukotriene B4	C20H33O4	OPEN	OPEN	OPEN	OPEN	OPEN	OPEN	OPEN	OPEN	OPEN
CE4989	20-Oh-10,11-Dihydro-Leukotriene B4	C20H33O5	OPEN	OPEN	OPEN	OPEN	OPEN	OPEN	OPEN	OPEN	OPEN
CE5945	10,11-Dihydro-20-Dihydroxy-Leukotriene B4	C20H33O6	OPEN	OPEN	OPEN	OPEN	pubchem:53481447	OPEN	OPEN	OPEN	OPEN
CE5946	10,11-Dihydro-20-Trihydroxy-Leukotriene B4	C20H33O7	OPEN	OPEN	OPEN	OPEN	pubchem:53481448	OPEN	OPEN	OPEN	OPEN
CE5947	20-COOH-10,11-Dihydro-Leukotriene B4	C20H30O6	OPEN	OPEN	OPEN	OPEN	pubchem:53481507	OPEN	OPEN	OPEN	OPEN
CE7097	5-Oxo-12(S)-Hydroxy-Eicosa-6E,8Z,10E,14Z-Tetraenoate	C20H29O4	OPEN	OPEN	OPEN	OPEN	OPEN	OPEN	OPEN	OPEN	OPEN
C04805	5-Hydroxyeicosatetraenoate	C20H31O3	OPEN	hmdb:HMDB0011134	kegg:C04805	chebi:28209	pubchem:5280733	OPEN	OPEN	OPEN	OPEN
CE7096	5,15-Dihydroxyeicosatetraenoic Acid	C20H31O4	OPEN	OPEN	OPEN	OPEN	pubchem:5283158	OPEN	OPEN	OPEN	OPEN
CE2084	5-Oxo-(6E,8Z,11Z,14Z)-Eicosatetraenoic Acid	C20H29O3	OPEN	OPEN	OPEN	OPEN	pubchem:1831	OPEN	OPEN	OPEN	OPEN
CE6508	5-Hydroperoxy-Epa	C20H29O4	OPEN	OPEN	OPEN	OPEN	OPEN	OPEN	OPEN	OPEN	OPEN
CE7079	Leukotriene A5	C20H27O3	OPEN	OPEN	OPEN	OPEN	OPEN	OPEN	OPEN	OPEN	OPEN
CE7091	15(S)-Hydroperoxy-Epe	C20H29O4	OPEN	OPEN	OPEN	OPEN	OPEN	OPEN	OPEN	OPEN	OPEN
CE7082	15(S)-(15R)-15-Hydroxyeicosa-5Z,8Z,11Z,13E,17Z-Pentaenoate	C20H29O3	OPEN	OPEN	OPEN	OPEN	pubchem:5283192	OPEN	OPEN	OPEN	OPEN
CE7083	Leukotriene B5	C20H29O4	OPEN	OPEN	OPEN	OPEN	pubchem:5283125	OPEN	OPEN	OPEN	OPEN
CE7085	(+-)-5-Hydroxy-6E,8Z,11Z,14Z,17Z-Eicosapentaenoic Acid	C20H29O3	OPEN	OPEN	OPEN	OPEN	pubchem:1766	OPEN	OPEN	OPEN	OPEN
CE7088	Prostaglandin H3	C20H29O5	OPEN	OPEN	OPEN	OPEN	pubchem:53481592	OPEN	OPEN	OPEN	OPEN
CE7081	15R-Hydroxy-5Z,8Z,11Z,13E,17Z-Eicosapentaenoic Acid	C20H29O3	OPEN	OPEN	OPEN	OPEN	pubchem:53480357	OPEN	OPEN	OPEN	OPEN
CE7090	18R-Hydroxy-5Z,8Z,11Z,14Z,16E-Eicosapentaenoic Acid	C20H29O3	OPEN	OPEN	OPEN	chebi:81563	pubchem:16061126	OPEN	OPEN	OPEN	OPEN
CE0347	12-Hydroxyeicosatetraenoate	C20H31O3	OPEN	OPEN	OPEN	OPEN	pubchem:5312983	OPEN	OPEN	OPEN	OPEN
CE6247	5,12,20-Trihete	C20H31O5	OPEN	OPEN	OPEN	OPEN	pubchem:1589	OPEN	OPEN	OPEN	OPEN
C04849	(5Z,9E,14Z)-(8Xi,11R,12S)-11,12-Epoxy-8-Hydroxyicosa-5,9,14-Trienoate	C20H31O4	OPEN	OPEN	kegg:C04849	chebi:15631	pubchem:21158465	OPEN	OPEN	OPEN	OPEN
CE6230	15-Hydroperoxyeicosa-8Z,11Z,13E-Trienoate	C20H33O4	OPEN	OPEN	OPEN	OPEN	pubchem:53936694	OPEN	OPEN	OPEN	OPEN
CE2537	15-Hydroxy-(8Z,11Z,13E)-Eicosatrienoate	C20H33O3	OPEN	OPEN	OPEN	OPEN	pubchem:1437	OPEN	OPEN	OPEN	OPEN
CE6232	Prostaglandin G1	C20H33O6	OPEN	OPEN	OPEN	OPEN	pubchem:53481591	OPEN	OPEN	OPEN	OPEN
CE6234	Prostaglandin H1	C20H33O5	OPEN	OPEN	OPEN	OPEN	pubchem:5283048	OPEN	OPEN	OPEN	OPEN
dece3coa	3-Decenoyl Coenzyme A	C31H48N7O17P3S	OPEN	OPEN	OPEN	OPEN	pubchem:16019966	OPEN	OPEN	OPEN	OPEN
CE2089	S-[2-Carboxy-1-(1 H-Imidazol-4-Yl)Ethyl]-L-Cysteine	C9H12N3O4S	OPEN	OPEN	OPEN	OPEN	OPEN	OPEN	OPEN	OPEN	OPEN
CE2088	N-Acetyl-S-[2-Carboxy-1-(1 H-Imidazol-4-Yl)Ethyl]-L-Cysteine	C11H13N3O5S	OPEN	OPEN	OPEN	OPEN	OPEN	OPEN	OPEN	OPEN	OPEN
urcan	Urocanate	C6H5N2O2	OPEN	hmdb:HMDB0000301	kegg:C00785	chebi:30817	pubchem:736715	OPEN	OPEN	OPEN	OPEN
C05767	Uroporphyrin I	C40H30N4O16	OPEN	hmdb:HMDB0000936	kegg:C05767	chebi:27484	OPEN	OPEN	OPEN	OPEN	OPEN
adpac	Adipic Acid	C6H8O4	OPEN	hmdb:HMDB0000448	kegg:C06104	chebi:30832	pubchem:196	OPEN	OPEN	OPEN	OPEN
adpcoa	Adipoyl Coenzyme A	C27H39N7O19P3S	OPEN	OPEN	OPEN	OPEN	pubchem:9543333	OPEN	OPEN	OPEN	OPEN
c6dc	Adipoyl Carnitine	C13H22NO6	OPEN	OPEN	OPEN	OPEN	OPEN	OPEN	OPEN	OPEN	OPEN
3bcrn	3-Hydroxy Butyryl Carnitine	C11H21NO5	OPEN	OPEN	OPEN	OPEN	OPEN	OPEN	OPEN	OPEN	OPEN
c10crn	Decanoyl Carnitine	C17H33NO4	OPEN	hmdb:HMDB0000651	OPEN	OPEN	pubchem:10245190	OPEN	OPEN	OPEN	OPEN
c101coa	Decenoyl Coenzyme A	C31H48N7O17P3S	OPEN	OPEN	OPEN	OPEN	OPEN	OPEN	OPEN	OPEN	OPEN
c101crn	Decenoyl Carnitine	C17H31NO4	OPEN	OPEN	OPEN	OPEN	pubchem:53481651	OPEN	OPEN	OPEN	OPEN
decdicoa	Decadienoyl Coenzyme A	C31H46N7O17P3S	OPEN	OPEN	OPEN	OPEN	pubchem:22833562	OPEN	OPEN	OPEN	OPEN
decdicrn	Decadienoyl Carnitine	C17H29NO4	OPEN	OPEN	OPEN	OPEN	pubchem:53481669	OPEN	OPEN	OPEN	OPEN
c10dc	Sebacoyl Carnitine	C17H30NO6	OPEN	OPEN	OPEN	OPEN	OPEN	OPEN	OPEN	OPEN	OPEN
sebcoa	Sebacoyl Coenzyme A	C31H47N7O19P3S	OPEN	OPEN	OPEN	OPEN	OPEN	OPEN	OPEN	OPEN	OPEN
3deccrn	3-Hydroxydecanoylcarnitine	C17H33NO5	OPEN	OPEN	OPEN	OPEN	OPEN	OPEN	OPEN	OPEN	OPEN
ddeccrn	Lauroyl Carnitine	C19H37NO4	OPEN	OPEN	OPEN	OPEN	pubchem:168381	OPEN	OPEN	OPEN	OPEN
ddece1crn	Dodecenoyl Carnitine	C19H35NO4	OPEN	OPEN	OPEN	OPEN	OPEN	OPEN	OPEN	OPEN	OPEN
c12dccoa	Dodecanedioyl Coenzyme A	C33H51N7O19P3S	OPEN	OPEN	OPEN	OPEN	OPEN	OPEN	OPEN	OPEN	OPEN
dodecanac	Dodecanedioic Acid	C12H20O4	OPEN	OPEN	OPEN	OPEN	pubchem:12736	OPEN	OPEN	OPEN	OPEN
c12dc	Dodecanedioyl Carnitine	C19H34NO6	OPEN	OPEN	OPEN	OPEN	OPEN	OPEN	OPEN	OPEN	OPEN
3ddcrn	3-Hydroxydodecanoylcarnitine	C19H37NO5	OPEN	OPEN	OPEN	OPEN	OPEN	OPEN	OPEN	OPEN	OPEN
3tetd7ecoa	3-Hydroxy Tetradecenoyl-7 Coenzyme A	C35H56N7O18P3S	OPEN	OPEN	OPEN	OPEN	OPEN	OPEN	OPEN	OPEN	OPEN
tetdece1coa	Tetradecenoyl Coenzyme A	C35H56N7O17P3S	OPEN	OPEN	OPEN	OPEN	OPEN	OPEN	OPEN	OPEN	OPEN
tetdece1crn	Tetradecenoyl Carnitine	C21H39NO4	OPEN	OPEN	OPEN	OPEN	pubchem:22833575	OPEN	OPEN	OPEN	OPEN
3tetd7ecoacrn	3-Hydroxy Tetradecenoyl-7-Carnitine	C21H39NO5	OPEN	OPEN	OPEN	OPEN	OPEN	OPEN	OPEN	OPEN	OPEN
3ttetddcoa	3-Hydroxy Trans5,8Tetradecadienoyl Coenzyme A	C35H54N7O18P3S	OPEN	OPEN	OPEN	OPEN	OPEN	OPEN	OPEN	OPEN	OPEN
tetdec2coa	Tetradecadienoyl Coenzyme A	C35H54N7O17P3S	OPEN	OPEN	OPEN	OPEN	OPEN	OPEN	OPEN	OPEN	OPEN
tetdec2crn	Tetradecadienoyl Carnitine	C21H37NO4	OPEN	OPEN	OPEN	OPEN	OPEN	OPEN	OPEN	OPEN	OPEN
3ttetddcoacrn	3-Hydroxy Trans5,8Tetradecadienoyl Carnitine	C21H37NO5	OPEN	OPEN	OPEN	OPEN	OPEN	OPEN	OPEN	OPEN	OPEN
3tdcrn	3-Hydroxy-Tetradecanoyl Carnitine	C21H41NO5	OPEN	OPEN	OPEN	OPEN	OPEN	OPEN	OPEN	OPEN	OPEN
3hdeccoa	3-Hydroxyhexadecenoyl Coenzyme A	C37H60N7O18P3S	OPEN	OPEN	OPEN	OPEN	OPEN	OPEN	OPEN	OPEN	OPEN
3hdececrn	3-Hydroxyhexadecenoylcarnitine	C23H43NO5	OPEN	OPEN	OPEN	OPEN	OPEN	OPEN	OPEN	OPEN	OPEN
3thexddcoa	3-Hydroxy Trans7,10-Hexadecadienoyl Coenzyme A	C37H58N7O18P3S	OPEN	OPEN	OPEN	OPEN	OPEN	OPEN	OPEN	OPEN	OPEN
3thexddcoacrn	3-Hydroxy Trans7,10-Hexadecadienoyl Carnitine	C23H41NO5	OPEN	OPEN	OPEN	OPEN	OPEN	OPEN	OPEN	OPEN	OPEN
hexdicoa	Hexadecanedioyl Coenzyme A	C37H59N7O19P3S	OPEN	OPEN	OPEN	OPEN	OPEN	OPEN	OPEN	OPEN	OPEN
c16dc	Hexadecanedioic Acid Mono-L-Carnitine Ester	C23H42NO6	OPEN	OPEN	OPEN	OPEN	pubchem:566787	OPEN	OPEN	OPEN	OPEN
3hexdcoa	3-Hydroxyhexadecanoyl Coenzyme A	C37H62N7O18P3S	OPEN	OPEN	OPEN	OPEN	pubchem:440600	OPEN	OPEN	OPEN	OPEN
3hexdcrn	3-Hydroxyhexadecanoylcarnitine	C23H45NO5	OPEN	OPEN	OPEN	OPEN	pubchem:53481691	OPEN	OPEN	OPEN	OPEN
3octdece1coa	3-Hydroxyoctadecenoyl Coenzyme A	C39H64N7O18P3S	OPEN	OPEN	OPEN	OPEN	OPEN	OPEN	OPEN	OPEN	OPEN
3octdece1crn	3-Hydroxy-Octadecenoyl Carnitine	C25H47NO5	OPEN	OPEN	OPEN	OPEN	OPEN	OPEN	OPEN	OPEN	OPEN
3ocddcoa	3-Hydroxyoctadecadienoyl Coenzyme A	C39H62N7O18P3S	OPEN	OPEN	OPEN	OPEN	OPEN	OPEN	OPEN	OPEN	OPEN
3octdec2crn	3-Hydroxyoctadecadienoylcarnitine	C25H45NO5	OPEN	OPEN	OPEN	OPEN	OPEN	OPEN	OPEN	OPEN	OPEN
3hodcoa	(S)-3-Hydroxyoctadecanoyl Coenzyme A	C39H66N7O18P3S	OPEN	OPEN	OPEN	OPEN	pubchem:49859586	OPEN	OPEN	OPEN	OPEN
3octdeccrn	3-Hydroxyoctadecanoyl Carnitine	C25H49NO5	OPEN	OPEN	OPEN	OPEN	OPEN	OPEN	OPEN	OPEN	OPEN
c3dc	Malonyl Carnitine	C10H16NO6	OPEN	OPEN	OPEN	OPEN	pubchem:22833583	OPEN	OPEN	OPEN	OPEN
c4dc	Succinyl Carnitine	C11H18NO6	OPEN	OPEN	OPEN	OPEN	OPEN	OPEN	OPEN	OPEN	OPEN
ivcrn	Isovaleryl Carnitine	C12H23NO4	OPEN	OPEN	OPEN	OPEN	pubchem:6426851	OPEN	OPEN	OPEN	OPEN
c51crn	Tiglyl Carnitine	C12H21NO4	OPEN	OPEN	OPEN	OPEN	pubchem:22833596	OPEN	OPEN	OPEN	OPEN
c5dc	Glutaryl Carnitine	C12H21NO6	OPEN	OPEN	OPEN	OPEN	pubchem:53481622	OPEN	OPEN	OPEN	OPEN
c6crn	Hexanoyl Carnitine	C13H25NO4	OPEN	OPEN	OPEN	OPEN	pubchem:6426853	OPEN	OPEN	OPEN	OPEN
c81coa	Octenoyl Coenzyme A	C29H44N7O17P3S	OPEN	OPEN	OPEN	OPEN	pubchem:5280769	OPEN	OPEN	OPEN	OPEN
c81crn	Octenoyl Carnitine	C15H27NO4	OPEN	OPEN	OPEN	OPEN	pubchem:53481667	OPEN	OPEN	OPEN	OPEN
sbcoa	Suberyl Coenzyme A	C29H43N7O19P3S	OPEN	OPEN	OPEN	OPEN	OPEN	OPEN	OPEN	OPEN	OPEN
c8dc	Suberyl Carnitine	C15H26NO6	OPEN	OPEN	OPEN	OPEN	OPEN	OPEN	OPEN	OPEN	OPEN
doco13ecoa	13-Docosenoyl Coenzyme A	C43H72N7O17P3S	OPEN	OPEN	OPEN	OPEN	pubchem:24892791	OPEN	OPEN	OPEN	OPEN
docosdiac	Docosanedioicacid	C22H40O4	OPEN	OPEN	OPEN	OPEN	pubchem:244872	OPEN	OPEN	OPEN	OPEN
3ivcrn	3-Hydroxy-Isovaleryl Carnitine	C12H23NO5	OPEN	OPEN	OPEN	OPEN	OPEN	OPEN	OPEN	OPEN	OPEN
dec47dicoa	4,7-Decadienoyl Coenzyme A	C31H46N7O17P3S	OPEN	OPEN	OPEN	OPEN	OPEN	OPEN	OPEN	OPEN	OPEN
dectricoa	2,4,7-Decatrienoyl Coenzyme A	C31H44N7O17P3S	OPEN	OPEN	OPEN	OPEN	OPEN	OPEN	OPEN	OPEN	OPEN
2decdicoa	2,7-Decadienoyl Coenzyme A	C31H46N7O17P3S	OPEN	OPEN	OPEN	OPEN	OPEN	OPEN	OPEN	OPEN	OPEN
octe5coa	5-Octenoyl Coenzyme A	C29H44N7O17P3S	OPEN	OPEN	OPEN	OPEN	OPEN	OPEN	OPEN	OPEN	OPEN
3decdicoa	3,7-Decadienoyl Coenzyme A	C31H46N7O17P3S	OPEN	OPEN	OPEN	OPEN	OPEN	OPEN	OPEN	OPEN	OPEN
tmuncoa	2,6,10-Trimethyl Undecanoyl Coenzyme A	C35H58N7O17P3S	OPEN	OPEN	OPEN	OPEN	OPEN	OPEN	OPEN	OPEN	OPEN
undcoa	Undecanoyl Coenzyme A	C32H52N7O17P3S	OPEN	OPEN	OPEN	OPEN	pubchem:53481608	OPEN	OPEN	OPEN	OPEN
noncoa	Nonanoyl Coenzyme A	C30H48N7O17P3S	OPEN	OPEN	OPEN	OPEN	pubchem:439607	OPEN	OPEN	OPEN	OPEN
dd5ecoa	5-Dodecenoyl Coenzyme A	C33H52N7O17P3S	OPEN	OPEN	OPEN	OPEN	OPEN	OPEN	OPEN	OPEN	OPEN
2ddecdicoa	2,6-Dodecadienoyl Coenzyme A	C33H50N7O17P3S	OPEN	OPEN	OPEN	OPEN	pubchem:53480665	OPEN	OPEN	OPEN	OPEN
3ddecdicoa	3,6-Dodecadienoyl Coenzyme A	C33H50N7O17P3S	OPEN	OPEN	OPEN	OPEN	pubchem:5280771	OPEN	OPEN	OPEN	OPEN
2dodtricoa	2,6,9-Dodecatrienoyl Coenzyme A	C33H48N7O17P3S	OPEN	OPEN	OPEN	OPEN	OPEN	OPEN	OPEN	OPEN	OPEN
3dodtricoa	3,6,9-Dodecatrienoyl Coenzyme A	C33H48N7O17P3S	OPEN	OPEN	OPEN	OPEN	OPEN	OPEN	OPEN	OPEN	OPEN
tridcoa	Tridecanoyl Coenzyme A	C34H56N7O17P3S	OPEN	OPEN	OPEN	OPEN	pubchem:53481606	OPEN	OPEN	OPEN	OPEN
tetd7ecoa	7-Tetradecenoyl Coenzyme A	C35H56N7O17P3S	OPEN	OPEN	OPEN	OPEN	OPEN	OPEN	OPEN	OPEN	OPEN
tetde5coa	5-Tetradecenoyl Coenzyme A	C35H56N7O17P3S	OPEN	OPEN	OPEN	OPEN	OPEN	OPEN	OPEN	OPEN	OPEN
tetdecdicoa	5,8-Tetradecadienoyl Coenzyme A	C35H54N7O17P3S	OPEN	OPEN	OPEN	OPEN	pubchem:21252281	OPEN	OPEN	OPEN	OPEN
ttetddcoa	Trans5,8Tetradecadienoyl Coenzyme A	C35H54N7O17P3S	OPEN	OPEN	OPEN	OPEN	pubchem:21252281	OPEN	OPEN	OPEN	OPEN
5tedtricoa	5,8,11-Tetradecatrienoyl Coenzyme A	C35H52N7O17P3S	OPEN	OPEN	OPEN	OPEN	OPEN	OPEN	OPEN	OPEN	OPEN
c14dccoa	Tetradecanedioyl Coenzyme A	C35H55N7O19P3S	OPEN	OPEN	OPEN	OPEN	OPEN	OPEN	OPEN	OPEN	OPEN
hexde7coa	7-Hexadecenoyl Coenzyme A	C37H60N7O17P3S	OPEN	OPEN	OPEN	OPEN	OPEN	OPEN	OPEN	OPEN	OPEN
hexddcoa	7,10-Hexadecadienoyl Coenzyme A	C37H58N7O17P3S	OPEN	OPEN	OPEN	OPEN	OPEN	OPEN	OPEN	OPEN	OPEN
thexddcoa	Trans7,10-Hexadecadienoyl Coenzyme A	C37H58N7O17P3S	OPEN	OPEN	OPEN	OPEN	OPEN	OPEN	OPEN	OPEN	OPEN
2hexdtricoa	2,7,10-Hexadecatrienoyl Coenzyme A	C37H56N7O17P3S	OPEN	OPEN	OPEN	OPEN	OPEN	OPEN	OPEN	OPEN	OPEN
hexdtrcoa	7,10,13-Hexadecatrienoyl Coenzyme A	C37H56N7O17P3S	OPEN	OPEN	OPEN	OPEN	OPEN	OPEN	OPEN	OPEN	OPEN
4hexdtricoa	4,7,10-Hexadecatrienoyl Coenzyme A	C37H56N7O17P3S	OPEN	OPEN	OPEN	OPEN	OPEN	OPEN	OPEN	OPEN	OPEN
hexdectecoa	2,4,7,10-Hexadecatetraenoyl Coenzyme A	C37H54N7O17P3S	OPEN	OPEN	OPEN	OPEN	OPEN	OPEN	OPEN	OPEN	OPEN
3hexdtricoa	3,7,10-Hexadecatrienoyl Coenzyme A	C37H56N7O17P3S	OPEN	OPEN	OPEN	OPEN	OPEN	OPEN	OPEN	OPEN	OPEN
2hexdtetcoa	2,7,10,13-Hexadecatetraenoyl Coenzyme A	C37H54N7O17P3S	OPEN	OPEN	OPEN	OPEN	OPEN	OPEN	OPEN	OPEN	OPEN
4hexdtetcoa	4,7,10,13-Hexadecatetraenoyl Coenzyme A	C37H54N7O17P3S	OPEN	OPEN	OPEN	OPEN	OPEN	OPEN	OPEN	OPEN	OPEN
hexdpencoa	2,4,7,10,13-Hexadecapentaenoyl Coenzyme A	C37H52N7O17P3S	OPEN	OPEN	OPEN	OPEN	OPEN	OPEN	OPEN	OPEN	OPEN
3hexdtetcoa	3,7,10,13-Hexadecatetraenoyl Coenzyme A	C37H54N7O17P3S	OPEN	OPEN	OPEN	OPEN	OPEN	OPEN	OPEN	OPEN	OPEN
hexdiac	Hexadecanediocacid	C16H28O4	OPEN	OPEN	OPEN	OPEN	pubchem:10459	OPEN	OPEN	OPEN	OPEN
ocde9ecoa	9-Octadecenoyl Coenzyme A	C39H64N7O17P3S	OPEN	OPEN	OPEN	OPEN	pubchem:5280355	OPEN	OPEN	OPEN	OPEN
octdececoa	Octadecenoyl Coenzyme A	C39H64N7O17P3S	OPEN	OPEN	OPEN	OPEN	OPEN	OPEN	OPEN	OPEN	OPEN
2octdectecoa	2,6,9,12-Octadecatetraenoyl Coenzyme A	C39H58N7O17P3S	OPEN	OPEN	OPEN	OPEN	OPEN	OPEN	OPEN	OPEN	OPEN
3octdectecoa	3,6,9,12-Octadecatetraenoyl Coenzyme A	C39H58N7O17P3S	OPEN	OPEN	OPEN	OPEN	OPEN	OPEN	OPEN	OPEN	OPEN
2octpencoa	2,6,9,12,15-Octadecapentenoyl Coenzyme A	C39H56N7O17P3S	OPEN	OPEN	OPEN	OPEN	OPEN	OPEN	OPEN	OPEN	OPEN
3octpencoa	3,6,9,12,15-Octadecapentenoyl Coenzyme A	C39H56N7O17P3S	OPEN	OPEN	OPEN	OPEN	OPEN	OPEN	OPEN	OPEN	OPEN
ei11ecoa	11-Eicosenoyl Coenzyme A	C41H68N7O17P3S	OPEN	OPEN	OPEN	OPEN	pubchem:24892790	OPEN	OPEN	OPEN	OPEN
eitetcoa	5,8,11,14-Eicosatetraenoyl Coenzyme A	C41H62N7O17P3S	OPEN	OPEN	OPEN	OPEN	OPEN	OPEN	OPEN	OPEN	OPEN
eipencoa	2,5,8,11,14-Eicosapentaenoyl Coenzyme A	C41H60N7O17P3S	OPEN	OPEN	OPEN	OPEN	OPEN	OPEN	OPEN	OPEN	OPEN
5eipencoa	5,8,11,14,17-Eicosapentenoyl Coenzyme A	C41H60N7O17P3S	OPEN	OPEN	OPEN	OPEN	OPEN	OPEN	OPEN	OPEN	OPEN
2docopencoa	2,7,10,13,16-Docosapentenoyl Coenzyme A	C43H64N7O17P3S	OPEN	OPEN	OPEN	OPEN	OPEN	OPEN	OPEN	OPEN	OPEN
docohexcoa	2,4,7,10,13,16-Docosahexenoyl Coenzyme A	C43H62N7O17P3S	OPEN	OPEN	OPEN	OPEN	OPEN	OPEN	OPEN	OPEN	OPEN
3docopencoa	3,7,10,13,16-Docosapentenoyl Coenzyme A	C43H64N7O17P3S	OPEN	OPEN	OPEN	OPEN	OPEN	OPEN	OPEN	OPEN	OPEN
2docohexecoa	2,7,10,13,16,19-Docosahexenoyl Coenzyme A	C43H62N7O17P3S	OPEN	OPEN	OPEN	OPEN	OPEN	OPEN	OPEN	OPEN	OPEN
docohepcoa	2,4,7,10,13,16,19-Docosaheptenoyl Coenzyme A	C43H60N7O17P3S	OPEN	OPEN	OPEN	OPEN	OPEN	OPEN	OPEN	OPEN	OPEN
docosahexcoa	3,7,10,13,16,19-Docosahexenoyl Coenzyme A	C43H62N7O17P3S	OPEN	OPEN	OPEN	OPEN	OPEN	OPEN	OPEN	OPEN	OPEN
omhdocosac	W-Hydroxydocosanoicacid	C22H42O3	OPEN	OPEN	OPEN	OPEN	pubchem:5282922	OPEN	OPEN	OPEN	OPEN
pentcoa	Pentanoyl Coenzyme A	C26H40N7O17P3S	OPEN	OPEN	OPEN	OPEN	pubchem:439337	OPEN	OPEN	OPEN	OPEN
3ivcoa	3-Hydroxyisovaleryl Coenzyme A	C26H40N7O18P3S	OPEN	OPEN	OPEN	OPEN	pubchem:11953876	OPEN	OPEN	OPEN	OPEN
hexe3coa	3-Hexenoyl Coenzyme A	C27H40N7O17P3S	OPEN	OPEN	OPEN	OPEN	pubchem:53477848	OPEN	OPEN	OPEN	OPEN
hepcoa	Heptanoyl Coenzyme A	C28H44N7O17P3S	OPEN	OPEN	OPEN	OPEN	pubchem:53481563	OPEN	OPEN	OPEN	OPEN
omhdecacid	W-Hydroxydecanoicacid	C10H19O3	OPEN	OPEN	OPEN	OPEN	OPEN	OPEN	OPEN	OPEN	OPEN
sebacid	Sebacicacid	C10H16O4	OPEN	hmdb:HMDB0000792	kegg:C08277	chebi:41865	pubchem:5192	OPEN	OPEN	OPEN	OPEN
tdec4ecoa	Trans4Decenoyl Coenzyme A	C31H48N7O17P3S	OPEN	OPEN	OPEN	OPEN	OPEN	OPEN	OPEN	OPEN	OPEN
ctdecdcoa	Cis2Trans4Decadienoyl Coenzyme A	C31H46N7O17P3S	OPEN	OPEN	OPEN	OPEN	OPEN	OPEN	OPEN	OPEN	OPEN
tddedi2coa	Trans2,6Dodecadienoyl Coenzyme A	C33H50N7O17P3S	OPEN	OPEN	OPEN	OPEN	OPEN	OPEN	OPEN	OPEN	OPEN
tddedicoa	Trans3,6Dodecadienoyl Coenzyme A	C33H50N7O17P3S	OPEN	OPEN	OPEN	OPEN	pubchem:5280771	OPEN	OPEN	OPEN	OPEN
ocdececrn	11-Octadecenoyl Carnitine	C25H47NO4	OPEN	OPEN	OPEN	OPEN	pubchem:53477830	OPEN	OPEN	OPEN	OPEN
octdececrn	Octadecenoyl Carnitine (Hypothetical, Position Of Double Bond Unknown)	C25H47NO4	OPEN	OPEN	OPEN	OPEN	OPEN	OPEN	OPEN	OPEN	OPEN
subeac	Suberic Acid	C8H12O4	OPEN	hmdb:HMDB0000893	kegg:C08278	chebi:9300	pubchem:10457	OPEN	OPEN	OPEN	OPEN
alaala	D-Alanyl-D-Alanine	C6H12N2O3	OPEN	OPEN	OPEN	OPEN	pubchem:5460362	OPEN	OPEN	OPEN	OPEN
bglc	Beta-Glucans	C1200000H2200000O1100000	OPEN	OPEN	OPEN	OPEN	OPEN	OPEN	OPEN	OPEN	OPEN
glgchlo	Beta Glucan-Glycocholate Complex	C1200026H2200043NO1100006	OPEN	OPEN	OPEN	OPEN	OPEN	OPEN	OPEN	OPEN	OPEN
gltcho	Beta Glucan-Taurocholic Acid Complex	C1200026H2200045NO1100007S	OPEN	OPEN	OPEN	OPEN	OPEN	OPEN	OPEN	OPEN	OPEN
gltdechol	Beta Glucan-Taurodeoxycholic Acid Complex	C1200026H2200044NO1100006S	OPEN	OPEN	OPEN	OPEN	OPEN	OPEN	OPEN	OPEN	OPEN
glygly	Glycyl-Glycine	C4H8N2O3	OPEN	OPEN	OPEN	OPEN	pubchem:11163	OPEN	OPEN	OPEN	OPEN
glyphe	Glycyl-Phenylalanine	C11H14N2O3	OPEN	hmdb:HMDB0028848	OPEN	OPEN	OPEN	cpd15605	OPEN	OPEN	OPEN
glypro	Glycylproline	C7H12N2O3	OPEN	hmdb:HMDB0000721	OPEN	chebi:356660	pubchem:79101	cpd11588	OPEN	OPEN	OPEN
glysar	Glycylsarcosine	C5H10N2O3	OPEN	OPEN	OPEN	OPEN	pubchem:93131	OPEN	OPEN	OPEN	OPEN
gum	Gums	C2760000H5060000O2530000	OPEN	OPEN	OPEN	OPEN	OPEN	OPEN	OPEN	OPEN	OPEN
gumdchac	Guar Gum-Deoxyxholic Acid Complex	C2760024H5060039O2530004	OPEN	OPEN	OPEN	OPEN	OPEN	OPEN	OPEN	OPEN	OPEN
gumgchol	Guar Gum-Glycocholate Complex	C2760026H5060043NO2530006	OPEN	OPEN	OPEN	OPEN	OPEN	OPEN	OPEN	OPEN	OPEN
gumtchol	Guar Gum-Taurocholic Acid Complex	C2760026H5060045NO2530007S	OPEN	OPEN	OPEN	OPEN	OPEN	OPEN	OPEN	OPEN	OPEN
leugly	Leucyl-Glycine	C8H16N2O3	OPEN	hmdb:HMDB0028929	OPEN	OPEN	OPEN	OPEN	OPEN	OPEN	OPEN
leuleu	Leucylleucine	C12H24N2O3	OPEN	OPEN	OPEN	OPEN	pubchem:94244	OPEN	OPEN	OPEN	OPEN
pect	Pectin	C2535H3509O2535	OPEN	hmdb:HMDB0003402	kegg:C08348	chebi:47954	pubchem:441476	OPEN	OPEN	OPEN	OPEN
pectindchac	Pectin-Deoxycholic Acid Complex	C2559H3549O2539	OPEN	OPEN	OPEN	OPEN	OPEN	OPEN	OPEN	OPEN	OPEN
pectingchol	Pectin-Glycocholate Complex	C2561H3553NO2541	OPEN	OPEN	OPEN	OPEN	OPEN	OPEN	OPEN	OPEN	OPEN
pectintchol	Pectin-Taurocholic Acid Complex	C2561H3555NO2542S	OPEN	OPEN	OPEN	OPEN	OPEN	OPEN	OPEN	OPEN	OPEN
progly	L-Prolinylglycine	C7H12N2O3	OPEN	OPEN	OPEN	OPEN	pubchem:6426709	OPEN	OPEN	OPEN	OPEN
psyl	Psyllium	C9642006H15428700O8667414	OPEN	OPEN	OPEN	OPEN	OPEN	OPEN	OPEN	OPEN	OPEN
psylchol	Psillium-Glycocholic Acid Complex	C9642032H15428743NO8667420	OPEN	OPEN	OPEN	OPEN	OPEN	OPEN	OPEN	OPEN	OPEN
psyltchol	Psyllium-Taurocholic Acid Complex	C9642032H15428745NO8667421S	OPEN	OPEN	OPEN	OPEN	OPEN	OPEN	OPEN	OPEN	OPEN
psyltdechol	Psyllium-Taurodeoxycholic Acid Complex	C9642032H15428744NO8667420S	OPEN	OPEN	OPEN	OPEN	OPEN	OPEN	OPEN	OPEN	OPEN
oh1	Hydroxide Ion	HO	OPEN	OPEN	kegg:C01328	chebi:16234	pubchem:961	OPEN	OPEN	OPEN	OPEN
slfcys	S-Sulfo-L-Cysteine	C3H8NO5S2	OPEN	hmdb:HMDB0000731	kegg:C05824	chebi:27891	pubchem:115015	OPEN	OPEN	OPEN	OPEN
cyst_L	L-Cystathionine	C7H14N2O4S	OPEN	hmdb:HMDB0000099	kegg:C02291	chebi:17482	pubchem:439258	OPEN	OPEN	OPEN	OPEN
15kprostgf2	15-Keto-Prostaglandin F2A	C20H31O5	OPEN	OPEN	OPEN	OPEN	OPEN	OPEN	OPEN	OPEN	OPEN
adpoh	2-Hydroxyadipic Acid	C6H8O5	OPEN	OPEN	OPEN	OPEN	OPEN	OPEN	OPEN	OPEN	OPEN
phlac	Phenyllactate	C9H9O3	OPEN	OPEN	OPEN	OPEN	OPEN	OPEN	OPEN	OPEN	OPEN
and19one	19-Hydroxyandrost-4-Ene-3,17-Dione	C19H26O3	OPEN	OPEN	OPEN	OPEN	OPEN	OPEN	OPEN	OPEN	OPEN
ttdceacoa	Tetradecenoyl Coenzyme A (N-C14:1)	C35H56N7O17P3S	OPEN	OPEN	OPEN	OPEN	OPEN	OPEN	OPEN	OPEN	OPEN
21hprgnlone	21-Hydroxypregnenolone	C21H32O3	OPEN	OPEN	OPEN	OPEN	OPEN	OPEN	OPEN	OPEN	OPEN
3mhis	3-Methylhistidine	C7H11N3O2	OPEN	OPEN	OPEN	OPEN	OPEN	OPEN	OPEN	term.3_methylhistidine	OPEN
hmcr	Homocitrulline	C7H15N3O3	OPEN	OPEN	OPEN	OPEN	OPEN	OPEN	OPEN	OPEN	OPEN
phacgly	Phenylacetylglycine	C10H10NO3	OPEN	OPEN	OPEN	OPEN	OPEN	OPEN	OPEN	OPEN	OPEN
pcholmyr_hs	1-Myristoylglycerophosphocholine	C22H47NO7P	OPEN	hmdb:HMDB0010385	kegg:C04230	OPEN	pubchem:53480465	OPEN	OPEN	OPEN	OPEN
pcholole_hs	1-Oleoylglycerophosphocholine (Delta 9)	C26H53NO7P	OPEN	hmdb:HMDB0002815	kegg:C04230	OPEN	pubchem:16081932	OPEN	OPEN	OPEN	OPEN
peole_hs	1-Oleoylglycerophosphoethanolamine (Delta 9)	C23H46NO7P	OPEN	OPEN	OPEN	OPEN	OPEN	OPEN	OPEN	OPEN	OPEN
pcholpalme_hs	1-Palmitoleoylglycerophosphocholine (Delta 9)	C24H49NO7P	OPEN	OPEN	OPEN	OPEN	OPEN	OPEN	OPEN	OPEN	OPEN
pcholpalm_hs	1-Palmitoylglycerophosphocholine	C24H51NO7P	OPEN	OPEN	OPEN	OPEN	OPEN	OPEN	OPEN	OPEN	OPEN
pepalm_hs	1-Palmitoylglycerophosphoethanolamine	C21H44NO7P	OPEN	OPEN	OPEN	OPEN	OPEN	OPEN	OPEN	OPEN	OPEN
pailpalm_hs	1-Palmitoylglycerophosphoinositol	C25H48O12P	OPEN	OPEN	OPEN	OPEN	OPEN	OPEN	OPEN	OPEN	OPEN
pcholste_hs	1-Stearoylglycerophosphocholine	C26H55NO7P	OPEN	hmdb:HMDB0010384	kegg:C04230	OPEN	pubchem:497299	OPEN	OPEN	OPEN	OPEN
peste_hs	1-Stearoylglycerophosphoethanolamine	C23H48NO7P	OPEN	OPEN	OPEN	OPEN	OPEN	OPEN	OPEN	OPEN	OPEN
pailste_hs	1-Stearoylglycerophosphoinositol	C27H52O12P	OPEN	OPEN	OPEN	OPEN	OPEN	OPEN	OPEN	OPEN	OPEN
pchol2linl_hs	2-Linoleoylglycerophosphocholine	C26H51NO7P	OPEN	OPEN	OPEN	OPEN	OPEN	OPEN	OPEN	OPEN	OPEN
pe2linl_hs	2-Linoleoylglycerophosphoethanolamine	C23H44NO7P	OPEN	OPEN	OPEN	OPEN	OPEN	OPEN	OPEN	OPEN	OPEN
pchol2ole_hs	2-Oleoylglycerophosphocholine	C26H53NO7P	OPEN	OPEN	OPEN	OPEN	OPEN	OPEN	OPEN	OPEN	OPEN
pchol2palm_hs	2-Palmitoylglycerophosphocholine	C24H51NO7P	OPEN	OPEN	OPEN	OPEN	OPEN	OPEN	OPEN	OPEN	OPEN
pchol2ste_hs	2-Stearoylglycerophosphocholine	C26H55NO7P	OPEN	OPEN	OPEN	OPEN	OPEN	OPEN	OPEN	OPEN	OPEN
xolest183_hs	1-Gamma-Linolenoyl-Cholesterol, Cholesterol-Ester (18:3, Delta 6, 9, 12)	C45H74O2	OPEN	OPEN	OPEN	OPEN	OPEN	OPEN	OPEN	OPEN	OPEN
xolest181_hs	1-Vaccenoyl-Cholesterol, Cholesterol-Ester (18:1, Delta 11)	C45H78O2	OPEN	OPEN	OPEN	OPEN	OPEN	OPEN	OPEN	OPEN	OPEN
xolest205_hs	1-Timnodnoyl-Cholesterol, Cholesterol-Ester (20:5, Delta 5,8,11,14,17)	C47H74O2	OPEN	OPEN	OPEN	OPEN	OPEN	OPEN	OPEN	OPEN	OPEN
xolest204_hs	Cholesteryl Arachidonate, Cholesterol-Ester (20:4, Delta 5,8,11,14)	C47H76O2	OPEN	OPEN	OPEN	OPEN	OPEN	OPEN	OPEN	OPEN	OPEN
xolest226_hs	Cholesteryl Docosahexanoate, Cholesterol-Ester (22:6, Delta 4,7,10,13,16,19)	C49H76O2	OPEN	OPEN	OPEN	OPEN	OPEN	OPEN	OPEN	OPEN	OPEN
pcholn15_hs	1-Pentadecanoylglycerophosphocholine, Sn1-Lpc (15:0)	C23H49NO7P	OPEN	OPEN	OPEN	OPEN	OPEN	OPEN	OPEN	OPEN	OPEN
pcholar_hs	1-Arachidonoyl-Glycero-3-Phosphocholine	C28H51NO7P	OPEN	OPEN	OPEN	OPEN	OPEN	OPEN	OPEN	OPEN	OPEN
pcholn183_hs	1-Octadeca-Trienoylglycerophosphocholine, Sn1-Lpc (18:3, Delta 9, 12, 15)	C26H49NO7P	OPEN	OPEN	OPEN	OPEN	OPEN	OPEN	OPEN	OPEN	OPEN
pcholn1836_hs	1-Octadeca-Trienoylglycerophosphocholine, Sn1-Lpc (18:3, Delta 6, 9, 12)	C26H49NO7P	OPEN	OPEN	OPEN	OPEN	OPEN	OPEN	OPEN	OPEN	OPEN
pcholn19_hs	1-Nonadecanoylglycerophosphocholine, Sn1-Lpc (19:0)	C27H57NO7P	OPEN	OPEN	OPEN	OPEN	OPEN	OPEN	OPEN	OPEN	OPEN
pcholn201_hs	1-Eicosenoylglycerophosphocholine (Delta 11) ,Sn1-Lpc (20:1)	C28H57NO7P	OPEN	OPEN	OPEN	OPEN	OPEN	OPEN	OPEN	OPEN	OPEN
pcholn204_hs	1-Eicosatetraenoylglycerophosphocholine (Delta 8, 11, 14, 17), Sn1-Lpc (20:4)	C28H51NO7P	OPEN	hmdb:HMDB0010396	kegg:C04230	OPEN	pubchem:53480469	OPEN	OPEN	OPEN	OPEN
pcholn205_hs	1-Eicosapentenoylglycerophosphocholine (Delta 5, 8, 11, 14, 17), Sn1-Lpc (20:5)	C28H49NO7P	OPEN	OPEN	OPEN	OPEN	OPEN	OPEN	OPEN	OPEN	OPEN
pcholn224_hs	1-Docosatetraenoylglycerophosphocholine (Delta 7, 10, 13, 16), Sn1-Lpc (22:4)	C30H55NO7P	OPEN	OPEN	OPEN	OPEN	OPEN	OPEN	OPEN	OPEN	OPEN
pcholn225_hs	1-Docosapentenoylglycerophosphocholine (Delta 7, 10, 13, 16, 19), Sn1-Lpc (22:5)-W3	C30H53NO7P	OPEN	OPEN	OPEN	OPEN	OPEN	OPEN	OPEN	OPEN	OPEN
pcholn2254_hs	1-Docosapentenoylglycerophosphocholine (Delta 4, 7, 10, 13, 16), Sn1-Lpc (22:5)-W6	C30H53NO7P	OPEN	OPEN	OPEN	OPEN	OPEN	OPEN	OPEN	OPEN	OPEN
pcholn226_hs	1-Docosahexenoylglycerophosphocholine (Delta 4, 7, 10, 13, 16, 19), Sn1-Lpc (22:6)	C30H51NO7P	OPEN	OPEN	OPEN	OPEN	OPEN	OPEN	OPEN	OPEN	OPEN
pear_hs	1-Arachidonoyl-Sn-Glycero-3-Phosphoethanolamine	C25H44NO7P	OPEN	OPEN	OPEN	OPEN	OPEN	OPEN	OPEN	OPEN	OPEN
pe203_hs	1-Eicosatrienoylglycerophosphoethanolamine (Delta 11, 14, 17), Lpe (20:3)	C25H46NO7P	OPEN	OPEN	OPEN	OPEN	OPEN	OPEN	OPEN	OPEN	OPEN
pe226_hs	1-Docosahexenoylglyceroethanolamine (Delta 4, 7, 10, 13, 16, 19), Lpe (22:6)	C27H46NO7P	OPEN	OPEN	OPEN	OPEN	OPEN	OPEN	OPEN	OPEN	OPEN
pe224_hs	1-Docosatetraenoyglycerophosphoethanolamine (22:4, Delta 7, 10, 13, 16)	C27H48NO7P	OPEN	OPEN	OPEN	OPEN	OPEN	OPEN	OPEN	OPEN	OPEN
pedh203_hs	1-Dihomo-Linolenoylglycerophosphoethanolamine (20:3, Delta 8, 11, 14)	C25H46NO7P	OPEN	OPEN	OPEN	OPEN	OPEN	OPEN	OPEN	OPEN	OPEN
pe12_hs	1-Didecanoylglycerophosphoethanolamine (C12:0 Pe)	C17H36NO7P	OPEN	OPEN	OPEN	OPEN	OPEN	OPEN	OPEN	OPEN	OPEN
pe14_hs	1-Myristoylglycerophosphoethanolamine (C14:0 Pe)	C19H40NO7P	OPEN	OPEN	OPEN	OPEN	OPEN	OPEN	OPEN	OPEN	OPEN
pe161_hs	1-Hexadecenoylglycerophosphoethanolamine (C16:1 Pe, Delta 9)	C21H42NO7P	OPEN	OPEN	OPEN	OPEN	OPEN	OPEN	OPEN	OPEN	OPEN
pe13_hs	1-Tridecanoylglycerophosphoethanolamine (C13:0 Pe)	C18H38NO7P	OPEN	OPEN	OPEN	OPEN	OPEN	OPEN	OPEN	OPEN	OPEN
pe15_hs	1-Pentadecanoylglycerophosphoethanolamine (C15:0 Pe)	C20H42NO7P	OPEN	OPEN	OPEN	OPEN	OPEN	OPEN	OPEN	OPEN	OPEN
pe17_hs	1-Heptadecanoylglycerophosphoethanolamine (C17:0 Pe)	C22H46NO7P	OPEN	OPEN	OPEN	OPEN	OPEN	OPEN	OPEN	OPEN	OPEN
pcholn203_hs	1-Dihomo-Linolenoylglycerophosphocholine (20:3, Delta 8, 11, 14), Lysopc A C20:3	C28H53NO7P	OPEN	OPEN	OPEN	OPEN	OPEN	OPEN	OPEN	OPEN	OPEN
pailar_hs	1-Arachidonoylglycerophosphoinositol	C29H48O12P	OPEN	OPEN	OPEN	OPEN	OPEN	OPEN	OPEN	OPEN	OPEN
pcholn24_hs	1-Lignocericylglycerophosphocholine (24:0), Lysopc A C24	C32H67NO7P	OPEN	hmdb:HMDB0010405	kegg:C04230	OPEN	pubchem:24779481	OPEN	OPEN	OPEN	OPEN
pcholn261_hs	Lysopc A C26:1 (Delta 5)	C34H69NO7P	OPEN	OPEN	OPEN	OPEN	OPEN	OPEN	OPEN	OPEN	OPEN
pcholn281_hs	Lysopc A C28:1 (Delta 5)	C36H73NO7P	OPEN	OPEN	OPEN	OPEN	OPEN	OPEN	OPEN	OPEN	OPEN
pcholn28_hs	Lysopc A C28:0	C36H75NO7P	OPEN	OPEN	OPEN	OPEN	OPEN	OPEN	OPEN	OPEN	OPEN
pcholdoc_hs	1-Docosahexaenoylglycerophosphocholine	C34H59NO7P	OPEN	OPEN	OPEN	OPEN	OPEN	OPEN	OPEN	OPEN	OPEN
pcholeic_hs	1-Eicosadienoylglycerophosphocholine (Delta 11,14)	C28H55NO7P	OPEN	OPEN	OPEN	OPEN	OPEN	OPEN	OPEN	OPEN	OPEN
pcholet_hs	1-Eicosatrienoylglycerophosphocholine (Delta 11, 14, 17)	C28H53NO7P	OPEN	OPEN	OPEN	OPEN	OPEN	OPEN	OPEN	OPEN	OPEN
pcholhep_hs	1-Heptadecanoylglycerophosphocholine	C25H53NO7P	OPEN	hmdb:HMDB0012108	kegg:C04230	chebi:580913	pubchem:24779463	OPEN	OPEN	OPEN	OPEN
pchollinl_hs	1-Linoleoylglycerophosphocholine (Delta 9,12)	C26H51NO7P	OPEN	OPEN	OPEN	OPEN	OPEN	OPEN	OPEN	OPEN	OPEN
pelinl_hs	1-Linoleoylglycerophosphoethanolamine (Delta 9,12)	C23H44NO7P	OPEN	OPEN	OPEN	OPEN	OPEN	OPEN	OPEN	OPEN	OPEN
sphmyln18114_hs	Sm (D18:1/14:0), Sphingomyelin	C37H76N2O6P	OPEN	OPEN	OPEN	OPEN	OPEN	OPEN	OPEN	OPEN	OPEN
sphmyln18121_hs	Sm (D18:1/21:0), Sphingomyelin	C44H90N2O6P	OPEN	OPEN	OPEN	OPEN	OPEN	OPEN	OPEN	OPEN	OPEN
sphmyln181221_hs	Sm (D18:1/22:1), Sphingomyelin	C45H90N2O6P	OPEN	OPEN	OPEN	OPEN	OPEN	OPEN	OPEN	OPEN	OPEN
sphmyln18122_hs	Sm (D18:1/22:0), Sphingomyelin	C45H92N2O6P	OPEN	OPEN	OPEN	OPEN	OPEN	OPEN	OPEN	OPEN	OPEN
sphmyln18123_hs	Sm (D18:1/23:0), Sphingomyelin	C46H94N2O6P	OPEN	OPEN	OPEN	OPEN	OPEN	OPEN	OPEN	OPEN	OPEN
sphmyln180241_hs	Sm (D18:0/24:1), Sphingomyelin	C47H96N2O6P	OPEN	OPEN	OPEN	OPEN	OPEN	OPEN	OPEN	OPEN	OPEN
sphmyln1824_hs	Sm (D18:0/24:0), Sphingomyelin	C47H98N2O6P	OPEN	OPEN	OPEN	OPEN	OPEN	OPEN	OPEN	OPEN	OPEN
sphmyln1825_hs	Sm (D18:0/25:0), Sphingomyelin	C48H100N2O6P	OPEN	OPEN	OPEN	OPEN	OPEN	OPEN	OPEN	OPEN	OPEN
sphmyln18115_hs	Sm (D18:1/15:0), Sphingomyelin	C38H78N2O6P	OPEN	OPEN	OPEN	OPEN	OPEN	OPEN	OPEN	OPEN	OPEN
sphmyln181161_hs	Sm (D18:1/16:1), Sphingomyelin	C39H78N2O6P	OPEN	OPEN	OPEN	OPEN	OPEN	OPEN	OPEN	OPEN	OPEN
sphmyln18116_hs	Sm (D18:1/16:0), Sphingomyelin	C39H80N2O6P	OPEN	OPEN	OPEN	OPEN	OPEN	OPEN	OPEN	OPEN	OPEN
sphmyln18117_hs	Sm (D18:1/17:0), Sphingomyelin	C40H82N2O6P	OPEN	OPEN	OPEN	OPEN	OPEN	OPEN	OPEN	OPEN	OPEN
sphmyln18118_hs	Sm (D18:1/18:0), Sphingomyelin	C41H84N2O6P	OPEN	OPEN	OPEN	OPEN	OPEN	OPEN	OPEN	OPEN	OPEN
sphmyln181181_hs	Sm (D18:1/18:1), Sphingomyelin	C41H82N2O6P	OPEN	OPEN	OPEN	OPEN	OPEN	OPEN	OPEN	OPEN	OPEN
sphmyln181201_hs	Sm (D18:1/20:1), Sphingomyelin	C43H86N2O6P	OPEN	OPEN	OPEN	OPEN	OPEN	OPEN	OPEN	OPEN	OPEN
sphmyln18120_hs	Sm (D18:1/20:0), Sphingomyelin	C43H88N2O6P	OPEN	OPEN	OPEN	OPEN	OPEN	OPEN	OPEN	OPEN	OPEN
xolest182_hs	1-Linoleoyl-Cholesterol, Cholesterol-Ester (18:2, Delta 9, 12)	C45H76O2	OPEN	OPEN	OPEN	OPEN	OPEN	OPEN	OPEN	OPEN	OPEN
maglinl_hs	1-Linoleoylglycerol	C21H38O4	OPEN	OPEN	OPEN	OPEN	OPEN	OPEN	OPEN	OPEN	OPEN
magole_hs	1-Oleoylglycerol	C21H40O4	OPEN	OPEN	OPEN	OPEN	OPEN	OPEN	OPEN	OPEN	OPEN
magpalm_hs	1-Palmitoylglycerol	C19H38O4	OPEN	OPEN	OPEN	OPEN	OPEN	OPEN	OPEN	OPEN	OPEN
magste_hs	1-Stearoylglycerol	C21H42O4	OPEN	OPEN	OPEN	OPEN	OPEN	OPEN	OPEN	OPEN	OPEN
magarachi_hs	1-Arachidonoyl Glycerol	C23H38O4	OPEN	OPEN	OPEN	OPEN	OPEN	OPEN	OPEN	OPEN	OPEN
eidi1114ac	Cis,Cis-11,14-Eicosadienoic Acid	C20H35O2	OPEN	hmdb:HMDB0005060	kegg:C16525	chebi:603631	pubchem:6439848	OPEN	OPEN	OPEN	OPEN
hxa	Hexanoate (N-C6:0)	C6H11O2	OPEN	OPEN	OPEN	OPEN	OPEN	OPEN	OPEN	OPEN	OPEN
tetdeca511ac	Cia-5,8, Tetradecadienoic Acid	C14H23O2	OPEN	OPEN	OPEN	OPEN	OPEN	OPEN	OPEN	OPEN	OPEN
glyc2p	Glycerol 2-Phosphate	C3H7O6P	OPEN	OPEN	OPEN	OPEN	OPEN	OPEN	OPEN	OPEN	OPEN
aclys	Acetyl-L-Lysine	C8H16N2O3	OPEN	OPEN	OPEN	OPEN	OPEN	OPEN	OPEN	OPEN	OPEN
hmcarn	Homocarnosine	C10H16N4O3	OPEN	OPEN	OPEN	OPEN	OPEN	OPEN	OPEN	OPEN	OPEN
4mtob	4-Methyl-Thio-Oxo-Butyrate	C5H7O3S	OPEN	OPEN	OPEN	OPEN	OPEN	OPEN	OPEN	OPEN	OPEN
3mtp	3-Methyl-Thio-Propionate	C4H8OS	OPEN	OPEN	OPEN	OPEN	OPEN	OPEN	OPEN	OPEN	OPEN
3hpppnohgluc	3-(3-Hydroxy-Phenyl)Propionate Hydroxy Derivative Glucuronide	C15H16O9	OPEN	OPEN	OPEN	OPEN	OPEN	OPEN	OPEN	OPEN	OPEN
3hpppn	3-(3-Hydroxy-Phenyl)Propionate	C9H9O3	OPEN	OPEN	OPEN	OPEN	OPEN	OPEN	OPEN	OPEN	OPEN
3hpppnoh	3-(3-Hydroxy-Phenyl)Propionate Hydroxy Derivative	C9H9O4	OPEN	OPEN	OPEN	OPEN	OPEN	OPEN	OPEN	OPEN	OPEN
abt_D	D-Arabitol	C5H12O5	OPEN	OPEN	OPEN	OPEN	OPEN	OPEN	OPEN	OPEN	OPEN
acgly	Acetyl-Glycine	C4H6NO3	OPEN	OPEN	OPEN	OPEN	OPEN	OPEN	OPEN	OPEN	OPEN
acthr_L	Acetyl-Threonine	C6H10NO4	OPEN	OPEN	OPEN	OPEN	OPEN	OPEN	OPEN	OPEN	OPEN
aracheth	O-Arachidonoyl Ethanolamine	C22H38NO2	OPEN	OPEN	OPEN	OPEN	OPEN	OPEN	OPEN	OPEN	OPEN
didecaeth	C12:0-Ethanolamide, Didecanoyl Ethanolamide	C14H29NO2	OPEN	OPEN	OPEN	OPEN	OPEN	OPEN	OPEN	OPEN	OPEN
diholineth	Dihomo-Gamma-Linolenoyl Ethanolamide	C22H39NO2	OPEN	OPEN	OPEN	OPEN	OPEN	OPEN	OPEN	OPEN	OPEN
docohxeth	Docosahexaenoyl Ethanolamide	C24H37NO2	OPEN	OPEN	OPEN	OPEN	OPEN	OPEN	OPEN	OPEN	OPEN
docteteth	Docosatetraenoyl Ethanolamide (22:4, Delta 7, 10, 13, 16)	C24H41NO2	OPEN	OPEN	OPEN	OPEN	OPEN	OPEN	OPEN	OPEN	OPEN
hepdeceth	Heptadecanoyl Thanolamide (C17:0)	C19H39NO2	OPEN	OPEN	OPEN	OPEN	OPEN	OPEN	OPEN	OPEN	OPEN
hexdeceeth	Hexadecenoyl Ethanolamide, C16:1-Ethanolamide (Delta 9)	C18H35NO2	OPEN	OPEN	OPEN	OPEN	OPEN	OPEN	OPEN	OPEN	OPEN
lineth	Linoleoyl Ethanolamide	C20H37NO2	OPEN	OPEN	OPEN	OPEN	OPEN	OPEN	OPEN	OPEN	OPEN
oleth	Oleoyl Ethanolamide	C20H39NO2	OPEN	OPEN	OPEN	OPEN	OPEN	OPEN	OPEN	OPEN	OPEN
pendecaeth	Pentadecanoyl Thanolamide (C15:0)	C17H35NO2	OPEN	OPEN	OPEN	OPEN	OPEN	OPEN	OPEN	OPEN	OPEN
pmeth	Palmitoylethanolamide	C18H37NO2	OPEN	OPEN	OPEN	OPEN	OPEN	OPEN	OPEN	OPEN	OPEN
steeth	Stearoyl Ethanolamide	C20H41NO2	OPEN	OPEN	OPEN	OPEN	OPEN	OPEN	OPEN	OPEN	OPEN
tetdecaeth	C14:0-Ethanolamide, Tetradecanoyl Ethanolamide	C16H33NO2	OPEN	OPEN	OPEN	OPEN	OPEN	OPEN	OPEN	OPEN	OPEN
trideceth	Tridecanoyl Thanolamide (C13:0)	C15H31NO2	OPEN	OPEN	OPEN	OPEN	OPEN	OPEN	OPEN	OPEN	OPEN
txb2	Thromboxane B2	C20H33O6	OPEN	OPEN	OPEN	OPEN	OPEN	OPEN	OPEN	OPEN	OPEN
pser_L	O-Phospho-L-Serine	C3H6NO6P	OPEN	hmdb:HMDB0000272	kegg:C01005	chebi:15811	pubchem:68841	OPEN	OPEN	OPEN	OPEN
acile_L	Acetyl Isoleucine (Chemspider Id: 9964364)	C8H14NO3	OPEN	OPEN	OPEN	OPEN	OPEN	OPEN	OPEN	OPEN	OPEN
acleu_L	N-Acetylleucine	C8H14NO3	OPEN	OPEN	OPEN	OPEN	OPEN	OPEN	OPEN	OPEN	OPEN
achom_L	Acetylhomoserine	C6H10NO4	OPEN	OPEN	OPEN	OPEN	OPEN	OPEN	OPEN	OPEN	OPEN
urscholcoa	Ursodeoxycholyl Coenzyme A	C45H70N7O19P3S	OPEN	OPEN	OPEN	OPEN	OPEN	OPEN	OPEN	OPEN	OPEN
7klitchol	7-Ketolithocholate	C24H37O4	OPEN	OPEN	OPEN	OPEN	OPEN	OPEN	OPEN	OPEN	OPEN
bzcoa	Benzoyl Coenzyme A	C28H36N7O17P3S	OPEN	OPEN	OPEN	OPEN	OPEN	OPEN	OPEN	OPEN	OPEN
pheacgly	Phenylacetylglycine	C10H10NO3	OPEN	OPEN	OPEN	OPEN	OPEN	OPEN	OPEN	OPEN	OPEN
pcresol	P-Cresol	C7H7O	OPEN	hmdb:HMDB0001858	kegg:C01468	chebi:17847	pubchem:2879	OPEN	OPEN	OPEN	OPEN
pcs	P-Cresol Sulfate	C7H7O4S	OPEN	hmdb:HMDB0011635	OPEN	OPEN	pubchem:4615423	OPEN	OPEN	OPEN	OPEN
alaargcys	Alanyl-Arginyl-Cysteine	C12H25N6O4S	OPEN	OPEN	OPEN	OPEN	OPEN	OPEN	OPEN	OPEN	OPEN
alaarggly	Alanyl-Arginyl-Glycine	C11H23N6O4	OPEN	OPEN	OPEN	OPEN	OPEN	OPEN	OPEN	OPEN	OPEN
alaasnleu	Alanyl-Asparaginyl-Leucine	C13H24N4O5	OPEN	OPEN	OPEN	OPEN	OPEN	OPEN	OPEN	OPEN	OPEN
alaglylys	Alanyl-Glycyl-Lysine	C11H23N4O4	OPEN	OPEN	OPEN	OPEN	OPEN	OPEN	OPEN	OPEN	OPEN
alahisala	Alanyl-Histidyl-Alanine	C12H19N5O4	OPEN	OPEN	OPEN	OPEN	OPEN	OPEN	OPEN	OPEN	OPEN
alalysthr	Alanyl-Lysine-Threonine	C13H27N4O5	OPEN	OPEN	OPEN	OPEN	OPEN	OPEN	OPEN	OPEN	OPEN
argalaala	Arginyl-Alanyl-Alanine	C12H25N6O4	OPEN	OPEN	OPEN	OPEN	OPEN	OPEN	OPEN	OPEN	OPEN
argalaphe	Arginyl-Alanine-Phenylalanine	C18H29N6O4	OPEN	OPEN	OPEN	OPEN	OPEN	OPEN	OPEN	OPEN	OPEN
argalathr	Arginyl-Alanyl-Threonine	C13H27N6O5	OPEN	OPEN	OPEN	OPEN	OPEN	OPEN	OPEN	OPEN	OPEN
argarg	Arginyl-Arginine	C12H28N8O3	OPEN	OPEN	OPEN	OPEN	OPEN	OPEN	OPEN	OPEN	OPEN
argarglys	Arginyl-Arginyl-Lysine	C18H41N10O4	OPEN	OPEN	OPEN	OPEN	OPEN	OPEN	OPEN	OPEN	OPEN
argargmet	Arginyl-Arginyl-Metheonine	C17H37N9O4S	OPEN	OPEN	OPEN	OPEN	OPEN	OPEN	OPEN	OPEN	OPEN
argcysgly	Arginyl-Cystinyl-Glycine	C11H23N6O4S	OPEN	OPEN	OPEN	OPEN	OPEN	OPEN	OPEN	OPEN	OPEN
argcysser	Arginyl-Cystinyl-Serine	C12H25N6O5S	OPEN	OPEN	OPEN	OPEN	OPEN	OPEN	OPEN	OPEN	OPEN
arggluglu	Arginyl-Glutamyl-Glutamate	C16H27N6O8	OPEN	OPEN	OPEN	OPEN	OPEN	OPEN	OPEN	OPEN	OPEN
argglupro	Arginyl-Glutamyl-Proline	C16H28N6O6	OPEN	OPEN	OPEN	OPEN	OPEN	OPEN	OPEN	OPEN	OPEN
argglygly	Arginyl-Glycyl-Glycine	C10H21N6O4	OPEN	OPEN	OPEN	OPEN	OPEN	OPEN	OPEN	OPEN	OPEN
arghisthr	Arginyl-Histidyl-Threonine	C16H29N8O5	OPEN	OPEN	OPEN	OPEN	OPEN	OPEN	OPEN	OPEN	OPEN
argleuphe	Arginyl-Leucyl-Phenylalanine	C21H35N6O4	OPEN	OPEN	OPEN	OPEN	OPEN	OPEN	OPEN	OPEN	OPEN
arglysasp	Arginyl-Lysyl-Aspartate	C16H32N7O6	OPEN	OPEN	OPEN	OPEN	OPEN	OPEN	OPEN	OPEN	OPEN
argphearg	Arginyl-Phenylalanine-Arginine	C21H37N9O4	OPEN	OPEN	OPEN	OPEN	OPEN	OPEN	OPEN	OPEN	OPEN
argpromet	Arginyl-Prolyl-Methionine	C16H31N6O4S	OPEN	OPEN	OPEN	OPEN	OPEN	OPEN	OPEN	OPEN	OPEN
argprothr	Arginyl-Prolyl-Threonine	C15H29N6O5	OPEN	OPEN	OPEN	OPEN	OPEN	OPEN	OPEN	OPEN	OPEN
argserser	Arginyl-Seryl-Serine	C12H25N6O6	OPEN	OPEN	OPEN	OPEN	OPEN	OPEN	OPEN	OPEN	OPEN
argtyrval	Argtyrval	C20H33N6O5	OPEN	OPEN	OPEN	OPEN	OPEN	OPEN	OPEN	OPEN	OPEN
argvalcys	Arginyl-Valyl-Cysteine	C14H29N6O4S	OPEN	OPEN	OPEN	OPEN	OPEN	OPEN	OPEN	OPEN	OPEN
argvaltrp	Arginyl-Valyl-Tryptophan	C22H34N7O4	OPEN	OPEN	OPEN	OPEN	OPEN	OPEN	OPEN	OPEN	OPEN
asnasnarg	Asparaginyl-Asparaginyl-Arginine	C14H27N8O6	OPEN	OPEN	OPEN	OPEN	OPEN	OPEN	OPEN	OPEN	OPEN
asncyscys	Asparaginyl-Cysteinyl-Cysteine	C10H18N4O5S2	OPEN	OPEN	OPEN	OPEN	OPEN	OPEN	OPEN	OPEN	OPEN
asnmetpro	Asparaginyl-Methionyl-Proline	C14H24N4O5S	OPEN	OPEN	OPEN	OPEN	OPEN	OPEN	OPEN	OPEN	OPEN
asnpheasp	Asparaginyl-Phenylalanyl-Aspartate	C17H21N4O7	OPEN	OPEN	OPEN	OPEN	OPEN	OPEN	OPEN	OPEN	OPEN
asnphecys	Asparaginyl-Phenylalanyl-Cysteine	C16H22N4O5S	OPEN	OPEN	OPEN	OPEN	OPEN	OPEN	OPEN	OPEN	OPEN
asntyrgly	Asparaginyl-Tyrosyl-Glycine	C15H20N4O6	OPEN	OPEN	OPEN	OPEN	OPEN	OPEN	OPEN	OPEN	OPEN
asntyrphe	Asparaginyl-Tyrosyl-Phenylalanine	C22H26N4O6	OPEN	OPEN	OPEN	OPEN	OPEN	OPEN	OPEN	OPEN	OPEN
asntyrthr	Asparaginyl-Tyrosyl-Threonine	C17H24N4O7	OPEN	OPEN	OPEN	OPEN	OPEN	OPEN	OPEN	OPEN	OPEN
aspalaarg	Asparaginyl-Alanyl-Arginine	C13H24N6O6	OPEN	OPEN	OPEN	OPEN	OPEN	OPEN	OPEN	OPEN	OPEN
aspasnglu	Aspartyl-Asparaginyl-Glutamate	C13H18N4O9	OPEN	OPEN	OPEN	OPEN	OPEN	OPEN	OPEN	OPEN	OPEN
aspglu	Aspartyl-Glutamate	C9H12N2O7	OPEN	OPEN	OPEN	OPEN	OPEN	OPEN	OPEN	OPEN	OPEN
aspglupro	Aspartyl-Glutamyl-Proline	C14H19N3O8	OPEN	OPEN	OPEN	OPEN	OPEN	OPEN	OPEN	OPEN	OPEN
aspglutrp	Aspartyl-Glutamyl-Tryptophan	C20H22N4O8	OPEN	OPEN	OPEN	OPEN	OPEN	OPEN	OPEN	OPEN	OPEN
asphiscys	Aspartyl-Histidyl-Cysteine	C13H18N5O6S	OPEN	OPEN	OPEN	OPEN	OPEN	OPEN	OPEN	OPEN	OPEN
asphispro	Aspartyl-Histidyl-Proline	C15H20N5O6	OPEN	OPEN	OPEN	OPEN	OPEN	OPEN	OPEN	OPEN	OPEN
asplysglu	Aspartyl-Lysyl-Glutamate	C15H25N4O8	OPEN	OPEN	OPEN	OPEN	OPEN	OPEN	OPEN	OPEN	OPEN
asplyshis	Aspartyl-Lysyl-Histidine	C16H26N6O6	OPEN	OPEN	OPEN	OPEN	OPEN	OPEN	OPEN	OPEN	OPEN
aspmetasp	Aspartyl-Methionyl-Aspartate	C13H19N3O8S	OPEN	OPEN	OPEN	OPEN	OPEN	OPEN	OPEN	OPEN	OPEN
aspprolys	Aspartyl-Prolyl-Lysine	C15H26N4O6	OPEN	OPEN	OPEN	OPEN	OPEN	OPEN	OPEN	OPEN	OPEN
aspvalasn	Aspartyl-Valyl-Asparagine	C13H21N4O7	OPEN	OPEN	OPEN	OPEN	OPEN	OPEN	OPEN	OPEN	OPEN
cysasnmet	Cystyl-Asparaginyl-Methionine	C12H22N4O5S2	OPEN	OPEN	OPEN	OPEN	OPEN	OPEN	OPEN	OPEN	OPEN
cysaspphe	Cystyl-Aspartyl-Phenylalanine	C16H20N3O6S	OPEN	OPEN	OPEN	OPEN	OPEN	OPEN	OPEN	OPEN	OPEN
cyscys	Cystyl-Cysteine	C6H12N2O3S2	OPEN	OPEN	OPEN	OPEN	OPEN	OPEN	OPEN	OPEN	OPEN
cysglnmet	Cystyl-Glutaminyl-Methionine	C13H24N4O5S2	OPEN	OPEN	OPEN	OPEN	OPEN	OPEN	OPEN	OPEN	OPEN
cysgluhis	Cystyl-Glutamyl-Histidine	C14H20N5O6S	OPEN	OPEN	OPEN	OPEN	OPEN	OPEN	OPEN	OPEN	OPEN
cysglutrp	Cystyl-Glutamyl-Tryptophan	C19H23N4O6S	OPEN	OPEN	OPEN	OPEN	OPEN	OPEN	OPEN	OPEN	OPEN
cysleuthr	Cystyl-Leucyl-Threonine	C13H25N3O5S	OPEN	OPEN	OPEN	OPEN	OPEN	OPEN	OPEN	OPEN	OPEN
cyssermet	Cystyl-Seryl-Methionine	C11H21N3O5S2	OPEN	OPEN	OPEN	OPEN	OPEN	OPEN	OPEN	OPEN	OPEN
cystyrasn	Cystyl-Tyrosyl-Asparagine	C16H22N4O6S	OPEN	OPEN	OPEN	OPEN	OPEN	OPEN	OPEN	OPEN	OPEN
glnasngln	Glutaminyl-Asparaginyl-Glutamine	C14H24N6O7	OPEN	OPEN	OPEN	OPEN	OPEN	OPEN	OPEN	OPEN	OPEN
glnhishis	Glutaminyl-Histidyl-Histidine	C17H24N8O5	OPEN	OPEN	OPEN	OPEN	OPEN	OPEN	OPEN	OPEN	OPEN
glnhislys	Glutaminyl-Histidyl-Lysine	C17H30N7O5	OPEN	OPEN	OPEN	OPEN	OPEN	OPEN	OPEN	OPEN	OPEN
glnlyslys	Glutaminyl-Lysyl-Lysine	C17H36N6O5	OPEN	OPEN	OPEN	OPEN	OPEN	OPEN	OPEN	OPEN	OPEN
glnlystrp	Glutaminyl-Lysyl-Tryptophan	C22H33N6O5	OPEN	OPEN	OPEN	OPEN	OPEN	OPEN	OPEN	OPEN	OPEN
glnproglu	Glutaminyl-Prolyl-Glutamate	C15H23N4O7	OPEN	OPEN	OPEN	OPEN	OPEN	OPEN	OPEN	OPEN	OPEN
glntrpglu	Glutaminyl-Tryptophanyl-Glutamate	C21H26N5O7	OPEN	OPEN	OPEN	OPEN	OPEN	OPEN	OPEN	OPEN	OPEN
glntyrleu	Glutaminyl-Tyrosyl-Leucine	C20H30N4O6	OPEN	OPEN	OPEN	OPEN	OPEN	OPEN	OPEN	OPEN	OPEN
gluargleu	Glutaminyl-Arginyl-Leucine	C17H32N6O6	OPEN	OPEN	OPEN	OPEN	OPEN	OPEN	OPEN	OPEN	OPEN
gluasnleu	Glutaminyl-Asparaginyl-Leucine	C15H25N4O7	OPEN	OPEN	OPEN	OPEN	OPEN	OPEN	OPEN	OPEN	OPEN
gluglu	Glutamyl-Glutamate	C10H14N2O7	OPEN	OPEN	OPEN	OPEN	OPEN	OPEN	OPEN	OPEN	OPEN
gluilelys	Glutamyl-Isoleucyl-Lysine	C17H32N4O6	OPEN	OPEN	OPEN	OPEN	OPEN	OPEN	OPEN	OPEN	OPEN
gluleu	Glutamyl-Leucine	C11H19N2O5	OPEN	OPEN	OPEN	OPEN	OPEN	OPEN	OPEN	OPEN	OPEN
glumet	Glutamyl-Methionine	C10H17N2O5S	OPEN	OPEN	OPEN	OPEN	OPEN	OPEN	OPEN	OPEN	OPEN
glumethis	Glutamyl-Methioninyl-Histidine	C16H24N5O6S	OPEN	OPEN	OPEN	OPEN	OPEN	OPEN	OPEN	OPEN	OPEN
gluthr	Glutamyl-Threonine	C9H15N2O6	OPEN	OPEN	OPEN	OPEN	OPEN	OPEN	OPEN	OPEN	OPEN
gluthrlys	Glutamyl-Threonyl-Lysine	C15H28N4O7	OPEN	OPEN	OPEN	OPEN	OPEN	OPEN	OPEN	OPEN	OPEN
glutrpala	Glutamyl-Tryptophanyl-Alanine	C19H23N4O6	OPEN	OPEN	OPEN	OPEN	OPEN	OPEN	OPEN	OPEN	OPEN
glyhisasn	Glycyl-Histidyl-Asparagine	C12H18N6O5	OPEN	OPEN	OPEN	OPEN	OPEN	OPEN	OPEN	OPEN	OPEN
glyhislys	Glycyl-Histidyl-Lysine	C14H25N6O4	OPEN	OPEN	OPEN	OPEN	OPEN	OPEN	OPEN	OPEN	OPEN
glylyscys	Glycyl-Lysyl-Cysteine	C11H23N4O4S	OPEN	OPEN	OPEN	OPEN	OPEN	OPEN	OPEN	OPEN	OPEN
glylysphe	Glycyl-Lysyl-Phenylalanine	C17H27N4O4	OPEN	OPEN	OPEN	OPEN	OPEN	OPEN	OPEN	OPEN	OPEN
glytyrlys	Glycyl-Tyrosyl-Lysine	C17H27N4O5	OPEN	OPEN	OPEN	OPEN	OPEN	OPEN	OPEN	OPEN	OPEN
glyvalhis	Glycyl-Valyl-Histidine	C13H21N5O4	OPEN	OPEN	OPEN	OPEN	OPEN	OPEN	OPEN	OPEN	OPEN
hisargcys	Histidyl-Arginyl-Cysteine	C15H27N8O4S	OPEN	OPEN	OPEN	OPEN	OPEN	OPEN	OPEN	OPEN	OPEN
hisargser	Histidyl-Arginyl-Serine	C15H27N8O5	OPEN	OPEN	OPEN	OPEN	OPEN	OPEN	OPEN	OPEN	OPEN
hisasp	Histidyl-Aspartate	C10H13N4O5	OPEN	OPEN	OPEN	OPEN	OPEN	OPEN	OPEN	OPEN	OPEN
hiscyscys	Histidyl-Cystyl-Cysteine	C12H19N5O4S2	OPEN	OPEN	OPEN	OPEN	OPEN	OPEN	OPEN	OPEN	OPEN
hisglnala	Histidyl-Glutaminyl-Alanine	C14H22N6O5	OPEN	OPEN	OPEN	OPEN	OPEN	OPEN	OPEN	OPEN	OPEN
hisglu	Histidyl-Glutamate	C11H15N4O5	OPEN	OPEN	OPEN	OPEN	OPEN	OPEN	OPEN	OPEN	OPEN
hisglugln	Histidyl-Glutamyl-Glutamine	C16H23N6O7	OPEN	OPEN	OPEN	OPEN	OPEN	OPEN	OPEN	OPEN	OPEN
hisglylys	Histidyl-Lysyl-Lysine	C14H25N6O4	OPEN	OPEN	OPEN	OPEN	OPEN	OPEN	OPEN	OPEN	OPEN
hishislys	Histidyl-Histidyl-Lysine	C18H29N8O4	OPEN	OPEN	OPEN	OPEN	OPEN	OPEN	OPEN	OPEN	OPEN
hislysala	Histidyl-Lysyl-Alanine	C15H27N6O4	OPEN	OPEN	OPEN	OPEN	OPEN	OPEN	OPEN	OPEN	OPEN
hislysglu	Histidyl-Lysyl-Glutamate	C17H28N6O6	OPEN	OPEN	OPEN	OPEN	OPEN	OPEN	OPEN	OPEN	OPEN
hislysile	Histidyl-Lysyl-Isoleucine	C18H33N6O4	OPEN	OPEN	OPEN	OPEN	OPEN	OPEN	OPEN	OPEN	OPEN
hislysthr	Histidyl-Lysyl-Threonine	C16H29N6O5	OPEN	OPEN	OPEN	OPEN	OPEN	OPEN	OPEN	OPEN	OPEN
hislysval	Histidyl-Lysyl-Valine	C17H31N6O4	OPEN	OPEN	OPEN	OPEN	OPEN	OPEN	OPEN	OPEN	OPEN
hismet	Histidyl-Methionine	C11H18N4O3S	OPEN	OPEN	OPEN	OPEN	OPEN	OPEN	OPEN	OPEN	OPEN
hismetgln	Histidyl-Methionyl-Glutamine	C16H26N6O5S	OPEN	OPEN	OPEN	OPEN	OPEN	OPEN	OPEN	OPEN	OPEN
hisphearg	Histidyl-Phenylalanyl-Arginine	C21H31N8O4	OPEN	OPEN	OPEN	OPEN	OPEN	OPEN	OPEN	OPEN	OPEN
hisprolys	Histidyl-Prolyl-Lysine	C17H29N6O4	OPEN	OPEN	OPEN	OPEN	OPEN	OPEN	OPEN	OPEN	OPEN
histrphis	Histidyl-Tryptophanyl-Histidine	C23H26N8O4	OPEN	OPEN	OPEN	OPEN	OPEN	OPEN	OPEN	OPEN	OPEN
ileargile	Isoleucyl-Arginyl-Isoleucine	C18H37N6O4	OPEN	OPEN	OPEN	OPEN	OPEN	OPEN	OPEN	OPEN	OPEN
ileasnhis	Isoleucyl-Asparaginyl-Histidine	C16H26N6O5	OPEN	OPEN	OPEN	OPEN	OPEN	OPEN	OPEN	OPEN	OPEN
ileasp	Isolecyl-Aspartate	C10H17N2O5	OPEN	OPEN	OPEN	OPEN	OPEN	OPEN	OPEN	OPEN	OPEN
ileglnglu	Isolecyl-Glutaminyl-Glutamate	C16H27N4O7	OPEN	OPEN	OPEN	OPEN	OPEN	OPEN	OPEN	OPEN	OPEN
ileglyarg	Isolecyl-Glycyl-Arginine	C14H29N6O4	OPEN	OPEN	OPEN	OPEN	OPEN	OPEN	OPEN	OPEN	OPEN
ileprolys	Isolecyl-Prolyl-Lysine	C17H33N4O4	OPEN	OPEN	OPEN	OPEN	OPEN	OPEN	OPEN	OPEN	OPEN
ileserarg	Isolecyl-Seryl-Arginine	C15H31N6O5	OPEN	OPEN	OPEN	OPEN	OPEN	OPEN	OPEN	OPEN	OPEN
iletrptyr	Isolecyl-Tryptophanyl-Tyrosine	C26H32N4O5	OPEN	OPEN	OPEN	OPEN	OPEN	OPEN	OPEN	OPEN	OPEN
leualaarg	Leucyl-Alanyl-Arginine	C15H31N6O4	OPEN	OPEN	OPEN	OPEN	OPEN	OPEN	OPEN	OPEN	OPEN
leuasnasp	Leucyl-Asparaginyl-Aspartate	C14H23N4O7	OPEN	OPEN	OPEN	OPEN	OPEN	OPEN	OPEN	OPEN	OPEN
leuasplys	Leucyl-Aspartyl-Lysine	C16H30N4O6	OPEN	OPEN	OPEN	OPEN	OPEN	OPEN	OPEN	OPEN	OPEN
leuleutrp	Leucyl-Leucyl-Tryptophan	C23H34N4O4	OPEN	OPEN	OPEN	OPEN	OPEN	OPEN	OPEN	OPEN	OPEN
leupro	Leucyl-Proline	C11H20N2O3	OPEN	OPEN	OPEN	OPEN	OPEN	OPEN	OPEN	OPEN	OPEN
leuproarg	Leucyl-Prolyl-Arginine	C17H33N6O4	OPEN	OPEN	OPEN	OPEN	OPEN	OPEN	OPEN	OPEN	OPEN
leusertrp	Leucyl-Seryl-Tryptophan	C20H28N4O5	OPEN	OPEN	OPEN	OPEN	OPEN	OPEN	OPEN	OPEN	OPEN
leutrp	Leucyl-Tryptophan	C17H23N3O3	OPEN	OPEN	OPEN	OPEN	OPEN	OPEN	OPEN	OPEN	OPEN
leutrparg	Leucyl-Tryptophanyl-Arginine	C23H36N7O4	OPEN	OPEN	OPEN	OPEN	OPEN	OPEN	OPEN	OPEN	OPEN
leutyrtyr	Leucyl-Tyrosyl-Tyrosine	C24H31N3O6	OPEN	OPEN	OPEN	OPEN	OPEN	OPEN	OPEN	OPEN	OPEN
leuval	Leucyl-Valine	C11H22N2O3	OPEN	OPEN	OPEN	OPEN	OPEN	OPEN	OPEN	OPEN	OPEN
lysargleu	Lysyl-Arginyl-Leucine	C18H38N7O4	OPEN	OPEN	OPEN	OPEN	OPEN	OPEN	OPEN	OPEN	OPEN
lyscyshis	Lysyl-Cysteinyl-Histidine	C15H27N6O4S	OPEN	OPEN	OPEN	OPEN	OPEN	OPEN	OPEN	OPEN	OPEN
lysglnphe	Lysyl-Glutaminyl-Phenylalanine	C20H32N5O5	OPEN	OPEN	OPEN	OPEN	OPEN	OPEN	OPEN	OPEN	OPEN
lysgluglu	Lysyl-Glutamyl-Glutamate	C16H27N4O8	OPEN	OPEN	OPEN	OPEN	OPEN	OPEN	OPEN	OPEN	OPEN
lyslyslys	Lysyl-Lysyl-Lysine	C18H41N6O4	OPEN	OPEN	OPEN	OPEN	OPEN	OPEN	OPEN	OPEN	OPEN
lyspheile	Lysyl-Phenylalanyl-Isoleucine	C21H35N4O4	OPEN	OPEN	OPEN	OPEN	OPEN	OPEN	OPEN	OPEN	OPEN
lystrparg	Lysyl-Tryptophanyl-Arginine	C23H38N8O4	OPEN	OPEN	OPEN	OPEN	OPEN	OPEN	OPEN	OPEN	OPEN
lystyrile	Lysyl-Tyrosyl-Isoleucine	C21H35N4O5	OPEN	OPEN	OPEN	OPEN	OPEN	OPEN	OPEN	OPEN	OPEN
lysvalphe	Lysyl-Valyl-Phenylalanine	C20H33N4O4	OPEN	OPEN	OPEN	OPEN	OPEN	OPEN	OPEN	OPEN	OPEN
lysvaltrp	Lysyl-Valyl-Tryptophan	C22H34N5O4	OPEN	OPEN	OPEN	OPEN	OPEN	OPEN	OPEN	OPEN	OPEN
metargleu	Methionyl-Arginyl-Leucine	C17H35N6O4S	OPEN	OPEN	OPEN	OPEN	OPEN	OPEN	OPEN	OPEN	OPEN
metasntyr	Methionyl-Asparaginyl-Tyrosine	C18H26N4O6S	OPEN	OPEN	OPEN	OPEN	OPEN	OPEN	OPEN	OPEN	OPEN
metglntyr	Methionyl-Glutaminyl-Tyrosine	C19H28N4O6	OPEN	OPEN	OPEN	OPEN	OPEN	OPEN	OPEN	OPEN	OPEN
metglyarg	Methionyl-Glycyl-Arginine	C13H27N6O4S	OPEN	OPEN	OPEN	OPEN	OPEN	OPEN	OPEN	OPEN	OPEN
methislys	Methionyl-Histidyl-Lysine	C17H31N6O4S	OPEN	OPEN	OPEN	OPEN	OPEN	OPEN	OPEN	OPEN	OPEN
metmetile	Methionyl-Methionyl-Isoleucine	C16H31N3O4S2	OPEN	OPEN	OPEN	OPEN	OPEN	OPEN	OPEN	OPEN	OPEN
metphearg	Methionyl-Phenylalanyl-Arginine	C20H33N6O4S	OPEN	OPEN	OPEN	OPEN	OPEN	OPEN	OPEN	OPEN	OPEN
mettrpphe	Methionyl-Tryptophanyl-Phenylalanine	C25H30N4O4S	OPEN	OPEN	OPEN	OPEN	OPEN	OPEN	OPEN	OPEN	OPEN
pheasnmet	Phenylalanyl-Asparaginyl-Methionine	C18H26N4O5S	OPEN	OPEN	OPEN	OPEN	OPEN	OPEN	OPEN	OPEN	OPEN
pheasp	Phenylalanyl-Aspartate	C13H15N2O5	OPEN	OPEN	OPEN	OPEN	OPEN	OPEN	OPEN	OPEN	OPEN
pheglnphe	Phenylalanyl-Glutaminyl-Phenylalanine	C23H28N4O5	OPEN	OPEN	OPEN	OPEN	OPEN	OPEN	OPEN	OPEN	OPEN
pheleu	Phenylalanyl-Leucine	C15H22N2O3	OPEN	OPEN	OPEN	OPEN	OPEN	OPEN	OPEN	OPEN	OPEN
pheleuasp	Phenylalanyl-Leucyl-Aspartate	C19H26N3O6	OPEN	OPEN	OPEN	OPEN	OPEN	OPEN	OPEN	OPEN	OPEN
pheleuhis	Phenylalanyl-Leucyl-Histidine	C21H29N5O4	OPEN	OPEN	OPEN	OPEN	OPEN	OPEN	OPEN	OPEN	OPEN
phelysala	Phenylalanyl-Lysyl-Alanine	C18H29N4O4	OPEN	OPEN	OPEN	OPEN	OPEN	OPEN	OPEN	OPEN	OPEN
phelyspro	Phenylalanyl-Lysyl-Proline	C20H31N4O4	OPEN	OPEN	OPEN	OPEN	OPEN	OPEN	OPEN	OPEN	OPEN
phephe	Phenylalanyl-Phenylalanine	C18H20N2O3	OPEN	OPEN	OPEN	OPEN	OPEN	OPEN	OPEN	OPEN	OPEN
phepheasn	Phenylalanyl-Phenylalaninyl-Asparagine	C22H26N4O5	OPEN	OPEN	OPEN	OPEN	OPEN	OPEN	OPEN	OPEN	OPEN
phephethr	Phenylalanyl-Phenylalaninyl-Threonine	C22H27N3O5	OPEN	OPEN	OPEN	OPEN	OPEN	OPEN	OPEN	OPEN	OPEN
pheproarg	Phenylalanyl-Prolyl-Arginine	C20H31N6O4	OPEN	OPEN	OPEN	OPEN	OPEN	OPEN	OPEN	OPEN	OPEN
phesertrp	Phenylalanyl-Seryl-Tryptophan	C23H26N4O5	OPEN	OPEN	OPEN	OPEN	OPEN	OPEN	OPEN	OPEN	OPEN
phethrlys	Phenylalanyl-Threonyl-Lysine	C19H31N4O5	OPEN	OPEN	OPEN	OPEN	OPEN	OPEN	OPEN	OPEN	OPEN
phetrpleu	Phenylalanyl-Tryptophanyl-Leucine	C26H32N4O4	OPEN	OPEN	OPEN	OPEN	OPEN	OPEN	OPEN	OPEN	OPEN
phetyr	Phenylalanyl-Tyrosine	C18H20N2O4	OPEN	OPEN	OPEN	OPEN	OPEN	OPEN	OPEN	OPEN	OPEN
phetyrgln	Phenylalanyl-Tyrosinyl-Glutamine	C23H28N4O6	OPEN	OPEN	OPEN	OPEN	OPEN	OPEN	OPEN	OPEN	OPEN
phetyrlys	Phenylalanyl-Tyrosinyl-Lysine	C24H33N4O5	OPEN	OPEN	OPEN	OPEN	OPEN	OPEN	OPEN	OPEN	OPEN
proargasp	Prolyl-Arginyl-Aspartate	C15H26N6O6	OPEN	OPEN	OPEN	OPEN	OPEN	OPEN	OPEN	OPEN	OPEN
proargcys	Prolyl-Arginyl-Cysteine	C14H27N6O4S	OPEN	OPEN	OPEN	OPEN	OPEN	OPEN	OPEN	OPEN	OPEN
proasncys	Prolyl-Asparaginyl-Cysteine	C12H20N4O5S	OPEN	OPEN	OPEN	OPEN	OPEN	OPEN	OPEN	OPEN	OPEN
procys	Prolyl-Cysteine	C8H14N2O3S	OPEN	OPEN	OPEN	OPEN	OPEN	OPEN	OPEN	OPEN	OPEN
proglnpro	Prolyl-Glutaminyl-Proline	C15H24N4O5	OPEN	OPEN	OPEN	OPEN	OPEN	OPEN	OPEN	OPEN	OPEN
proglulys	Prolyl-Glutamatsyl-Lysine	C16H28N4O6	OPEN	OPEN	OPEN	OPEN	OPEN	OPEN	OPEN	OPEN	OPEN
prohis	Prolyl-Histidine	C11H16N4O3	OPEN	OPEN	OPEN	OPEN	OPEN	OPEN	OPEN	OPEN	OPEN
prohistyr	Prolyl-Histidyl-Tyrosine	C20H26N5O5	OPEN	OPEN	OPEN	OPEN	OPEN	OPEN	OPEN	OPEN	OPEN
proleuarg	Prolyl-Leucyl-Arginine	C17H33N6O4	OPEN	OPEN	OPEN	OPEN	OPEN	OPEN	OPEN	OPEN	OPEN
prolyspro	Prolyl-Lysyl-Proline	C16H29N4O4	OPEN	OPEN	OPEN	OPEN	OPEN	OPEN	OPEN	OPEN	OPEN
prophe	Prolyl-Phenylalanine	C14H18N2O3	OPEN	OPEN	OPEN	OPEN	OPEN	OPEN	OPEN	OPEN	OPEN
proproarg	Prolyl-Prolyl-Arginine	C16H29N6O4	OPEN	OPEN	OPEN	OPEN	OPEN	OPEN	OPEN	OPEN	OPEN
propropro	Prolyl-Prolyl-Proline	C15H23N3O4	OPEN	OPEN	OPEN	OPEN	OPEN	OPEN	OPEN	OPEN	OPEN
protrplys	Prolyl-Tryptophanyl-Lysine	C22H32N5O4	OPEN	OPEN	OPEN	OPEN	OPEN	OPEN	OPEN	OPEN	OPEN
protrpthr	Prolyl-Tryptophanyl-Threonine	C20H26N4O5	OPEN	OPEN	OPEN	OPEN	OPEN	OPEN	OPEN	OPEN	OPEN
provalgln	Prolyl-Valyl-Glutamine	C15H26N4O5	OPEN	OPEN	OPEN	OPEN	OPEN	OPEN	OPEN	OPEN	OPEN
serargala	Seryl-Arginyl-Alanine	C12H25N6O5	OPEN	OPEN	OPEN	OPEN	OPEN	OPEN	OPEN	OPEN	OPEN
serargtrp	Seryl-Arginyl-Tryptophan	C20H30N7O5	OPEN	OPEN	OPEN	OPEN	OPEN	OPEN	OPEN	OPEN	OPEN
sercysarg	Seryl-Cysteinyl-Arginine	C12H25N6O5S	OPEN	OPEN	OPEN	OPEN	OPEN	OPEN	OPEN	OPEN	OPEN
serglyglu	Seryl-Glycyl-Glutamate	C10H16N3O7	OPEN	OPEN	OPEN	OPEN	OPEN	OPEN	OPEN	OPEN	OPEN
serlyshis	Seryl-Lysyl-Histidine	C15H27N6O5	OPEN	OPEN	OPEN	OPEN	OPEN	OPEN	OPEN	OPEN	OPEN
serphelys	Seryl-Phenylalanyl-Lysine	C18H29N4O5	OPEN	OPEN	OPEN	OPEN	OPEN	OPEN	OPEN	OPEN	OPEN
sertrphis	Seryl-Tryptophanyl-Histidine	C20H24N6O5	OPEN	OPEN	OPEN	OPEN	OPEN	OPEN	OPEN	OPEN	OPEN
thrargtyr	Threonyl-Arginyl-Tyrosine	C19H31N6O6	OPEN	OPEN	OPEN	OPEN	OPEN	OPEN	OPEN	OPEN	OPEN
thrasntyr	Threonyl-Asparaginyl-Tyrosine	C17H24N4O7	OPEN	OPEN	OPEN	OPEN	OPEN	OPEN	OPEN	OPEN	OPEN
thrglnglu	Threonyl-Glutaminyl-Glutamate	C14H23N4O8	OPEN	OPEN	OPEN	OPEN	OPEN	OPEN	OPEN	OPEN	OPEN
thrglntyr	Threonyl-Glutaminyl-Tyrosine	C18H26N4O7	OPEN	OPEN	OPEN	OPEN	OPEN	OPEN	OPEN	OPEN	OPEN
thrhishis	Threonyl-Histidinyl-Histidine	C16H23N7O5	OPEN	OPEN	OPEN	OPEN	OPEN	OPEN	OPEN	OPEN	OPEN
thrilearg	Threonyl-Isoleucyl-Arginine	C16H33N6O5	OPEN	OPEN	OPEN	OPEN	OPEN	OPEN	OPEN	OPEN	OPEN
thrmetarg	Threonyl-Methionyl-Arginine	C15H31N6O5S	OPEN	OPEN	OPEN	OPEN	OPEN	OPEN	OPEN	OPEN	OPEN
thrphearg	Threonyl-Phenylalanyl-Arginine	C19H31N6O5	OPEN	OPEN	OPEN	OPEN	OPEN	OPEN	OPEN	OPEN	OPEN
thrserarg	Threonyl-Seryl-Arginine	C13H27N6O6	OPEN	OPEN	OPEN	OPEN	OPEN	OPEN	OPEN	OPEN	OPEN
thrthrarg	Threonyl-Threonyl-Arginine	C14H29N6O6	OPEN	OPEN	OPEN	OPEN	OPEN	OPEN	OPEN	OPEN	OPEN
thrtyrmet	Threonyl-Tyrosyl-Methionine	C18H27N3O6S	OPEN	OPEN	OPEN	OPEN	OPEN	OPEN	OPEN	OPEN	OPEN
trpalapro	Tryptophanyl-Alanyl-Proline	C19H24N4O4	OPEN	OPEN	OPEN	OPEN	OPEN	OPEN	OPEN	OPEN	OPEN
trpargala	Tryptophanyl-Arginyl-Alanine	C20H30N7O4	OPEN	OPEN	OPEN	OPEN	OPEN	OPEN	OPEN	OPEN	OPEN
trpaspasp	Tryptophanyl-Aspartyl-Aspartate	C19H20N4O8	OPEN	OPEN	OPEN	OPEN	OPEN	OPEN	OPEN	OPEN	OPEN
trpglngln	Tryptophanyl-Glutaminyl-Glutamine	C21H28N6O6	OPEN	OPEN	OPEN	OPEN	OPEN	OPEN	OPEN	OPEN	OPEN
trpglugly	Tryptophanyl-Glutamyl-Glycine	C18H21N4O6	OPEN	OPEN	OPEN	OPEN	OPEN	OPEN	OPEN	OPEN	OPEN
trpgluleu	Tryptophanyl-Glutamyl-Leucine	C22H29N4O6	OPEN	OPEN	OPEN	OPEN	OPEN	OPEN	OPEN	OPEN	OPEN
trpglupro	Tryptophanyl-Glutamyl-Proline	C21H25N4O6	OPEN	OPEN	OPEN	OPEN	OPEN	OPEN	OPEN	OPEN	OPEN
trpglutyr	Tryptophanyl-Glutamyl-Tyrosine	C25H27N4O7	OPEN	OPEN	OPEN	OPEN	OPEN	OPEN	OPEN	OPEN	OPEN
trpglyleu	Tryptophanyl-Glycyl-Leucine	C19H26N4O4	OPEN	OPEN	OPEN	OPEN	OPEN	OPEN	OPEN	OPEN	OPEN
trpglyphe	Tryptophanyl-Glycyl-Phenylalanine	C22H24N4O4	OPEN	OPEN	OPEN	OPEN	OPEN	OPEN	OPEN	OPEN	OPEN
trpglyval	Tryptophanyl-Glycyl-Valine	C18H24N4O4	OPEN	OPEN	OPEN	OPEN	OPEN	OPEN	OPEN	OPEN	OPEN
trphismet	Tryptophanyl-Histidyl-Methionine	C22H28N6O4S	OPEN	OPEN	OPEN	OPEN	OPEN	OPEN	OPEN	OPEN	OPEN
trpilelys	Tryptophanyl-Isoleucyl-Lysine	C23H36N5O4	OPEN	OPEN	OPEN	OPEN	OPEN	OPEN	OPEN	OPEN	OPEN
trpiletrp	Tryptophanyl-Isoleucyl-Tryptophan	C28H33N5O4	OPEN	OPEN	OPEN	OPEN	OPEN	OPEN	OPEN	OPEN	OPEN
trpleuval	Tryptophanyl-Leucyl-Valine	C22H32N4O4	OPEN	OPEN	OPEN	OPEN	OPEN	OPEN	OPEN	OPEN	OPEN
trplys	Tryptophanyl-Lysine	C17H25N4O3	OPEN	OPEN	OPEN	OPEN	OPEN	OPEN	OPEN	OPEN	OPEN
trpmetarg	Tryptophanyl-Methionyl-Arginine	C22H34N7O4S	OPEN	OPEN	OPEN	OPEN	OPEN	OPEN	OPEN	OPEN	OPEN
trpmetval	Tryptophanyl-Methionyl-Valine	C21H30N4O4S	OPEN	OPEN	OPEN	OPEN	OPEN	OPEN	OPEN	OPEN	OPEN
trpphe	Tryptophanyl-Phenylalanine	C20H21N3O3	OPEN	OPEN	OPEN	OPEN	OPEN	OPEN	OPEN	OPEN	OPEN
trpprogly	Tryptophanyl-Prolyl-Glycine	C18H21N4O4	OPEN	OPEN	OPEN	OPEN	OPEN	OPEN	OPEN	OPEN	OPEN
trpproleu	Tryptophanyl-Prolyl-Leucine	C22H30N4O4	OPEN	OPEN	OPEN	OPEN	OPEN	OPEN	OPEN	OPEN	OPEN
trpproval	Tryptophanyl-Prolyl-Valine	C21H28N4O4	OPEN	OPEN	OPEN	OPEN	OPEN	OPEN	OPEN	OPEN	OPEN
trpsertyr	Tryptophanyl-Seryl-Tyrosine	C23H26N4O6	OPEN	OPEN	OPEN	OPEN	OPEN	OPEN	OPEN	OPEN	OPEN
trpthrglu	Tryptophanyl-Threonyl-Glutamate	C20H25N4O7	OPEN	OPEN	OPEN	OPEN	OPEN	OPEN	OPEN	OPEN	OPEN
trpthrile	Tryptophanyl-Threonyl-Isoleucine	C21H30N4O5	OPEN	OPEN	OPEN	OPEN	OPEN	OPEN	OPEN	OPEN	OPEN
trpthrtyr	Tryptophanyl-Threonyl-Tyrosine	C24H28N4O6	OPEN	OPEN	OPEN	OPEN	OPEN	OPEN	OPEN	OPEN	OPEN
trptyrgln	Tryptophanyl-Tyrosyl-Glutamine	C25H29N5O6	OPEN	OPEN	OPEN	OPEN	OPEN	OPEN	OPEN	OPEN	OPEN
trptyrtyr	Tryptophanyl-Tyrosyl-Tyrosine	C29H30N4O6	OPEN	OPEN	OPEN	OPEN	OPEN	OPEN	OPEN	OPEN	OPEN
trpvalasp	Tryptophanyl-Valyl-Aspartate	C20H25N4O6	OPEN	OPEN	OPEN	OPEN	OPEN	OPEN	OPEN	OPEN	OPEN
tyrala	Tyrosyl-Alanine	C12H16N2O4	OPEN	OPEN	OPEN	OPEN	OPEN	OPEN	OPEN	OPEN	OPEN
tyralaphe	Tyrosyl-Alaninyl-Phenylalanine	C21H25N3O5	OPEN	OPEN	OPEN	OPEN	OPEN	OPEN	OPEN	OPEN	OPEN
tyrargglu	Tyrosyl-Arginyl-Glutamate	C20H30N6O7	OPEN	OPEN	OPEN	OPEN	OPEN	OPEN	OPEN	OPEN	OPEN
tyrargser	Tyrosyl-Arginyl-Serine	C18H29N6O6	OPEN	OPEN	OPEN	OPEN	OPEN	OPEN	OPEN	OPEN	OPEN
tyrasparg	Tyrosyl-Aspartyl-Arginine	C19H28N6O7	OPEN	OPEN	OPEN	OPEN	OPEN	OPEN	OPEN	OPEN	OPEN
tyrcysgly	Tyrosyl-Cysteinyl-Glycine	C14H19N3O5S	OPEN	OPEN	OPEN	OPEN	OPEN	OPEN	OPEN	OPEN	OPEN
tyrcysthr	Tyrosyl-Cysteinyl-Threonine	C16H23N3O6S	OPEN	OPEN	OPEN	OPEN	OPEN	OPEN	OPEN	OPEN	OPEN
tyrglu	Tyrosyl-Glutamate	C14H17N2O6	OPEN	OPEN	OPEN	OPEN	OPEN	OPEN	OPEN	OPEN	OPEN
tyrleuarg	Tyrosyl-Leucyl-Arginine	C21H35N6O5	OPEN	OPEN	OPEN	OPEN	OPEN	OPEN	OPEN	OPEN	OPEN
tyrphetyr	Tyrosyl-Phenylalanyl-Tyrosine	C27H29N3O6	OPEN	OPEN	OPEN	OPEN	OPEN	OPEN	OPEN	OPEN	OPEN
tyrthr	Tyrosyl-Threonine	C13H18N2O5	OPEN	OPEN	OPEN	OPEN	OPEN	OPEN	OPEN	OPEN	OPEN
tyrtrpphe	Tyrosyl-Tryptophanyl-Phenylalanine	C29H30N4O5	OPEN	OPEN	OPEN	OPEN	OPEN	OPEN	OPEN	OPEN	OPEN
tyrtyr	Tyrosyl-Tyrosine	C18H20N2O5	OPEN	OPEN	OPEN	OPEN	OPEN	OPEN	OPEN	OPEN	OPEN
tyrvalmet	Tyrosyl-Valyl-Methionine	C19H29N3O5S	OPEN	OPEN	OPEN	OPEN	OPEN	OPEN	OPEN	OPEN	OPEN
valarggly	Valyl-Arginyl-Glycine	C13H27N6O4	OPEN	OPEN	OPEN	OPEN	OPEN	OPEN	OPEN	OPEN	OPEN
valhisasn	Valyl-Histidyl-Asparagine	C15H24N6O5	OPEN	OPEN	OPEN	OPEN	OPEN	OPEN	OPEN	OPEN	OPEN
valleuphe	Valyl-Leucyl-Phenylalanine	C20H31N3O4	OPEN	OPEN	OPEN	OPEN	OPEN	OPEN	OPEN	OPEN	OPEN
vallystyr	Valyl-Lysyl-Tyrosine	C20H33N4O5	OPEN	OPEN	OPEN	OPEN	OPEN	OPEN	OPEN	OPEN	OPEN
valphearg	Valyl-Phenylalanyl-Arginine	C20H33N6O4	OPEN	OPEN	OPEN	OPEN	OPEN	OPEN	OPEN	OPEN	OPEN
valprotrp	Valyl-Prolyl-Tryptophan	C21H28N4O4	OPEN	OPEN	OPEN	OPEN	OPEN	OPEN	OPEN	OPEN	OPEN
valserarg	Valyl-Seryl-Arginine	C14H29N6O5	OPEN	OPEN	OPEN	OPEN	OPEN	OPEN	OPEN	OPEN	OPEN
valtrpphe	Valyl-Tryptophanyl-Phenylalanine	C25H30N4O4	OPEN	OPEN	OPEN	OPEN	OPEN	OPEN	OPEN	OPEN	OPEN
valtrpval	Valyl-Tryptophanyl-Valine	C21H30N4O4	OPEN	OPEN	OPEN	OPEN	OPEN	OPEN	OPEN	OPEN	OPEN
valval	Valyl-Valine	C10H20N2O3	OPEN	OPEN	OPEN	OPEN	OPEN	OPEN	OPEN	OPEN	OPEN
trpglyasp	Tryptophanyl-Glycyl-Aspartate	C17H19N4O6	OPEN	OPEN	OPEN	OPEN	OPEN	OPEN	OPEN	OPEN	OPEN
glyleu	Glycylleucine	C8H16N2O3	OPEN	hmdb:HMDB0000759	kegg:C02155	chebi:185298	pubchem:92843	cpd15604	OPEN	OPEN	OPEN
Lhcystin	L-Homocystine	C8H16N2O4S2	OPEN	OPEN	OPEN	OPEN	OPEN	OPEN	OPEN	OPEN	OPEN
band	Band Membrane Protein (Universal, Erythrocyte --> 2.1,3,4.1)	BaH	OPEN	OPEN	OPEN	OPEN	OPEN	OPEN	OPEN	OPEN	OPEN
bandmt	Band Membrane Protein (Methylated, Universal, Erythrocyte -> 2.1,3,4.1)	BaCH3	OPEN	OPEN	OPEN	OPEN	OPEN	OPEN	OPEN	OPEN	OPEN
dhmtp	1,2-Dihydroxy-5-(Methylthio)Pent-1-En-3-One	C6H9O3S	OPEN	OPEN	kegg:C15606	chebi:49252	OPEN	OPEN	OPEN	OPEN	OPEN
galam	D-Galactosamine	C6H13NO5	OPEN	OPEN	kegg:C06377	chebi:18232	OPEN	OPEN	OPEN	OPEN	OPEN
mqn10	Menaquinone-10	C61H88O2	OPEN	OPEN	OPEN	OPEN	pubchem:9988135	OPEN	OPEN	OPEN	OPEN
mqn11	Menaquinone-11	C66H96O2	OPEN	OPEN	OPEN	OPEN	pubchem:6442190	OPEN	OPEN	OPEN	OPEN
mqn7	Menaquinone-7	C46H64O2	OPEN	OPEN	OPEN	OPEN	pubchem:5287554	OPEN	OPEN	OPEN	OPEN
mqn9	Menaquinone-9	C56H80O2	OPEN	OPEN	OPEN	OPEN	pubchem:6289935	OPEN	OPEN	OPEN	OPEN
mqn8	Menaquinone-8	C51H72O2	OPEN	OPEN	OPEN	OPEN	pubchem:5376507	OPEN	OPEN	OPEN	OPEN
glutar	Glutarate	C5H6O4	OPEN	OPEN	kegg:C00489	chebi:17859	pubchem:743	OPEN	OPEN	OPEN	OPEN
ppbng	Porphobilinogen	C10H13N2O4	OPEN	hmdb:HMDB0000245	kegg:C00931	chebi:17381	pubchem:1021	OPEN	OPEN	OPEN	OPEN
hmbil	Hydroxymethylbilane	C40H38N4O17	OPEN	OPEN	kegg:C01024	chebi:16645	pubchem:788	OPEN	OPEN	OPEN	OPEN
4ppan	D-4-Phosphopantothenate	C9H15NO8P	OPEN	OPEN	kegg:C03492	chebi:15905	pubchem:41635	OPEN	OPEN	OPEN	OPEN
phom	O-Phosphonato-L-Homoserine	C4H8NO6P	OPEN	OPEN	kegg:C01102	chebi:15961	pubchem:151187	OPEN	OPEN	OPEN	OPEN
fprica	5-Formamido-1-(5-Phospho-D-Ribosyl)Imidazole-4-Carboxamide	C10H13N4O9P	OPEN	OPEN	kegg:C04734	chebi:18381	pubchem:166760	OPEN	OPEN	OPEN	OPEN
gal1p	(2R,3R,4S,5R,6R)-3,4,5-Trihydroxy-6-(Hydroxymethyl)Oxan-2-Yl Phosphate	C6H11O9P	OPEN	OPEN	kegg:C03384	OPEN	pubchem:123912	OPEN	fructose_galactose	OPEN	OPEN
im4ac	Imidazol-4-Ylacetate	C5H5N2O2	OPEN	hmdb:HMDB0002024	kegg:C02835	chebi:16974	pubchem:96215	OPEN	OPEN	OPEN	OPEN
4izp	4-Imidazolone-5-Propanoate	C6H7N2O3	OPEN	OPEN	kegg:C03680	OPEN	pubchem:128	OPEN	OPEN	OPEN	OPEN
actyr	N-Acetyl-Tyrosine	C11H12NO4	OPEN	OPEN	OPEN	OPEN	OPEN	OPEN	OPEN	OPEN	OPEN
sucacetat	Succinyl-Acetoacetate	C8H8O6	OPEN	OPEN	OPEN	OPEN	OPEN	OPEN	OPEN	OPEN	OPEN
sucaceto	Succinylacetone	C7H9O4	OPEN	OPEN	OPEN	OPEN	OPEN	OPEN	OPEN	OPEN	OPEN
vanilpyr	Vanilpyruvic Acid	C10H9O5	OPEN	OPEN	OPEN	OPEN	OPEN	OPEN	OPEN	OPEN	OPEN
vanillac	Vanil-Lactate	C10H11O5	OPEN	OPEN	OPEN	OPEN	OPEN	OPEN	OPEN	OPEN	OPEN
nacvanala	N-Acetylvanilalanine	C12H14NO5	OPEN	OPEN	OPEN	OPEN	OPEN	OPEN	OPEN	OPEN	OPEN
2h3mv	2-Hydroxy-3-Methyl-Valerate	C6H11O3	OPEN	OPEN	OPEN	OPEN	OPEN	OPEN	OPEN	OPEN	OPEN
2hiv	2-Hydroxy-Isovalerate	C5H9O3	OPEN	OPEN	OPEN	OPEN	OPEN	OPEN	OPEN	OPEN	OPEN
2m3hbu	2-Methyl-3-Hydroxy-Butyrate	C5H9O3	OPEN	OPEN	OPEN	OPEN	OPEN	OPEN	OPEN	OPEN	OPEN
2m3ovcoa	2-Methyl-3-Oxo-Valeryl Coenzyme A	C27H40N7O18P3S	OPEN	OPEN	OPEN	OPEN	OPEN	OPEN	OPEN	OPEN	OPEN
2m3ovac	2-Methyl-3-Oxo-Valerate	C6H9O3	OPEN	OPEN	OPEN	OPEN	OPEN	OPEN	OPEN	OPEN	OPEN
2m3hvac	2-Methyl-3-Hydroxy-Valerate	C6H11O3	OPEN	OPEN	OPEN	OPEN	OPEN	OPEN	OPEN	OPEN	OPEN
3h3mglt	3-Hydroxy-3-Methyl-Glutarate	C6H8O5	OPEN	OPEN	OPEN	OPEN	OPEN	OPEN	OPEN	OPEN	OPEN
3mglutac	3-Methyl-Glutaconate	C6H6O4	OPEN	OPEN	OPEN	OPEN	OPEN	OPEN	OPEN	OPEN	OPEN
3mglutr	3-Methyl-Glutarate	C6H8O4	OPEN	OPEN	OPEN	OPEN	OPEN	OPEN	OPEN	OPEN	OPEN
ppiogly	Propionyl-Glycine	C5H8NO3	OPEN	OPEN	OPEN	OPEN	OPEN	OPEN	OPEN	OPEN	OPEN
mvlac	Mevalonate-Lactone	C6H10O3	OPEN	OPEN	OPEN	OPEN	OPEN	OPEN	OPEN	OPEN	OPEN
tiggly	Tiglyl Glycine	C7H10NO3	OPEN	OPEN	OPEN	OPEN	OPEN	OPEN	OPEN	OPEN	OPEN
td2glutrcoa	Trans-Delta-2-Glutaryl Coenzyme A	C26H35N7O19P3S	OPEN	OPEN	OPEN	OPEN	OPEN	OPEN	OPEN	OPEN	OPEN
3hglutcoa	3-Hydroxy-Glutaryl Coenzyme A	C26H37N7O20P3S	OPEN	OPEN	OPEN	OPEN	OPEN	OPEN	OPEN	OPEN	OPEN
3ohglutac	3-Hydroxy-Glutarate	C5H6O5	OPEN	OPEN	OPEN	OPEN	OPEN	OPEN	OPEN	OPEN	OPEN
glutacoa	Glutaconyl Coenzyme A	C26H35N7O19P3S	OPEN	OPEN	OPEN	OPEN	OPEN	OPEN	OPEN	OPEN	OPEN
glutcon	Glutaconate	C5H4O4	OPEN	OPEN	OPEN	OPEN	OPEN	OPEN	OPEN	OPEN	OPEN
3hivac	3-Hydroxyisovaleric Acid	C5H9O3	OPEN	OPEN	OPEN	OPEN	OPEN	OPEN	OPEN	OPEN	OPEN
3hadicoa	3-Hydroxy-Adipoyl Coenzyme A	C27H39N7O20P3S	OPEN	OPEN	OPEN	OPEN	OPEN	OPEN	OPEN	OPEN	OPEN
3hadpac	3-Hydroxy-Adipate	C6H8O5	OPEN	OPEN	OPEN	OPEN	OPEN	OPEN	OPEN	OPEN	OPEN
3ohsebcoa	3-Hydroxy-Sebacoyl Coenzyme A	C31H47N7O20P3S	OPEN	OPEN	OPEN	OPEN	OPEN	OPEN	OPEN	OPEN	OPEN
3ohsebac	3-Hydroxy-Sebacic Acid	C10H16O5	OPEN	OPEN	OPEN	OPEN	OPEN	OPEN	OPEN	OPEN	OPEN
3ohsubcoa	3-Hydoxy-Suberyl Coenzyme A	C29H43N7O20P3S	OPEN	OPEN	OPEN	OPEN	OPEN	OPEN	OPEN	OPEN	OPEN
3ohsubac	3-Hydoxy-Suberic Acid	C8H12O5	OPEN	OPEN	OPEN	OPEN	OPEN	OPEN	OPEN	OPEN	OPEN
caproic	Caproic Acid	C6H11O2	OPEN	OPEN	OPEN	OPEN	OPEN	OPEN	OPEN	OPEN	OPEN
5ohhexa	5-Hydroxyhexanoic Acid	C6H11O3	OPEN	OPEN	OPEN	OPEN	OPEN	OPEN	OPEN	OPEN	OPEN
7ohocata	7-Hydroxy-Octanoate	C8H15O3	OPEN	OPEN	OPEN	OPEN	OPEN	OPEN	OPEN	OPEN	OPEN
ethmalcoa	Ethylmalonyl Coenzyme A	C26H37N7O19P3S	OPEN	OPEN	OPEN	OPEN	OPEN	OPEN	OPEN	OPEN	OPEN
ethmalac	Ethylmalonic Acid	C5H6O4	OPEN	OPEN	OPEN	OPEN	OPEN	OPEN	OPEN	OPEN	OPEN
hexgly	Hexanoyl-Glycine	C8H14NO3	OPEN	OPEN	OPEN	OPEN	OPEN	OPEN	OPEN	OPEN	OPEN
methsuccoa	Methyl-Succinyl Coenzyme A	C26H37N7O19P3S	OPEN	OPEN	OPEN	OPEN	OPEN	OPEN	OPEN	OPEN	OPEN
methsucc	Methyl-Succinate	C5H6O4	OPEN	OPEN	OPEN	OPEN	OPEN	OPEN	OPEN	OPEN	OPEN
subgly	Suberyl-Glycine	C10H15NO5	OPEN	OPEN	OPEN	OPEN	OPEN	OPEN	OPEN	OPEN	OPEN
4ohbut	4-Hydroxy-Butyrate	C4H7O3	OPEN	OPEN	OPEN	OPEN	OPEN	OPEN	OPEN	OPEN	OPEN
2hydog	2-Hydroxy-Glutarate	C5H6O5	OPEN	OPEN	OPEN	OPEN	OPEN	OPEN	OPEN	OPEN	OPEN
thexdd	7Z,10Z-Hexadecadienoic Acid	C16H27O2	OPEN	OPEN	OPEN	OPEN	OPEN	OPEN	OPEN	OPEN	OPEN
hexdtr	(Z,Z,Z)-7,10,13-Hexadecatrienoic Acid	C16H25O2	OPEN	OPEN	OPEN	OPEN	OPEN	OPEN	OPEN	OPEN	OPEN
hpdececoa	Trans-Delta-2-Heptadecanoyl Coenzyme A	C36H58N7O17P3S	OPEN	OPEN	OPEN	OPEN	OPEN	OPEN	OPEN	OPEN	OPEN
hpdece	Trans-Delta-2-Heptadecanoic Acid	C15H27O2	OPEN	OPEN	OPEN	OPEN	OPEN	OPEN	OPEN	OPEN	OPEN
eic21114tr	Trans,Cis,Cis-2,11,14-Eicosatrienoic Acid	C20H33O2	OPEN	OPEN	OPEN	OPEN	OPEN	OPEN	OPEN	OPEN	OPEN
5eipenc	5,8,11,14,17-Eicosapentenoic Acid	C20H29O2	OPEN	OPEN	OPEN	OPEN	OPEN	OPEN	OPEN	OPEN	OPEN
CE1447	11-Dehydrothromboxane B2	C20H31O6	OPEN	OPEN	OPEN	OPEN	pubchem:440862	OPEN	OPEN	OPEN	OPEN
HC00005	ApoB100	X	OPEN	OPEN	OPEN	OPEN	OPEN	OPEN	OPEN	OPEN	OPEN
HC00006	ApoC1	X	OPEN	OPEN	OPEN	OPEN	OPEN	OPEN	OPEN	OPEN	OPEN
HC00007	ApoC2	X	OPEN	OPEN	OPEN	OPEN	OPEN	OPEN	OPEN	OPEN	OPEN
HC00008	ApoC3	X	OPEN	OPEN	OPEN	OPEN	OPEN	OPEN	OPEN	OPEN	OPEN
HC00009	ApoE	X	OPEN	OPEN	OPEN	OPEN	OPEN	OPEN	OPEN	OPEN	OPEN
idl_hs	Intermediate Density Lipoprotein	X	OPEN	OPEN	OPEN	OPEN	OPEN	OPEN	OPEN	term.intermediate_density_lipoprotein	OPEN
ldl_hs	Low Density Lipoprotein	X	OPEN	OPEN	OPEN	OPEN	OPEN	OPEN	OPEN	term.low_density_lipoprotein	OPEN
hdl_hs	High Density Lipoprotein	X	OPEN	OPEN	OPEN	OPEN	OPEN	OPEN	OPEN	term.high_density_lipoprotein	Assimilation,Transport,Bioenergetics
myelin_hs	Myelin Sheath	X	OPEN	OPEN	OPEN	OPEN	OPEN	OPEN	OPEN	OPEN	OPEN
dopa4sf	Dopamine 4-O-Sulphate	C8H11NO5S	OPEN	OPEN	OPEN	OPEN	OPEN	OPEN	OPEN	OPEN	OPEN
dopa4glcur	Dopamine-4-O-Glucuronide	C14H19NO8	OPEN	OPEN	OPEN	OPEN	OPEN	OPEN	OPEN	OPEN	OPEN
dopa3glcur	Dopamine-3-O-Glucuronide	C14H19NO8	OPEN	OPEN	OPEN	OPEN	OPEN	OPEN	OPEN	OPEN	OPEN
34dhpe	3,4-Dihydroxyphenylethanol	C8H10O3	OPEN	OPEN	OPEN	OPEN	OPEN	OPEN	OPEN	OPEN	OPEN
5cysgly34dhphe	5-S-Cysteinylglycine Dopa	C14H19N3O7S	OPEN	OPEN	OPEN	OPEN	OPEN	OPEN	OPEN	OPEN	OPEN
6hddopaqn	6-Hydroxydopamine-Quinone	C8H10NO3	OPEN	OPEN	OPEN	OPEN	OPEN	OPEN	OPEN	OPEN	OPEN
5cysdopa	5-S-Cysteinyldopamine	C11H17N2O4S	OPEN	OPEN	OPEN	OPEN	OPEN	OPEN	OPEN	OPEN	OPEN
23dh1i56dio	2,3-Dihydro-1H-Indole-5,6-Dione	C8H7NO2	OPEN	OPEN	OPEN	OPEN	OPEN	OPEN	OPEN	OPEN	OPEN
4glu56dihdind	4-S-Glutathionyl-5,6-Dihydroxyindoline	C18H23N4O8S	OPEN	OPEN	OPEN	OPEN	OPEN	OPEN	OPEN	OPEN	OPEN
ind56qn	Indole-5,6-Quinone	C8H5NO2	OPEN	OPEN	OPEN	OPEN	OPEN	OPEN	OPEN	OPEN	OPEN
phcrm_hs	Phytoceramide	C18H38NO3FULLRCO	OPEN	OPEN	OPEN	OPEN	OPEN	OPEN	OPEN	OPEN	OPEN
phsphings	Phytosphingosine	C18H40NO3	OPEN	OPEN	OPEN	OPEN	OPEN	OPEN	OPEN	OPEN	OPEN
phsph1p	Phytosphingosine-1-Phosphate	C18H39NO6P	OPEN	OPEN	OPEN	OPEN	OPEN	OPEN	OPEN	OPEN	OPEN
gda1_hs	Gda1 Hs	X	OPEN	OPEN	OPEN	OPEN	OPEN	OPEN	OPEN	OPEN	OPEN
hhxdcal	2-Hydroxyhexadecanal	C16H32O2	OPEN	OPEN	OPEN	OPEN	OPEN	OPEN	OPEN	OPEN	OPEN
M02956	Tags-Chylomicron-Pool	C6H5O6R3	OPEN	OPEN	kegg:C00422	chebi:17855	OPEN	OPEN	OPEN	OPEN	OPEN
M00234	1,2-Diacylglycerol-Chylomicron-Pool	C5H6O5R2	OPEN	OPEN	kegg:C00641	chebi:17815	OPEN	OPEN	OPEN	OPEN	OPEN
M01807	Fatty-Acid-Chylomicron-Pool	CHO2R	OPEN	OPEN	OPEN	OPEN	OPEN	OPEN	OPEN	OPEN	OPEN
M00503	Monoacylglycerol-Chylomicron-Pool	C4H7O4R	OPEN	OPEN	kegg:C01885	chebi:17408	OPEN	OPEN	OPEN	OPEN	OPEN
M00241	1,2-Diacylglycerol-VLDL-Pool	C5H6O5R2	OPEN	OPEN	kegg:C00641	chebi:17815	OPEN	OPEN	OPEN	OPEN	OPEN
M01820	Fatty-Acid-VLDL-Pool	CHO2R	OPEN	OPEN	kegg:C00162	chebi:35366	OPEN	OPEN	OPEN	OPEN	OPEN
M00510	1-Acylglycerol-VLDL-Pool	C4H7O4R	OPEN	OPEN	kegg:C01885	chebi:17408	OPEN	OPEN	OPEN	OPEN	OPEN
M00003	10Z-Heptadecenoic Acid	C17H31O2	OPEN	OPEN	OPEN	OPEN	OPEN	OPEN	OPEN	OPEN	OPEN
M00008	11Z,14Z-Eicosadienoic Acid	C20H35O2	OPEN	OPEN	kegg:C16525	OPEN	OPEN	OPEN	OPEN	OPEN	OPEN
M00010	11Z,14Z,17Z-Eicosatrienoic Acid	C20H33O2	OPEN	OPEN	kegg:C16522	chebi:53460	OPEN	OPEN	OPEN	OPEN	OPEN
M00017	13Z-Eicosenoic Acid	C20H37O2	OPEN	OPEN	OPEN	OPEN	OPEN	OPEN	OPEN	OPEN	OPEN
M00019	13Z-Octadecenoic Acid	C18H33O2	OPEN	OPEN	OPEN	OPEN	OPEN	OPEN	OPEN	OPEN	OPEN
M00021	13Z,16Z-Docosadienoic Acid	C22H39O2	OPEN	OPEN	kegg:C16533	OPEN	OPEN	OPEN	OPEN	OPEN	OPEN
M00115	7Z-Octadecenoic Acid	C18H33O2	OPEN	OPEN	OPEN	OPEN	OPEN	OPEN	OPEN	OPEN	OPEN
M00117	7Z-Tetradecenoic Acid	C14H25O2	OPEN	OPEN	OPEN	chebi:53206	OPEN	OPEN	OPEN	OPEN	OPEN
M00260	10Z,13Z,16Z,19Z-Docosatetraenoic Acid	C22H35O2	OPEN	OPEN	OPEN	OPEN	OPEN	OPEN	OPEN	OPEN	OPEN
M00265	10Z,13Z,16Z-Docosatriynoic Acid	C22H37O2	OPEN	OPEN	OPEN	OPEN	OPEN	OPEN	OPEN	OPEN	OPEN
M00315	12Z,15Z,18Z,21Z-Tetracosatetraenoic Acid	C24H39O2	OPEN	OPEN	OPEN	OPEN	OPEN	OPEN	OPEN	OPEN	OPEN
M00341	13Z,16Z,19Z-Docosatrienoic Acid	C22H37O2	OPEN	hmdb:HMDB0002823	kegg:C16534	chebi:1038735	pubchem:5312557	OPEN	OPEN	OPEN	OPEN
M01197	7Z-Hexadecenoic Acid	C16H29O2	OPEN	OPEN	OPEN	OPEN	OPEN	OPEN	OPEN	OPEN	OPEN
M01207	8Z,11Z-Eicosadienoic Acid	C20H35O2	OPEN	OPEN	OPEN	OPEN	OPEN	OPEN	OPEN	OPEN	OPEN
M01235	9Z-Eicosenoic Acid	C20H37O2	OPEN	OPEN	OPEN	chebi:32419	OPEN	OPEN	OPEN	OPEN	OPEN
M01238	9Z-Heptadecenoic Acid	C17H31O2	OPEN	OPEN	kegg:C16536	OPEN	OPEN	OPEN	OPEN	OPEN	OPEN
M01582	11Z-Docosenoic Acid	C22H41O2	OPEN	hmdb:HMDB0002884	OPEN	chebi:32428	pubchem:5282771	OPEN	OPEN	OPEN	OPEN
M02053	Heneicosanoic Acid	C21H41O2	OPEN	hmdb:HMDB0002345	OPEN	chebi:39248	pubchem:16898	OPEN	OPEN	OPEN	OPEN
M02457	5Z,8Z,11Z-Eicosatrienoic Acid	C20H34O2	OPEN	hmdb:HMDB0010378	OPEN	chebi:1306412	pubchem:5312531	OPEN	OPEN	OPEN	OPEN
M02613	Nonadecanoic Acid	C19H37O2	OPEN	hmdb:HMDB0000772	kegg:C16535	chebi:39246	pubchem:12591	OPEN	OPEN	OPEN	OPEN
M02745	5Z-Tetradecenoic Acid	C14H25O2	OPEN	hmdb:HMDB0000521	OPEN	OPEN	pubchem:5312400	OPEN	OPEN	OPEN	OPEN
M03045	Tricosanoic Acid	C23H45O2	OPEN	hmdb:HMDB0001160	OPEN	chebi:42394	pubchem:17085	OPEN	OPEN	OPEN	OPEN
M03051	Tridecanoic Acid	C13H25O2	OPEN	hmdb:HMDB0000910	kegg:C17076	chebi:45919	pubchem:12530	OPEN	OPEN	OPEN	OPEN
M03153	17Z-Hexacosenoic Acid	C26H49O2	OPEN	OPEN	OPEN	OPEN	OPEN	OPEN	OPEN	OPEN	OPEN
M02560	Nefa-Blood-Pool-In	CHO2R	OPEN	OPEN	OPEN	OPEN	OPEN	OPEN	OPEN	OPEN	OPEN
M02561	Nefa-Blood-Pool-Out	CHO2R	OPEN	OPEN	OPEN	OPEN	OPEN	OPEN	OPEN	OPEN	OPEN
M02909	Smcfa-Blood-Pool	CHO2R	OPEN	OPEN	OPEN	OPEN	OPEN	OPEN	OPEN	OPEN	OPEN
M02108	Heptylic Acid	C7H13O2	OPEN	hmdb:HMDB0000666	kegg:C17714	chebi:45571	pubchem:8094	OPEN	OPEN	OPEN	OPEN
M03117	Undecylic Acid	C11H21O2	OPEN	hmdb:HMDB0000947	kegg:C17715	chebi:32368	pubchem:8180	OPEN	OPEN	OPEN	OPEN
M03134	Valeric Acid	C5H9O2	OPEN	hmdb:HMDB0000892	kegg:C00803	chebi:17418	pubchem:7991	OPEN	OPEN	OPEN	OPEN
M02694	Pentanoyl Coenzyme A	C26H40N7O17P3S	OPEN	hmdb:HMDB0013037	kegg:C00888	chebi:15536	pubchem:439337	OPEN	OPEN	OPEN	OPEN
M02107	Heptanoyl Coenzyme A	C28H44N7O17P3S	OPEN	hmdb:HMDB0012969	OPEN	chebi:37283	pubchem:53481563	OPEN	OPEN	OPEN	OPEN
M02616	Nonanoyl Coenzyme A	C30H48N7O17P3S	OPEN	hmdb:HMDB0013028	kegg:C01942	chebi:27770	pubchem:439607	OPEN	OPEN	OPEN	OPEN
M03116	Undecanoyl Coenzyme A	C32H52N7O17P3S	OPEN	hmdb:HMDB0013114	OPEN	OPEN	pubchem:53481608	OPEN	OPEN	OPEN	OPEN
M03050	Tridecanoyl Coenzyme A	C34H56N7O17P3S	OPEN	hmdb:HMDB0013109	OPEN	OPEN	pubchem:53481606	OPEN	OPEN	OPEN	OPEN
M00129	9E-Tetradecenoyl Coenzyme A	C35H56N7O17P3S	OPEN	OPEN	OPEN	OPEN	OPEN	OPEN	OPEN	OPEN	OPEN
HC10784	Cis-Myrist-7-Enoyl Coenzyme A	C35H56O17P3SN7	OPEN	OPEN	OPEN	OPEN	OPEN	OPEN	OPEN	OPEN	OPEN
M01141	5Z-Tetradecenoyl Coenzyme A	C35H56N7O17P3S	OPEN	OPEN	OPEN	OPEN	OPEN	OPEN	OPEN	OPEN	OPEN
M01191	7Z-Hexadecenoyl Coenzyme A	C37H60N7O17P3S	OPEN	OPEN	OPEN	OPEN	OPEN	OPEN	OPEN	OPEN	OPEN
M00004	10Z-Heptadecenoyl Coenzyme A	C38H62N7O17P3S	OPEN	OPEN	OPEN	OPEN	OPEN	OPEN	OPEN	OPEN	OPEN
M01237	9Z-Heptadecenoyl Coenzyme A	C38H62N7O17P3S	OPEN	OPEN	OPEN	OPEN	OPEN	OPEN	OPEN	OPEN	OPEN
M00020	13Z-Octadecenoyl Coenzyme A	C39H64N7O17P3S	OPEN	OPEN	OPEN	OPEN	OPEN	OPEN	OPEN	OPEN	OPEN
vacccoa	11Z-Octadecenoyl Coenzyme A	C39H64N7O17P3S	OPEN	OPEN	OPEN	OPEN	pubchem:53477847	OPEN	OPEN	OPEN	OPEN
M00127	9E-Octadecenoic Acid	C39H64N7O17P3S	OPEN	OPEN	OPEN	OPEN	OPEN	OPEN	OPEN	OPEN	OPEN
M00116	7Z-Octadecenoyl Coenzyme A	C39H64N7O17P3S	OPEN	OPEN	OPEN	OPEN	OPEN	OPEN	OPEN	OPEN	OPEN
M02612	Nonadecanoyl Coenzyme A	C40H68N7O17P3S	OPEN	OPEN	OPEN	OPEN	OPEN	OPEN	OPEN	OPEN	OPEN
M00018	13Z-Eicosenoyl Coenzyme A	C41H68N7O17P3S	OPEN	OPEN	OPEN	OPEN	OPEN	OPEN	OPEN	OPEN	OPEN
M01236	9Z-Eicosenoyl Coenzyme A	C41H68N7O17P3S	OPEN	OPEN	OPEN	OPEN	OPEN	OPEN	OPEN	OPEN	OPEN
M00123	8Z,11Z-Eicosadienoyl Coenzyme A	C41H66N7O17P3S	OPEN	OPEN	OPEN	OPEN	OPEN	OPEN	OPEN	OPEN	OPEN
M00101	5Z,8Z,11Z-Eicosatrienoyl Coenzyme A	C41H64N7O17P3S	OPEN	OPEN	OPEN	OPEN	OPEN	OPEN	OPEN	OPEN	OPEN
M02052	Heneicosanoyl Coenzyme A	C42H72N7O17P3S	OPEN	OPEN	OPEN	OPEN	OPEN	OPEN	OPEN	OPEN	OPEN
M00006	11Z-Docosenoyl Coenzyme A	C43H72N7O17P3S	OPEN	OPEN	OPEN	OPEN	OPEN	OPEN	OPEN	OPEN	OPEN
M03047	Tricosanoyl Coenzyme A	C44H76N7O17P3S	OPEN	OPEN	OPEN	OPEN	OPEN	OPEN	OPEN	OPEN	OPEN
M02112	17Z-Hexacosenoyl Coenzyme A	C47H80N7O17P3S	OPEN	OPEN	OPEN	OPEN	OPEN	OPEN	OPEN	OPEN	OPEN
M00012	11Z,14Z,17Z-Eicosatrienoyl Coenzyme A	C41H64N7O17P3S	OPEN	OPEN	kegg:C16179	OPEN	OPEN	OPEN	OPEN	OPEN	OPEN
M00343	13Z,16Z,19Z-Docosatrienoyl Coenzyme A	C43H68N7O17P3S	OPEN	OPEN	OPEN	OPEN	OPEN	OPEN	OPEN	OPEN	OPEN
M00023	13Z,16Z-Docosadienoyl Coenzyme A	C43H70N7O17P3S	OPEN	OPEN	kegg:C16645	OPEN	OPEN	OPEN	OPEN	OPEN	OPEN
HC02048	Acyl Coenzyme A-Ld-Sm-Pool	C22H31N7O17P3SR	OPEN	OPEN	OPEN	OPEN	OPEN	OPEN	OPEN	OPEN	OPEN
HC02042	1-Acylglycerol-3P-Ld-Sm-Pool	C4H6O7PR	OPEN	OPEN	kegg:C00681	chebi:16975	OPEN	OPEN	OPEN	OPEN	OPEN
HC02050	Phosphatidate-Ld-Pc-Pool	C5H5O8PR2	OPEN	OPEN	kegg:C00416	chebi:16337	OPEN	OPEN	OPEN	OPEN	OPEN
HC02051	Phosphatidate-Ld-Pe-Pool	C5H5O8PR2	OPEN	OPEN	kegg:C00416	chebi:16337	OPEN	OPEN	OPEN	OPEN	OPEN
HC02054	Phosphatidate-Ld-Sm-Pool	C5H5O8PR2	OPEN	OPEN	kegg:C00416	chebi:16337	OPEN	OPEN	OPEN	OPEN	OPEN
HC02056	1,2-Diacylglycerol-Ld-Pc-Pool	C5H6O5R2	OPEN	OPEN	kegg:C00641	chebi:17815	OPEN	OPEN	OPEN	OPEN	OPEN
HC02057	1,2-Diacylglycerol-Ld-Pe-Pool	C5H6O5R2	OPEN	OPEN	kegg:C00641	chebi:17815	OPEN	OPEN	OPEN	OPEN	OPEN
HC02060	1,2-Diacylglycerol-Ld-Sm-Pool	C5H6O5R2	OPEN	OPEN	kegg:C00641	chebi:17815	OPEN	OPEN	OPEN	OPEN	OPEN
M02686	Pe-Nme-Ld-Pool	C8H13NO8PR2	OPEN	OPEN	kegg:C01241	chebi:15958	OPEN	OPEN	OPEN	OPEN	OPEN
M02758	Phosphatidyl-N-Dimethylethanolamine	C9H15NO8PR2	OPEN	OPEN	kegg:C04308	OPEN	OPEN	OPEN	OPEN	OPEN	OPEN
HC02076	1-Acylglycerol-Ld-Sm-Pool	C4H7O4R	OPEN	OPEN	kegg:C01885	chebi:17408	OPEN	OPEN	OPEN	OPEN	OPEN
HC02070	Fatty-Acid-Ld-Sm-Pool	CHO2R	OPEN	OPEN	kegg:C00162	chebi:35366	OPEN	OPEN	OPEN	OPEN	OPEN
M02197	N-Acetyl-D-galactosaminyl-N-Acetyl-D-galactosaminyl-1,3-D-galactosyl-1,4-D-galactosyl-1,4-D-glucosylceramide	C53H92N3O28R	OPEN	OPEN	kegg:C04925	OPEN	OPEN	OPEN	OPEN	OPEN	OPEN
M02491	Monosialylgalactosylgloboside	X	OPEN	OPEN	kegg:G00098	OPEN	OPEN	OPEN	OPEN	OPEN	OPEN
M03131	V3(Neuac)2-Gb5Cer ((Gal)3 (GalNAc)1 (Glc)1 (Neu5Ac)2 (Cer)1)	X	OPEN	OPEN	kegg:G00100	OPEN	OPEN	OPEN	OPEN	OPEN	OPEN
M02012	Gm2A	X	OPEN	OPEN	OPEN	OPEN	OPEN	OPEN	OPEN	OPEN	OPEN
M02013	Gm2A:Gm2-Ganglioside	C50H86N3O26R	OPEN	OPEN	OPEN	OPEN	OPEN	OPEN	OPEN	OPEN	OPEN
M02195	Fuc-alpha1->2Gal-beta1->3GlcNAc-beta1->3Gal-beta1->4Glc-beta1-1'Cer	C50H89N2O26FULLRCO	OPEN	OPEN	kegg:C06131	chebi:28743	OPEN	OPEN	OPEN	OPEN	OPEN
M02683	Paragloboside	C45H79N2O23R	OPEN	OPEN	kegg:C04922	chebi:17006	OPEN	OPEN	OPEN	OPEN	OPEN
M02186	Lactoisooctaosylceramide ((Gal)4 (Glc)1 (GlcNAc)3 (Cer)1)	X	OPEN	OPEN	kegg:G00078	OPEN	OPEN	OPEN	OPEN	OPEN	OPEN
M02490	Monofucosyllactoisooctaosylceramide	X	OPEN	OPEN	kegg:G04561	OPEN	OPEN	OPEN	OPEN	OPEN	OPEN
M01881	(Gal)4 (Glc)1 (GlcNAc)3 (LFuc)2 (Cer)1	X	OPEN	OPEN	kegg:G00079	OPEN	OPEN	OPEN	OPEN	OPEN	OPEN
CE6246	5,12-Dihydroxy-6,8,10,14-Eicosatetraenoic Acid	C20H31O4	OPEN	OPEN	OPEN	OPEN	OPEN	OPEN	OPEN	OPEN	OPEN
M01111	5-L-Gamma-Glutamyl Amino Acid	C5H7NO3	OPEN	OPEN	OPEN	OPEN	OPEN	OPEN	OPEN	OPEN	OPEN
M00939	4,4-Dimethyl-14Alpha-Hydroxymethyl-5Alpha-Cholesta-8,24-Dien-3Beta-Ol	C30H50O2	OPEN	OPEN	OPEN	OPEN	OPEN	OPEN	OPEN	OPEN	OPEN
M00937	4,4-Dimethyl-14Alpha-Formyl-5Alpha-Cholesta-8,24-Dien-3Beta-Ol	C30H48O2	OPEN	OPEN	OPEN	OPEN	OPEN	OPEN	OPEN	OPEN	OPEN
M00961	4'-Hydroxymethyl-4'-Methyl-5'-Cholesta-8,24-Dien-3'-Ol	C29H48O2	OPEN	OPEN	OPEN	OPEN	OPEN	OPEN	OPEN	OPEN	OPEN
M00957	4'-Formyl-4'-Methyl-5'-Cholesta-8,24-Dien-3'-Ol	C29H46O2	OPEN	OPEN	OPEN	OPEN	OPEN	OPEN	OPEN	OPEN	OPEN
M00963	4'-Hydroxymethyl-5'-Cholesta-8,24-Dien-3'-Ol	C28H46O2	OPEN	OPEN	OPEN	OPEN	OPEN	OPEN	OPEN	OPEN	OPEN
M00959	4'-Formyl-5'-Cholesta-8,24-Dien-3'-Ol	C28H44O2	OPEN	OPEN	OPEN	OPEN	OPEN	OPEN	OPEN	OPEN	OPEN
M00955	4'-Carboxy-5'-Cholesta-8,24-Dien-3'-Ol	C28H44O3	OPEN	OPEN	OPEN	OPEN	OPEN	OPEN	OPEN	OPEN	OPEN
M01067	5Alpha-Cholesta-8,24-Dien-3-One	C27H42O	OPEN	OPEN	OPEN	chebi:52386	OPEN	OPEN	OPEN	OPEN	OPEN
M00940	4,4-Dimethyl-14Alpha-Hydroxymethyl-5Alpha-Cholest-8-En-3Beta-Ol	C30H52O2	OPEN	OPEN	OPEN	OPEN	OPEN	OPEN	OPEN	OPEN	OPEN
M00938	4,4-Dimethyl-14Alpha-Formyl-5Alpha-Cholest-8-En-3Beta-Ol	C30H50O2	OPEN	OPEN	OPEN	OPEN	OPEN	OPEN	OPEN	OPEN	OPEN
M00942	4,4-Dimethyl-5Alpha-Cholesta-8,14-Dien-3Beta-Ol	C29H48O	OPEN	OPEN	OPEN	OPEN	OPEN	OPEN	OPEN	OPEN	OPEN
M00962	4'-Hydroxymethyl-4'-Methyl-5'-Cholesta-8-En-3'-Ol	C29H50O2	OPEN	OPEN	OPEN	OPEN	OPEN	OPEN	OPEN	OPEN	OPEN
M00958	4'-Formyl-4'-Methyl-5'-Cholesta-8-En-3'-Ol	C29H48O2	OPEN	OPEN	OPEN	OPEN	OPEN	OPEN	OPEN	OPEN	OPEN
M00954	4'-Carboxy-4'-Methyl-5'-Cholesta-8-En-3'-Ol	C29H48O3	OPEN	OPEN	OPEN	OPEN	OPEN	OPEN	OPEN	OPEN	OPEN
M00966	4'-Methyl-5'-Cholesta-8-En-3-One	C28H46O	OPEN	OPEN	OPEN	OPEN	OPEN	OPEN	OPEN	OPEN	OPEN
M00967	4'-Methyl-Cholesta-8-Enol	C28H48O	OPEN	OPEN	OPEN	OPEN	OPEN	OPEN	OPEN	OPEN	OPEN
M00964	4Alpha-Hydroxymethyl-5Alpha-Cholesta-8-En-3Beta-Ol	C28H48O2	OPEN	OPEN	OPEN	OPEN	OPEN	OPEN	OPEN	OPEN	OPEN
M00960	4Alpha-Formyl-5Alpha-Cholesta-8-En-3Beta-Ol	C28H46O2	OPEN	OPEN	OPEN	OPEN	OPEN	OPEN	OPEN	OPEN	OPEN
M00956	4'-Carboxy-5'-Cholesta-8-En-3'-Ol	C28H46O3	OPEN	OPEN	OPEN	OPEN	OPEN	OPEN	OPEN	OPEN	OPEN
M01068	5Alpha-Cholest-8-En-3-One	C27H44O	OPEN	OPEN	OPEN	OPEN	OPEN	OPEN	OPEN	OPEN	OPEN
M00978	7Alpha,24-Dihydroxycholest-4-En-3-One	C27H44O3	OPEN	OPEN	OPEN	OPEN	OPEN	OPEN	OPEN	OPEN	OPEN
M00976	4-Cholesten-7',12',24-Triol-3-One	C27H44O4	OPEN	OPEN	OPEN	chebi:48714	OPEN	OPEN	OPEN	OPEN	OPEN
M01081	7Alpha,24-Dihydroxy-5Beta-Cholestan-3-One	C27H46O4	OPEN	OPEN	OPEN	OPEN	OPEN	OPEN	OPEN	OPEN	OPEN
M01083	7Alpha,24Alpha-Dihydroxy-5Beta-Cholestan-3-One	C27H46O3	OPEN	OPEN	OPEN	OPEN	OPEN	OPEN	OPEN	OPEN	OPEN
M01077	5Beta-Cholestan-3Alpha,7Alpha,12Alpha,24(S)-Tetrol	C27H48O4	OPEN	OPEN	OPEN	OPEN	OPEN	OPEN	OPEN	OPEN	OPEN
M01080	5Beta-Cholestane-3Alpha,7Alpha,24-Triol	C27H48O3	OPEN	OPEN	OPEN	OPEN	OPEN	OPEN	OPEN	OPEN	OPEN
M01076	5Beta-Cholestan-3Alpha,7Alpha,12Alpha,24(S),27-Pentol	C27H48O5	OPEN	OPEN	OPEN	OPEN	OPEN	OPEN	OPEN	OPEN	OPEN
M01079	5Beta-Cholestane-3Alpha,7Alpha,24,26-Tetrol	C27H48O4	OPEN	OPEN	OPEN	OPEN	OPEN	OPEN	OPEN	OPEN	OPEN
M00746	3Alpha,7Alpha,12Alpha,24-Tetrahydroxy-5Beta-Cholestan-26-Al	C27H46O5	OPEN	OPEN	OPEN	OPEN	OPEN	OPEN	OPEN	OPEN	OPEN
M00753	3Alpha,7Alpha,24-Trihydroxy-5Beta-Cholestan-26-Al	C27H46O4	OPEN	OPEN	OPEN	OPEN	OPEN	OPEN	OPEN	OPEN	OPEN
M02977	TetraHCA	C27H47O4	OPEN	OPEN	OPEN	OPEN	OPEN	OPEN	OPEN	OPEN	OPEN
M00742	3,7,24THCA	C27H45O5	OPEN	OPEN	OPEN	OPEN	OPEN	OPEN	OPEN	OPEN	OPEN
M00615	25(R)Tetrahca Coenzyme A	C48H76N7O21P3S	OPEN	OPEN	OPEN	OPEN	OPEN	OPEN	OPEN	OPEN	OPEN
M00743	3,7,24Thca Coenzyme A	C48H76N7O20P3S	OPEN	OPEN	OPEN	OPEN	OPEN	OPEN	OPEN	OPEN	OPEN
M00625	27-Hydroxycholesterol	C27H46O2	OPEN	OPEN	OPEN	OPEN	OPEN	OPEN	OPEN	OPEN	OPEN
M00979	7Alpha,26-Dihydroxycholest-4-En-3-One	C27H44O3	OPEN	OPEN	OPEN	OPEN	OPEN	OPEN	OPEN	OPEN	OPEN
M00977	7Alpha,12Alpha,26-Trihydroxycholest-4-En-3-One	C27H44O4	OPEN	OPEN	OPEN	OPEN	OPEN	OPEN	OPEN	OPEN	OPEN
M01082	5Beta-Cholestan-7Alpha,12Alpha,27-Triol-3-One	C27H46O4	OPEN	OPEN	OPEN	OPEN	OPEN	OPEN	OPEN	OPEN	OPEN
M01084	7Alpha,26-Dihydroxy-5Beta-Cholestan-3-One	C27H46O3	OPEN	OPEN	OPEN	OPEN	OPEN	OPEN	OPEN	OPEN	OPEN
M01989	Glycodeoxycholic Acid	C26H43NO5	OPEN	OPEN	kegg:C05464	chebi:27471	OPEN	OPEN	OPEN	OPEN	OPEN
M02155	Hyodesoxycholic Acid	C24H40O4	OPEN	OPEN	kegg:C15517	OPEN	OPEN	OPEN	OPEN	OPEN	OPEN
M00606	Cholest-5-En-3Beta,22R-Diol	C27H46O2	OPEN	OPEN	kegg:C05502	chebi:1301	OPEN	OPEN	OPEN	OPEN	OPEN
M00579	Cholest-5-En-3Beta,20R,22R-Triol	C27H46O3	OPEN	OPEN	kegg:C05501	chebi:1294	OPEN	OPEN	OPEN	OPEN	OPEN
M00605	21-Hydroxypregnenolone	C21H32O3	OPEN	OPEN	kegg:C05485	chebi:28043	OPEN	OPEN	OPEN	OPEN	OPEN
M00406	17Alpha,21-Dihydroxypregnenolone	C21H32O4	OPEN	OPEN	kegg:C05487	chebi:27832	OPEN	OPEN	OPEN	OPEN	OPEN
M01075	Androst-5-Ene-3,17-Dione	C19H26O2	OPEN	OPEN	OPEN	OPEN	OPEN	OPEN	OPEN	OPEN	OPEN
M02760	Pregn-5-Ene-3,20-Dione	C21H30O2	OPEN	OPEN	OPEN	OPEN	OPEN	OPEN	OPEN	OPEN	OPEN
M02761	Pregn-5-Ene-3,20-Dione-17-Ol	C21H30O3	OPEN	OPEN	OPEN	OPEN	OPEN	OPEN	OPEN	OPEN	OPEN
M00603	4-Pregnene-11Beta,17Alpha-Diol-3,20-Dione	C21H30O4	OPEN	OPEN	kegg:C05497	OPEN	OPEN	OPEN	OPEN	OPEN	OPEN
M00285	11Beta-Hydroxyprogesterone	C21H30O3	OPEN	OPEN	kegg:C05498	chebi:28247	OPEN	OPEN	OPEN	OPEN	OPEN
M00429	18-Hydroxycorticosterone	C21H30O5	OPEN	OPEN	OPEN	OPEN	OPEN	OPEN	OPEN	OPEN	OPEN
M00783	3-Hydroxyhexacosanoyl Coenzyme A	C47H82N7O18P3S	OPEN	OPEN	OPEN	OPEN	OPEN	OPEN	OPEN	OPEN	OPEN
M00049	(2E)-Hexacosenoyl Coenzyme A	C47H80N7O17P3S	OPEN	OPEN	OPEN	OPEN	OPEN	OPEN	OPEN	OPEN	OPEN
M00887	3-Oxononadecanoyl Coenzyme A	C40H66N7O18P3S	OPEN	OPEN	OPEN	OPEN	OPEN	OPEN	OPEN	OPEN	OPEN
M00790	3-Hydroxynonadecanoyl Coenzyme A	C40H68N7O18P3S	OPEN	OPEN	OPEN	OPEN	OPEN	OPEN	OPEN	OPEN	OPEN
M00054	(2E)-Nonadecenoyl Coenzyme A	C40H66N7O17P3S	OPEN	OPEN	OPEN	OPEN	OPEN	OPEN	OPEN	OPEN	OPEN
M00873	3-Oxoheneicosanoyl Coenzyme A	C42H70N7O18P3S	OPEN	OPEN	OPEN	OPEN	OPEN	OPEN	OPEN	OPEN	OPEN
M00778	3-Hydroxyheneicosanoyl Coenzyme A	C42H72N7O18P3S	OPEN	OPEN	OPEN	OPEN	OPEN	OPEN	OPEN	OPEN	OPEN
M00044	(2E)-Heneicosenoyl Coenzyme A	C42H70N7O17P3S	OPEN	OPEN	OPEN	OPEN	OPEN	OPEN	OPEN	OPEN	OPEN
M00907	3-Oxotricosanoyl Coenzyme A	C44H74N7O18P3S	OPEN	OPEN	OPEN	OPEN	OPEN	OPEN	OPEN	OPEN	OPEN
M00802	3-Hydroxytricosanoyl Coenzyme A	C44H76N7O18P3S	OPEN	OPEN	OPEN	OPEN	OPEN	OPEN	OPEN	OPEN	OPEN
M00067	(2E)-Tricosenoyl Coenzyme A	C44H74N7O17P3S	OPEN	OPEN	OPEN	OPEN	OPEN	OPEN	OPEN	OPEN	OPEN
M00879	3-Oxo-Hexacosenoyl Coenzyme A	C47H78N7O18P3S	OPEN	OPEN	OPEN	OPEN	OPEN	OPEN	OPEN	OPEN	OPEN
M00715	3(S)-Hydroxy-Hexacosenoyl Coenzyme A	C47H80N7O18P3S	OPEN	OPEN	OPEN	OPEN	OPEN	OPEN	OPEN	OPEN	OPEN
M03016	Trans,Cis-2,17-Hexacosadienoyl Coenzyme A	C47H78N7O17P3S	OPEN	OPEN	OPEN	OPEN	OPEN	OPEN	OPEN	OPEN	OPEN
M00843	3-Oxo-13-Cis-Eicosenoyl Coenzyme A	C41H66N7O18P3S	OPEN	OPEN	OPEN	OPEN	OPEN	OPEN	OPEN	OPEN	OPEN
M00702	3(S)-Hydroxy-13-Cis-Eicosenoyl Coenzyme A	C41H68N7O18P3S	OPEN	OPEN	OPEN	OPEN	OPEN	OPEN	OPEN	OPEN	OPEN
M03014	Trans,Cis-2,13-Eicosadienoyl Coenzyme A	C41H66N7O17P3S	OPEN	OPEN	OPEN	OPEN	OPEN	OPEN	OPEN	OPEN	OPEN
M00852	3-Oxo-9-Cis-Eicosenoyl Coenzyme A	C41H66N7O18P3S	OPEN	OPEN	OPEN	OPEN	OPEN	OPEN	OPEN	OPEN	OPEN
M00707	3(S)-Hydroxy-9-Cis-Eicosenoyl Coenzyme A	C41H68N7O18P3S	OPEN	OPEN	OPEN	OPEN	OPEN	OPEN	OPEN	OPEN	OPEN
M03018	Trans,Cis-2,9-Eicosadienoyl Coenzyme A	C41H66N7O17P3S	OPEN	OPEN	OPEN	OPEN	OPEN	OPEN	OPEN	OPEN	OPEN
M00839	3-Oxo-11Cis-Docosenoyl Coenzyme A	C43H70N7O18P3S	OPEN	OPEN	OPEN	OPEN	OPEN	OPEN	OPEN	OPEN	OPEN
M00699	3(S)-Hydroxy-11Cis-Docosenoyl Coenzyme A	C43H72N7O18P3S	OPEN	OPEN	OPEN	OPEN	OPEN	OPEN	OPEN	OPEN	OPEN
M03011	Trans,Cis-2,11-Docosadienoyl Coenzyme A	C43H70N7O17P3S	OPEN	OPEN	OPEN	OPEN	OPEN	OPEN	OPEN	OPEN	OPEN
M00871	3-Oxo-Eicosadienoyl Coenzyme A	C41H64N7O18P3S	OPEN	OPEN	OPEN	OPEN	OPEN	OPEN	OPEN	OPEN	OPEN
M00704	3(S)-Hydroxy-3-Oxo-Eicosadienoyl Coenzyme A	C41H66N7O18P3S	OPEN	OPEN	OPEN	OPEN	OPEN	OPEN	OPEN	OPEN	OPEN
M03017	Trans,Cis-2,8,11-Eicosatrienoyl Coenzyme A	C41H64N7O17P3S	OPEN	OPEN	OPEN	OPEN	OPEN	OPEN	OPEN	OPEN	OPEN
M00860	3-Oxodocasa-Cis,Cis-13,16-Dienoyl Coenzyme A	C43H68N7O18P3S	OPEN	OPEN	OPEN	OPEN	OPEN	OPEN	OPEN	OPEN	OPEN
M00085	(3S)-Hydroxy-Docasa-Cis,Cis-13,16-Dienoyl Coenzyme A	C43H70N7O18P3S	OPEN	OPEN	OPEN	OPEN	OPEN	OPEN	OPEN	OPEN	OPEN
M03008	Trans,Cis,Cis-2,13,16-Docasatrienoyl Coenzyme A	C43H68N7O17P3S	OPEN	OPEN	OPEN	OPEN	OPEN	OPEN	OPEN	OPEN	OPEN
M00869	3-Oxoeicosa-Cis,Cis,Cis-11,14,17-Trienoyl Coenzyme A	C41H62N7O18P3S	OPEN	OPEN	OPEN	OPEN	OPEN	OPEN	OPEN	OPEN	OPEN
M00086	(3S)-Hydroxy-Eicosa-Cis,Cis,Cis-11,14,17-Trienoyl Coenzyme A	C41H64N7O18P3S	OPEN	OPEN	OPEN	OPEN	OPEN	OPEN	OPEN	OPEN	OPEN
M03005	Trans,Cis,Cis,Cis-2,11,14,17-Eicosatetraenoyl Coenzyme A	C41H62N7O17P3S	OPEN	OPEN	OPEN	OPEN	OPEN	OPEN	OPEN	OPEN	OPEN
M00862	3-Oxo-Docosa-13,16,19-All-Cis-Trienoyl Coenzyme A	C43H66N7O18P3S	OPEN	OPEN	OPEN	OPEN	OPEN	OPEN	OPEN	OPEN	OPEN
M00712	3(S)-Hydroxy-Docosa-13,16,19-All-Cis-Trienoyl Coenzyme A	C43H68N7O18P3S	OPEN	OPEN	OPEN	OPEN	OPEN	OPEN	OPEN	OPEN	OPEN
M03006	Trans,Cis,Cis,Cis-2,13,16,19-Docosatetraenoyl Coenzyme A	C43H66N7O17P3S	OPEN	OPEN	OPEN	OPEN	OPEN	OPEN	OPEN	OPEN	OPEN
M01729	Dodecanoylcarnitine	C19H37NO4	OPEN	hmdb:HMDB0002250	OPEN	OPEN	pubchem:168381	OPEN	OPEN	OPEN	OPEN
M02973	Tetradecanoylcarnitine	C21H41NO4	OPEN	hmdb:HMDB0005066	OPEN	OPEN	pubchem:53477791	OPEN	OPEN	OPEN	OPEN
M02976	Tetradecenoylcarnitine(9)	C21H39NO4	OPEN	OPEN	OPEN	OPEN	OPEN	OPEN	OPEN	OPEN	OPEN
M02102	Heptadecenoylcarnitine(7)	C24H45NO4	OPEN	OPEN	OPEN	OPEN	OPEN	OPEN	OPEN	OPEN	OPEN
M02103	Heptadecenoylcarnitine(8)	C24H45NO4	OPEN	OPEN	OPEN	OPEN	OPEN	OPEN	OPEN	OPEN	OPEN
vacccrn	Octadecenoylcarnitine(7)	C25H47NO4	OPEN	OPEN	OPEN	OPEN	pubchem:53477830	OPEN	OPEN	OPEN	OPEN
M02638	Octadecenoylcarnitine(11)	C25H47NO4	OPEN	OPEN	OPEN	OPEN	OPEN	OPEN	OPEN	OPEN	OPEN
M02611	Nonadecanoylcarnitine	C26H51NO4	OPEN	OPEN	OPEN	OPEN	OPEN	OPEN	OPEN	OPEN	OPEN
M01776	Eicosenoylcarnitine(7)	C27H51NO4	OPEN	OPEN	OPEN	OPEN	OPEN	OPEN	OPEN	OPEN	OPEN
M01777	Eicosenoylcarnitine(9)	C27H51NO4	OPEN	OPEN	OPEN	OPEN	OPEN	OPEN	OPEN	OPEN	OPEN
M01775	Eicosenoylcarnitine(11)	C27H51NO4	OPEN	OPEN	OPEN	OPEN	OPEN	OPEN	OPEN	OPEN	OPEN
M00122	8Z,11Z-Eicosadienoylcarnitine	C27H49NO4	OPEN	OPEN	OPEN	OPEN	OPEN	OPEN	OPEN	OPEN	OPEN
M00100	5Z,8Z,11Z-Eicosatrienoylcarnitine	C27H47NO4	OPEN	OPEN	OPEN	OPEN	OPEN	OPEN	OPEN	OPEN	OPEN
M02051	Heneicosanoylcarnitine	C28H55NO4	OPEN	OPEN	OPEN	OPEN	OPEN	OPEN	OPEN	OPEN	OPEN
M01724	Docosanoylcarnitine	C29H57NO4	OPEN	OPEN	OPEN	OPEN	OPEN	OPEN	OPEN	OPEN	OPEN
M01727	Docosenoylcarnitine	C29H55NO4	OPEN	OPEN	OPEN	OPEN	OPEN	OPEN	OPEN	OPEN	OPEN
M01726	Docosenoylcarnitine(11)	C29H55NO4	OPEN	OPEN	OPEN	OPEN	OPEN	OPEN	OPEN	OPEN	OPEN
M02637	Octadecatrienoylcarnitine	C25H43NO4	OPEN	OPEN	OPEN	OPEN	OPEN	OPEN	OPEN	OPEN	OPEN
M00011	11Z,14Z,17Z-Eicosatrienoylcarnitine	C27H47NO4	OPEN	OPEN	OPEN	OPEN	OPEN	OPEN	OPEN	OPEN	OPEN
M00342	13Z,16Z,19Z-Docosatrienoylcarnitine	C29H51NO4	OPEN	OPEN	OPEN	OPEN	OPEN	OPEN	OPEN	OPEN	OPEN
M00261	10Z,13Z,16Z,19Z-Docosatetraenoylcarnitine	C29H49NO4	OPEN	OPEN	OPEN	OPEN	OPEN	OPEN	OPEN	OPEN	OPEN
M01770	11Z,14Z-Eicosadienoylcarnitine	C27H49NO4	OPEN	OPEN	OPEN	OPEN	OPEN	OPEN	OPEN	OPEN	OPEN
M00022	13Z,16Z-Docosadienoylcarnitine	C29H52NO4	OPEN	OPEN	OPEN	OPEN	OPEN	OPEN	OPEN	OPEN	OPEN
M00263	10Z,13Z,16Z-Docosatrienoylcarnitine	C29H51NO4	OPEN	OPEN	OPEN	OPEN	OPEN	OPEN	OPEN	OPEN	OPEN
M00046	(2E)-Heptadecenoyl Coenzyme A	C38H62N7O17P3S	OPEN	OPEN	OPEN	OPEN	OPEN	OPEN	OPEN	OPEN	OPEN
M00780	3-Hydroxyheptadecanoyl Coenzyme A	C38H64N7O18P3S	OPEN	OPEN	OPEN	OPEN	OPEN	OPEN	OPEN	OPEN	OPEN
M00875	3-Oxoheptadecanoyl Coenzyme A	C38H62N7O18P3S	OPEN	OPEN	OPEN	OPEN	OPEN	OPEN	OPEN	OPEN	OPEN
M00061	(2E)-Pentadecenoyl Coenzyme A	C36H58N7O17P3S	OPEN	OPEN	OPEN	OPEN	OPEN	OPEN	OPEN	OPEN	OPEN
M00795	3-Hydroxypentadecanoyl Coenzyme A	C36H60N7O18P3S	OPEN	OPEN	OPEN	OPEN	OPEN	OPEN	OPEN	OPEN	OPEN
M00897	3-Oxopentadecanoyl Coenzyme A	C36H58N7O18P3S	OPEN	OPEN	OPEN	OPEN	OPEN	OPEN	OPEN	OPEN	OPEN
M00069	(2E)-Tridecenoyl Coenzyme A	C34H54N7O17P3S	OPEN	OPEN	OPEN	OPEN	OPEN	OPEN	OPEN	OPEN	OPEN
M00804	3-Hydroxytridecanoyl Coenzyme A	C34H56N7O18P3S	OPEN	OPEN	OPEN	OPEN	OPEN	OPEN	OPEN	OPEN	OPEN
M00909	3-Oxotridecanoyl Coenzyme A	C34H54N7O18P3S	OPEN	OPEN	OPEN	OPEN	OPEN	OPEN	OPEN	OPEN	OPEN
M00071	(2E)-Undecenoyl Coenzyme A	C32H50N7O17P3S	OPEN	OPEN	OPEN	OPEN	OPEN	OPEN	OPEN	OPEN	OPEN
M00806	3-Hydroxyundecanoyl Coenzyme A	C32H52N7O18P3S	OPEN	OPEN	OPEN	OPEN	OPEN	OPEN	OPEN	OPEN	OPEN
M00911	3-Oxoundecanoyl Coenzyme A	C32H50N7O18P3S	OPEN	OPEN	OPEN	OPEN	OPEN	OPEN	OPEN	OPEN	OPEN
M00056	(2E)-Nonenoyl Coenzyme A	C30H46N7O17P3S	OPEN	OPEN	OPEN	OPEN	OPEN	OPEN	OPEN	OPEN	OPEN
M00792	3-Hydroxynonanoyl Coenzyme A	C30H48N7O18P3S	OPEN	OPEN	OPEN	OPEN	OPEN	OPEN	OPEN	OPEN	OPEN
M00889	3-Oxononanoyl Coenzyme A	C30H46N7O18P3S	OPEN	OPEN	OPEN	OPEN	OPEN	OPEN	OPEN	OPEN	OPEN
M00048	(2E)-Heptenoyl Coenzyme A	C28H42N7O17P3S	OPEN	OPEN	OPEN	OPEN	OPEN	OPEN	OPEN	OPEN	OPEN
M00782	3-Hydroxyheptanoyl Coenzyme A	C28H44N7O18P3S	OPEN	OPEN	OPEN	OPEN	OPEN	OPEN	OPEN	OPEN	OPEN
M00877	3-Oxoheptanoyl Coenzyme A	C28H42N7O18P3S	OPEN	OPEN	OPEN	OPEN	OPEN	OPEN	OPEN	OPEN	OPEN
M00063	(2E)-Pentenoyl Coenzyme A	C26H38N7O17P3S	OPEN	OPEN	OPEN	OPEN	OPEN	OPEN	OPEN	OPEN	OPEN
M00797	3-Hydroxypentanoyl Coenzyme A	C26H40N7O18P3S	OPEN	OPEN	OPEN	OPEN	OPEN	OPEN	OPEN	OPEN	OPEN
M00899	3-Oxopentanoyl Coenzyme A	C26H38N7O18P3S	OPEN	OPEN	OPEN	OPEN	OPEN	OPEN	OPEN	OPEN	OPEN
M03019	Trans,Cis-Hexadeca-2,7-Dienoyl Coenzyme A	C37H58N7O17P3S	OPEN	OPEN	OPEN	OPEN	OPEN	OPEN	OPEN	OPEN	OPEN
M00172	(S)-3-Hydroxy-7-Hexadecenoyl Coenzyme A	C37H60N7O18P3S	OPEN	OPEN	OPEN	OPEN	OPEN	OPEN	OPEN	OPEN	OPEN
M00849	3-Oxo-7-Hexadecenoyl Coenzyme A	C37H58N7O18P3S	OPEN	OPEN	OPEN	OPEN	OPEN	OPEN	OPEN	OPEN	OPEN
M03022	Trans,Cis-Myristo-2,5-Dienoyl Coenzyme A	C35H54N7O17P3S	OPEN	OPEN	OPEN	OPEN	OPEN	OPEN	OPEN	OPEN	OPEN
M01573	Cis-(3S)-Hydroxytetradec-5-Enoyl Coenzyme A	C35H56N7O18P3S	OPEN	OPEN	OPEN	OPEN	OPEN	OPEN	OPEN	OPEN	OPEN
M00885	3-Oxomyrist-5-Enoyl Coenzyme A	C35H54N7O18P3S	OPEN	OPEN	OPEN	OPEN	OPEN	OPEN	OPEN	OPEN	OPEN
M03024	Trans,Cis-Octadeca-2,11-Dienoyl Coenzyme A	C39H62N7O17P3S	OPEN	OPEN	OPEN	OPEN	OPEN	OPEN	OPEN	OPEN	OPEN
M00170	(S)-3-Hydroxy-11-Cis-Octadecenoyl Coenzyme A	C39H64N7O18P3S	OPEN	OPEN	OPEN	OPEN	OPEN	OPEN	OPEN	OPEN	OPEN
M00841	3-Oxo-11-Cis-Octadecenoyl Coenzyme A	C39H62N7O18P3S	OPEN	OPEN	OPEN	OPEN	OPEN	OPEN	OPEN	OPEN	OPEN
M01454	Cholest-5-En-3B-Yl (9Z-Heptadecenoate)	C44H76O2	OPEN	OPEN	OPEN	OPEN	OPEN	OPEN	OPEN	OPEN	OPEN
M01455	Cholesterol-Ester-11,14,17-Eico	C47H78O2	OPEN	OPEN	OPEN	OPEN	OPEN	OPEN	OPEN	OPEN	OPEN
M01456	Cholest-5-En-3Beta-Yl (11Z,14Z-Eicosadienoate)	C47H80O2	OPEN	OPEN	OPEN	OPEN	OPEN	OPEN	OPEN	OPEN	OPEN
M01457	Cholesterol-Ester-11-Docose	C49H86O2	OPEN	OPEN	OPEN	OPEN	OPEN	OPEN	OPEN	OPEN	OPEN
M01458	Cholest-5-En-3Beta-Yl (11Z-Eicosenoate)	C47H82O2	OPEN	OPEN	OPEN	OPEN	OPEN	OPEN	OPEN	OPEN	OPEN
M01460	Cholesterol-Ester-13,16,19-Doco	C49H82O2	OPEN	OPEN	OPEN	OPEN	OPEN	OPEN	OPEN	OPEN	OPEN
M01461	Cholest-5-En-3Beta-Yl (13Z,16Z-Docosadienoate)	C49H84O2	OPEN	OPEN	OPEN	OPEN	OPEN	OPEN	OPEN	OPEN	OPEN
M01462	Cholest-5-En-3B-Yl (13Z-Docosenoate)	C49H86O2	OPEN	OPEN	OPEN	OPEN	OPEN	OPEN	OPEN	OPEN	OPEN
M01463	Cholesterol-Ester-13-Eicose	C47H82O2	OPEN	OPEN	OPEN	OPEN	OPEN	OPEN	OPEN	OPEN	OPEN
M01464	Cholesterol-Ester-13-Octade	C45H78O2	OPEN	OPEN	OPEN	OPEN	OPEN	OPEN	OPEN	OPEN	OPEN
M01465	Cholest-5-En-3Beta-Yl (15Z-Tetracosenoate)	C51H90O2	OPEN	OPEN	OPEN	OPEN	OPEN	OPEN	OPEN	OPEN	OPEN
M01466	Cholest-5-En-3Beta-Yl (4Z,7Z,10Z,13Z,16Z,19Z-Docosahexaenoate)	C49H76O2	OPEN	OPEN	OPEN	OPEN	OPEN	OPEN	OPEN	OPEN	OPEN
M01467	Cholesterol-Ester-4,7,10,13,16-Docosa	C49H78O2	OPEN	OPEN	OPEN	OPEN	OPEN	OPEN	OPEN	OPEN	OPEN
M01468	Cholest-5-En-3Beta-Yl (5Z,8Z,11Z,14Z,17Z-Eicosapentaenoate)	C47H74O2	OPEN	OPEN	OPEN	OPEN	OPEN	OPEN	OPEN	OPEN	OPEN
M01469	Cholesterol-Ester-5,8,11-Eico	C47H78O2	OPEN	OPEN	OPEN	OPEN	OPEN	OPEN	OPEN	OPEN	OPEN
M01470	Cholesterol-Ester-5-Tetra	C41H70O2	OPEN	OPEN	OPEN	OPEN	OPEN	OPEN	OPEN	OPEN	OPEN
M01471	Cholesterol-Ester-6,9,12,15,18,21-Tetra	C51H80O2	OPEN	OPEN	OPEN	OPEN	OPEN	OPEN	OPEN	OPEN	OPEN
M01472	Cholesterol-Ester-6,9,12,15,18-Tetraco	C51H82O2	OPEN	OPEN	OPEN	OPEN	OPEN	OPEN	OPEN	OPEN	OPEN
M01473	Cholesterol-Ester-6,9,12,15-Octa	C45H72O2	OPEN	OPEN	OPEN	OPEN	OPEN	OPEN	OPEN	OPEN	OPEN
M01474	Cholesterol-Ester-6,9-Octa	C45H76O2	OPEN	OPEN	OPEN	OPEN	OPEN	OPEN	OPEN	OPEN	OPEN
M01475	Cholest-5-En-3Beta-Yl (7Z,10Z,13Z,16Z,19Z-Docosapentaenoate)	C49H78O2	OPEN	OPEN	OPEN	OPEN	OPEN	OPEN	OPEN	OPEN	OPEN
M01476	Cholest-5-En-3Beta-Yl (7Z,10Z,13Z,16Z-Docosatetraenoate)	C49H80O2	OPEN	OPEN	OPEN	OPEN	OPEN	OPEN	OPEN	OPEN	OPEN
M01477	Cholesterol-Ester-7-Hexa	C43H74O2	OPEN	OPEN	OPEN	OPEN	OPEN	OPEN	OPEN	OPEN	OPEN
M01479	Cholesterol-Ester-7-Tetrade	C41H70O2	OPEN	OPEN	OPEN	OPEN	OPEN	OPEN	OPEN	OPEN	OPEN
M01480	Cholesterol-Ester-8,11,14,17-Eico	C47H76O2	OPEN	OPEN	OPEN	OPEN	OPEN	OPEN	OPEN	OPEN	OPEN
M01481	Cholesterol-Ester-8,11-Eico	C47H80O2	OPEN	OPEN	OPEN	OPEN	OPEN	OPEN	OPEN	OPEN	OPEN
M01482	Cholesterol-Ester-9,12,15,18,21-Tetra	C51H82O2	OPEN	OPEN	OPEN	OPEN	OPEN	OPEN	OPEN	OPEN	OPEN
M01483	Cholesterol-Ester-9,12,15,18-Tetraco	C51H84O2	OPEN	OPEN	OPEN	OPEN	OPEN	OPEN	OPEN	OPEN	OPEN
M01484	Cholesterol-Ester-9-Eicose	C47H82O2	OPEN	OPEN	OPEN	OPEN	OPEN	OPEN	OPEN	OPEN	OPEN
M01485	Cholesterol-Ester-9-Heptade	C44H76O2	OPEN	OPEN	OPEN	OPEN	OPEN	OPEN	OPEN	OPEN	OPEN
M01486	Cholesterol-Ester-9-Octa	C45H78O2	OPEN	OPEN	OPEN	OPEN	OPEN	OPEN	OPEN	OPEN	OPEN
M01487	Cholest-5-En-3B-Yl (9Z-Tetradecenoate)	C41H70O2	OPEN	OPEN	OPEN	OPEN	OPEN	OPEN	OPEN	OPEN	OPEN
M01489	Cholesterol-Ester-Cis-Vac	C45H78O2	OPEN	OPEN	OPEN	OPEN	OPEN	OPEN	OPEN	OPEN	OPEN
M01490	Cholest-5-En-3Beta-Yl (8Z,11Z,14Z-Eicosatrienoate)	C47H78O2	OPEN	OPEN	OPEN	OPEN	OPEN	OPEN	OPEN	OPEN	OPEN
M01491	Cholest-5-En-3Beta-Yl Docosanoate	C49H88O2	OPEN	OPEN	OPEN	OPEN	OPEN	OPEN	OPEN	OPEN	OPEN
M01492	Cholest-5-En-3Beta-Yl Eicosanoate	C47H84O2	OPEN	OPEN	OPEN	OPEN	OPEN	OPEN	OPEN	OPEN	OPEN
M01494	Cholesterol-Ester-Heneico	C48H86O2	OPEN	OPEN	OPEN	OPEN	OPEN	OPEN	OPEN	OPEN	OPEN
M01495	Cholest-5-En-3B-Yl (Heptadecanoate)	C44H78O2	OPEN	OPEN	OPEN	OPEN	OPEN	OPEN	OPEN	OPEN	OPEN
M01496	Cholesterol-Ester-Hexacosa	C53H96O2	OPEN	OPEN	OPEN	OPEN	OPEN	OPEN	OPEN	OPEN	OPEN
M01497	Cholesterol-Ester-Hexecose	C53H94O2	OPEN	OPEN	OPEN	OPEN	OPEN	OPEN	OPEN	OPEN	OPEN
M01498	Cholest-5-En-3Beta-Yl Dodecanoate	C39H68O2	OPEN	OPEN	OPEN	OPEN	OPEN	OPEN	OPEN	OPEN	OPEN
M01501	Cholest-5-En-3Beta-Yl Tetradecanoate	C41H72O2	OPEN	OPEN	OPEN	OPEN	OPEN	OPEN	OPEN	OPEN	OPEN
M01502	Cholest-5-En-3Beta-Yl Nonadecanoate	C46H82O2	OPEN	OPEN	OPEN	OPEN	OPEN	OPEN	OPEN	OPEN	OPEN
M01506	Cholest-5-En-3B-Yl (Pentadecanoate)	C42H74O2	OPEN	OPEN	OPEN	OPEN	OPEN	OPEN	OPEN	OPEN	OPEN
M01508	Cholesterol-Ester-Tetraco	C51H92O2	OPEN	OPEN	OPEN	OPEN	OPEN	OPEN	OPEN	OPEN	OPEN
M01509	Cholesterol-Ester-Trico	C50H90O2	OPEN	OPEN	OPEN	OPEN	OPEN	OPEN	OPEN	OPEN	OPEN
M01510	Cholesterol-Ester-Tridec	C40H70O2	OPEN	OPEN	OPEN	OPEN	OPEN	OPEN	OPEN	OPEN	OPEN
M00245	1,2-Dihydroxy-5-(Methylthio)Pent-1-En-3-One	C6H10O3S	OPEN	OPEN	kegg:C15606	chebi:49252	OPEN	OPEN	OPEN	OPEN	OPEN
h2co3	Carbonic Acid	CH2O3	OPEN	OPEN	kegg:C01353	chebi:28976	OPEN	OPEN	OPEN	OPEN	OPEN
M00658	2-Methoxy-6-All Trans-Decaprenyl-2-Methoxy-1,4-Benzoquinol	C57H90O3	OPEN	OPEN	OPEN	OPEN	OPEN	OPEN	OPEN	OPEN	OPEN
M01165	6-Methoxy-3-Methyl-2-All-Trans-Decaprenyl-1,4-Benzoquinol	C58H92O3	OPEN	OPEN	OPEN	OPEN	OPEN	OPEN	OPEN	OPEN	OPEN
M00770	3-Demethylubiquinol-10	C58H92O4	OPEN	OPEN	OPEN	OPEN	OPEN	OPEN	OPEN	OPEN	OPEN
M00213	Protein N6-Methyl-L-Lysine	C8H15N3O2R2	OPEN	OPEN	kegg:C05544	OPEN	OPEN	OPEN	OPEN	OPEN	OPEN
Ndmelys	Protein N6,N6-Dimethyl-L-Lysine	C2H7X	OPEN	OPEN	kegg:C05545	OPEN	OPEN	OPEN	OPEN	OPEN	OPEN
Ntmelys	Protein N6,N6,N6-Trimethyl-L-Lysine	C3H10X	OPEN	OPEN	kegg:C05546	OPEN	OPEN	OPEN	OPEN	OPEN	OPEN
M01871	(GalNAc)1 (GlcNAc)1 (Ser/Thr)1	X	OPEN	OPEN	kegg:G00031	OPEN	OPEN	OPEN	OPEN	OPEN	OPEN
M01872	(Gal)1 (GalNAc)1 (GlcNAc)1 (Ser/Thr)1	X	OPEN	OPEN	kegg:G00032	OPEN	OPEN	OPEN	OPEN	OPEN	OPEN
doldp_L	Dolichol Diphosphate, Human Liver Homolog	C1080H1758O70P20	OPEN	OPEN	kegg:C00621	chebi:15750	OPEN	OPEN	OPEN	OPEN	OPEN
M01869	(GlcNAc)6 (Man)3 (Asn)1	C82H135N8O55	OPEN	OPEN	kegg:G00021	OPEN	OPEN	OPEN	OPEN	OPEN	OPEN
M01870	(GlcNAc)7 (Man)3 (Asn)1	C90H148N9O60	OPEN	OPEN	kegg:G00022	OPEN	OPEN	OPEN	OPEN	OPEN	OPEN
M00673	2-Phenylacetamide	C8H9NO	OPEN	OPEN	kegg:C02505	chebi:16562	OPEN	OPEN	OPEN	OPEN	OPEN
M01389	Beta-D-Glucose-6-Phosphate	C6H11O9P	OPEN	OPEN	kegg:C01172	chebi:17719	OPEN	OPEN	OPEN	OPEN	OPEN
M02446	Maltoheptaose	C42H72O36	OPEN	OPEN	OPEN	OPEN	OPEN	OPEN	OPEN	OPEN	OPEN
M02447	Maltohexaose	C36H62O31	OPEN	OPEN	kegg:C01936	OPEN	OPEN	OPEN	OPEN	OPEN	OPEN
M02449	Maltopentaose	C30H52O26	OPEN	OPEN	OPEN	OPEN	OPEN	OPEN	OPEN	OPEN	OPEN
M02451	Maltotetraose	C24H42O21	OPEN	hmdb:HMDB0001296	kegg:C02052	chebi:61988	pubchem:439639	OPEN	OPEN	OPEN	OPEN
M01966	D-Glucose 1,6-Bisphosphate	C6H11O12P2	OPEN	OPEN	kegg:C01231	chebi:18148	OPEN	OPEN	OPEN	OPEN	OPEN
M02837	Retinyl Palmitate	C36H58O3	OPEN	OPEN	OPEN	OPEN	OPEN	OPEN	OPEN	OPEN	OPEN
M02035	Guanidine	CH5N3	OPEN	OPEN	OPEN	chebi:42820	OPEN	OPEN	OPEN	OPEN	OPEN
M02467	Metformin	C4H11N5	OPEN	OPEN	kegg:C07151	chebi:6801	OPEN	OPEN	OPEN	OPEN	OPEN
M03167	5-Phosphonooxy-L-Lysine	C6H14N2O6P	OPEN	OPEN	kegg:C03366	chebi:16752	OPEN	OPEN	OPEN	OPEN	OPEN
M03168	3-Oxopropionyl Coenzyme A	C24H34N7O18P3S	OPEN	OPEN	kegg:C05989	OPEN	OPEN	OPEN	OPEN	OPEN	OPEN
12dhchol	12-Dehydrocholic acid; 12-Oxodeoxycholic acid; 12oxo-3alpha,7alpha-Dihydroxy-5beta-cholan-24-oic acid	C24H37O5	OPEN	OPEN	OPEN	OPEN	OPEN	OPEN	OPEN	OPEN	OPEN
3dhchol	3-Dehydrocholic acid; 3oxo-7alpha,12alpha-Dihydroxy-5beta-cholan-24-oic acid	C24H37O5	OPEN	OPEN	OPEN	OPEN	OPEN	OPEN	OPEN	OPEN	OPEN
3dhcdchol	3-Dehydrochenodeoxychollyc acid; 7oxo-3alpha-hydroxy-5beta-cholan-24-oic acid	C24H37O4	OPEN	OPEN	OPEN	OPEN	OPEN	OPEN	OPEN	OPEN	OPEN
3dhdchol	3-dehydro-Deoxycholate	C24H37O4	OPEN	OPEN	OPEN	OPEN	OPEN	OPEN	OPEN	OPEN	OPEN
3dhlchol	3-dehydro-Lithocholate	C24H37O3	OPEN	OPEN	OPEN	OPEN	OPEN	OPEN	OPEN	OPEN	OPEN
7dhcdchol	7-Dehydrochenodeoxycholic acid; 7oxo-3alpha-hydroxy-5beta-cholan-24-oic acid	C24H37O4	OPEN	OPEN	OPEN	OPEN	OPEN	OPEN	OPEN	OPEN	OPEN
7dhchol	7-Dehydrocholic acid; 7-Oxodeoxycholic acid; 7oxo-3alpha,12alpha-Dihydroxy-5beta-cholan-24-oic acid	C24H37O5	OPEN	OPEN	OPEN	OPEN	OPEN	OPEN	OPEN	OPEN	OPEN
ca24g	Cholic acid-24glucuronide, CA-24G	C30H47O11	OPEN	OPEN	OPEN	OPEN	OPEN	OPEN	OPEN	OPEN	OPEN
ca3s	Cholic acid 3-sulfate	C24H38O8S	OPEN	OPEN	OPEN	OPEN	OPEN	OPEN	OPEN	OPEN	OPEN
cdca24g	Chenodeoxycholic acid-24glucuronide, CDCA-24G	C30H47O10	OPEN	OPEN	OPEN	OPEN	OPEN	OPEN	OPEN	OPEN	OPEN
cdca3g	Chenodeoxycholic acid-3glucuronide, CDCA-3G	C30H47O10	OPEN	OPEN	OPEN	OPEN	OPEN	OPEN	OPEN	OPEN	OPEN
hyochol	Hyocholic acid; gamma-Muricholate	C24H39O5	OPEN	hmdb:HMDB0000760	kegg:C17649	chebi:81244	pubchem:96023992	OPEN	OPEN	OPEN	OPEN
coprost	Coprostanol	C27H48O	OPEN	OPEN	OPEN	OPEN	OPEN	OPEN	OPEN	OPEN	OPEN
dca24g	Deoxycholic acid-24glucuronide, CDA-24G	C30H47O10	OPEN	OPEN	OPEN	OPEN	OPEN	OPEN	OPEN	OPEN	OPEN
dca3g	Deoxycholic acid-3glucuronide, CDA-3G	C30H47O10	OPEN	hmdb:HMDB0002596	OPEN	OPEN	OPEN	OPEN	OPEN	OPEN	OPEN
dca3s	Deoxycholic acid 3-sulfate	C24H38O7S	OPEN	OPEN	OPEN	OPEN	OPEN	OPEN	OPEN	OPEN	OPEN
gca3s	Glycocholic acid 3-sulfate	C26H42NO9S	OPEN	OPEN	OPEN	OPEN	OPEN	OPEN	OPEN	OPEN	OPEN
gcdca3s	Glycochenodeoxycholic acid 3-sulfate	C26H42NO8S	OPEN	OPEN	OPEN	OPEN	OPEN	OPEN	OPEN	OPEN	OPEN
gdca3s	Glycodeoxycholic acid 3-sulfate	C26H42NO8S	OPEN	OPEN	OPEN	OPEN	OPEN	OPEN	OPEN	OPEN	OPEN
gudca3s	Glycoursodeoxycholic acid 3-sulfate	C26H42NO8S	OPEN	OPEN	OPEN	OPEN	OPEN	OPEN	OPEN	OPEN	OPEN
hca24g	Hyocholic acid-24glucuronide, HCA-24G	C30H47O11	OPEN	OPEN	OPEN	OPEN	OPEN	OPEN	OPEN	OPEN	OPEN
hca6g	Hyocholic acid-6glucuronide, HCA-6G	C30H47O11	OPEN	OPEN	OPEN	OPEN	OPEN	OPEN	OPEN	OPEN	OPEN
hdca24g	Hyodeoxycholic acid-24glucuronide, HDCA-24G	C30H47O10	OPEN	OPEN	OPEN	OPEN	OPEN	OPEN	OPEN	OPEN	OPEN
hdca6g	Hyodeoxycholic acid-6glucuronide, HDCA-6G	C30H47O10	OPEN	OPEN	OPEN	OPEN	OPEN	OPEN	OPEN	OPEN	OPEN
icdchol	Isochenodeoxycholic acid; 3beta,7alpha-Dihydroxy-5beta-cholanic acid	C24H39O4	OPEN	OPEN	OPEN	OPEN	OPEN	OPEN	OPEN	OPEN	OPEN
isochol	Isochenodeoxycholic acid; 3beta,7alpha,12alpha-Trihydroxy-5beta-cholanic acid	C24H39O5	OPEN	OPEN	OPEN	OPEN	OPEN	OPEN	OPEN	OPEN	OPEN
lca24g	Lithocholic acid-24glucuronide, CDCA-24G	C30H47O9	OPEN	OPEN	OPEN	OPEN	OPEN	OPEN	OPEN	OPEN	OPEN
lca3g	Lithocholic acid-3glucuronide, CDCA-3G	C30H47O9	OPEN	OPEN	OPEN	OPEN	OPEN	OPEN	OPEN	OPEN	OPEN
lca3s	Lithocholic acid 3-sulfate	C24H38O6S	OPEN	OPEN	OPEN	OPEN	OPEN	OPEN	OPEN	OPEN	OPEN
tca3s	Taurocholic acid 3-sulfate	C26H44NO10S2	OPEN	OPEN	OPEN	OPEN	OPEN	OPEN	OPEN	OPEN	OPEN
tcdca3s	Taurochenodeoxycholic acid 3-sulfate	C26H44NO9S2	OPEN	OPEN	OPEN	OPEN	OPEN	OPEN	OPEN	OPEN	OPEN
tdca3s	Taurodeoxycholic acid 3-sulfate	C26H43NO9S2	OPEN	OPEN	OPEN	OPEN	OPEN	OPEN	OPEN	OPEN	OPEN
thyochol	Taurohyocholic acid; N-(3alpha,6alpha,7alpha-Trihydroxy-5beta-cholan-24-oyl)taurine	C26H44NO7S	OPEN	hmdb:HMDB0011637	kegg:C15516	chebi:52022	pubchem:17396508	OPEN	OPEN	OPEN	OPEN
tudca3s	Tauroursodeoxycholic acid 3-sulfate	C26H44NO9S2	OPEN	OPEN	OPEN	OPEN	OPEN	OPEN	OPEN	OPEN	OPEN
uchol	Ursocholic acid; 3alpha,7beta,12alpha-Trihydroxy-5beta-cholan-24-oic acid; 3alpha,7beta,12alpha-Trihydroxy-5beta-cholanic acid; 7beta-Hydroxyisocholic acid; 7-Epicholic acid	C24H39O5	OPEN	OPEN	OPEN	OPEN	OPEN	OPEN	OPEN	OPEN	OPEN
udca3s	Ursodeoxycholic acid 3-sulfate	C24H38O7S	OPEN	OPEN	OPEN	OPEN	OPEN	OPEN	OPEN	OPEN	OPEN
tacr	Tacrolimus	C44H69NO12	OPEN	OPEN	OPEN	OPEN	OPEN	OPEN	OPEN	OPEN	OPEN
12htacr	12-HT or M-VI, 12-hydroxy tacrolimus	C44H69NO13	OPEN	OPEN	OPEN	OPEN	OPEN	OPEN	OPEN	OPEN	OPEN
13dmt	13-O-desmethyl tacrolimus, 13-DMT or M-I	C43H67NO12	OPEN	OPEN	OPEN	OPEN	OPEN	OPEN	OPEN	OPEN	OPEN
1331tacr	13,31-O-Didesmethyl-tacrolimus	C42H65NO12	OPEN	OPEN	OPEN	OPEN	OPEN	OPEN	OPEN	OPEN	OPEN
31dmt	31-DMT or M-II, 31-O-desmethyl tacrolimus	C43H67NO12	OPEN	OPEN	OPEN	OPEN	OPEN	OPEN	OPEN	OPEN	OPEN
4ohmdz	4-OH-midazolam	C18H13ClFN3O	OPEN	OPEN	OPEN	OPEN	OPEN	OPEN	OPEN	OPEN	OPEN
14hmdz	1,4-Dihydroxy-midazolam	C18H13ClFN3O2	OPEN	OPEN	OPEN	OPEN	OPEN	OPEN	OPEN	OPEN	OPEN
1ohmdz	1'-OH-midazolam	C18H13ClFN3O	OPEN	OPEN	OPEN	OPEN	OPEN	OPEN	OPEN	OPEN	OPEN
15dmt	15-DMT or M-III, 15-O-desmethyl tacrolimus	C43H67NO12	OPEN	OPEN	OPEN	OPEN	OPEN	OPEN	OPEN	OPEN	OPEN
1513tacr	13,15-O-didesmethyl tacrolimus	C42H65NO12	OPEN	OPEN	OPEN	OPEN	OPEN	OPEN	OPEN	OPEN	OPEN
1531tacr	15, 31-O-Didesmethyl-tacrolimus	C42H65NO12	OPEN	OPEN	OPEN	OPEN	OPEN	OPEN	OPEN	OPEN	OPEN
1hibupglu_S	1-hydroxy S-ibuprofen-glucuronide	C19H25O9	OPEN	OPEN	OPEN	OPEN	OPEN	OPEN	OPEN	OPEN	OPEN
1hibup_S	1-hydroxy S-ibuprofen	C13H17O3	OPEN	OPEN	OPEN	OPEN	OPEN	OPEN	OPEN	OPEN	OPEN
1hmdgluc	1'-OH-midazolam-glucuronide	C24H20ClFN3O7	OPEN	OPEN	OPEN	OPEN	OPEN	OPEN	OPEN	OPEN	OPEN
mdz	Midazolam	C18H13ClFN3	OPEN	OPEN	OPEN	OPEN	OPEN	OPEN	OPEN	OPEN	OPEN
2hatvacid	2-hydroxy-atorvastatin-acid / ortho-hydroxy-atorvastatin acid	C33H34FN2O6	OPEN	OPEN	OPEN	OPEN	OPEN	OPEN	OPEN	OPEN	OPEN
2hatvlac	2-hydroxy-atorvastatin-lactone / ortho-hydroxy-atorvastatin lactone	C33H33FN2O5	OPEN	OPEN	OPEN	OPEN	OPEN	OPEN	OPEN	OPEN	OPEN
2hatvacidgluc	2-hydroxy-atorvastatin-acyl-glucuronide	C39H42FN2O12	OPEN	OPEN	OPEN	OPEN	OPEN	OPEN	OPEN	OPEN	OPEN
atvacid	atorvastatin-acid	C33H34FN2O5	OPEN	OPEN	OPEN	OPEN	OPEN	OPEN	OPEN	OPEN	OPEN
2hatvlacgluc	2-hydroxy-atorvastatin-lactone-glucuronide	C39H40FN2O11	OPEN	OPEN	OPEN	OPEN	OPEN	OPEN	OPEN	OPEN	OPEN
atvlac	atorvastatin-lactone	C33H33FN2O4	OPEN	OPEN	OPEN	OPEN	OPEN	OPEN	OPEN	OPEN	OPEN
2hibupglu_S	2-hydroxy S-ibuprofen-glucuronide	C19H25O9	OPEN	OPEN	OPEN	OPEN	OPEN	OPEN	OPEN	OPEN	OPEN
2hibup_R	2-hydroxy-R-ibuprofen	C13H17O3	OPEN	OPEN	OPEN	OPEN	OPEN	OPEN	OPEN	OPEN	OPEN
2hibup_S	2-hydroxy-S-ibuprofen	C13H17O3	OPEN	OPEN	OPEN	OPEN	OPEN	OPEN	OPEN	OPEN	OPEN
pvs	pravastatin	C23H35NaO7	OPEN	OPEN	OPEN	OPEN	OPEN	OPEN	OPEN	OPEN	OPEN
35dhpvs	3'-alpha,5'beta-dihydroxy-pravastatin / 3'-alpha5'beta6'beta-trihydroxy pravastatin	C23H34NaO9	OPEN	OPEN	OPEN	OPEN	OPEN	OPEN	OPEN	OPEN	OPEN
smv	simvastatin lactone form	C25H38O5	OPEN	OPEN	OPEN	OPEN	OPEN	OPEN	OPEN	OPEN	OPEN
35dsmv	3',5'-dihydrodiol-simvastatin-lactone form	C25H40O7	OPEN	OPEN	OPEN	OPEN	OPEN	OPEN	OPEN	OPEN	OPEN
3hibupglu_S	3-hydroxy S-ibuprofen-glucuronide	C19H25O9	OPEN	OPEN	OPEN	OPEN	OPEN	OPEN	OPEN	OPEN	OPEN
3hibup_R	3-hydroxy R-ibuprofen	C13H17O3	OPEN	OPEN	OPEN	OPEN	OPEN	OPEN	OPEN	OPEN	OPEN
3hibup_S	3-hydroxy S-ibuprofen	C13H17O3	OPEN	OPEN	OPEN	OPEN	OPEN	OPEN	OPEN	OPEN	OPEN
3hlvst	3''-hydroxy-lovastatin lactone form	C24H36O6	OPEN	OPEN	OPEN	OPEN	OPEN	OPEN	OPEN	OPEN	OPEN
3hlvstacid	3''-hydroxy-lovastatin acid form	C24H37O7	OPEN	OPEN	OPEN	OPEN	OPEN	OPEN	OPEN	OPEN	OPEN
3hpvscoa	3'-S-hydroxy-pravastatin-CoA	C44H67N7NaO24P3S	OPEN	OPEN	OPEN	OPEN	OPEN	OPEN	OPEN	OPEN	OPEN
3hpvstetcoa	3'-S-hydroxy-pravastatin-tetranor-CoA	C40H58N7NaO21P3S	OPEN	OPEN	OPEN	OPEN	OPEN	OPEN	OPEN	OPEN	OPEN
3hpvstet	3'-S-hydroxy-pravastatin-tetranor	C19H27NaO6	OPEN	OPEN	OPEN	OPEN	OPEN	OPEN	OPEN	OPEN	OPEN
3hpvs	3'-S-hydroxy-pravastatin	C23H35NaO8	OPEN	OPEN	OPEN	OPEN	OPEN	OPEN	OPEN	OPEN	OPEN
3hsmv	3'-hydroxy-simvastatin-lactone form	C25H38O6	OPEN	OPEN	OPEN	OPEN	OPEN	OPEN	OPEN	OPEN	OPEN
3hsmvacid	3'-hydroxy-simvastatin-acid form	C25H39O7	OPEN	OPEN	OPEN	OPEN	OPEN	OPEN	OPEN	OPEN	OPEN
6hsmv	6'-beta-hydroxy simvastatin lactone	C25H38O6	OPEN	OPEN	OPEN	OPEN	OPEN	OPEN	OPEN	OPEN	OPEN
3ispvs	3-alpha-iso-pravastatin	C23H35NaO7	OPEN	OPEN	OPEN	OPEN	OPEN	OPEN	OPEN	OPEN	OPEN
3ohacmp	3-hydroxy-acetaminophen	C8H9NO3	OPEN	OPEN	OPEN	OPEN	OPEN	OPEN	OPEN	OPEN	OPEN
3meacmp	3-methoxy-acetaminophen	C9H11NO3	OPEN	OPEN	OPEN	OPEN	OPEN	OPEN	OPEN	OPEN	OPEN
acmp	acetaminophen/paracetamol	C8H9NO2	OPEN	hmdb:HMDB0001859	OPEN	chebi:46195	pubchem:1983	OPEN	OPEN	OPEN	OPEN
4bhglz	4-beta-OH-gliclazide	C15H20N3O4S	OPEN	OPEN	OPEN	OPEN	OPEN	OPEN	OPEN	OPEN	OPEN
glz	Gliclazide	C15H20N3O3S	OPEN	OPEN	OPEN	OPEN	OPEN	OPEN	OPEN	OPEN	OPEN
4hatvacid	4-hydroxy-atorvastatin-acid / para-hydroxy-atorvastatin acid	C33H34FN2O6	OPEN	OPEN	OPEN	OPEN	OPEN	OPEN	OPEN	OPEN	OPEN
4hatvlac	4-hydroxy-atorvastatin-lactone / para-hydroxy-atorvastatin lactone	C33H33FN2O5	OPEN	OPEN	OPEN	OPEN	OPEN	OPEN	OPEN	OPEN	OPEN
4hmdgluc	4-OH-midazolam-glucuronide	C24H20ClFN3O7	OPEN	OPEN	OPEN	OPEN	OPEN	OPEN	OPEN	OPEN	OPEN
tripvs	triol metabolite of pravastatin	C23H37NaO9	OPEN	OPEN	OPEN	OPEN	OPEN	OPEN	OPEN	OPEN	OPEN
56dhpvs	3-keto-5,6,-dihydroxy-pravastatin	C23H35NaO9	OPEN	OPEN	OPEN	OPEN	OPEN	OPEN	OPEN	OPEN	OPEN
56eppvs	5,6-epoxy-3-alpha-iso-pravastatin	C23H35NaO8	OPEN	OPEN	OPEN	OPEN	OPEN	OPEN	OPEN	OPEN	OPEN
5ohfvs	5-hydroxy-fluvastatin	C24H25FNNaO5	OPEN	OPEN	OPEN	OPEN	OPEN	OPEN	OPEN	OPEN	OPEN
5ohfvsglu	5-hydroxy-fluvastatin-glucuronide	C30H32FNNaO11	OPEN	OPEN	OPEN	OPEN	OPEN	OPEN	OPEN	OPEN	OPEN
fvs	fluvastatin	C24H25FNNaO4	OPEN	OPEN	OPEN	OPEN	OPEN	OPEN	OPEN	OPEN	OPEN
6ahglz	6-alpha-OH-gliclazide	C15H20N3O4S	OPEN	OPEN	OPEN	OPEN	OPEN	OPEN	OPEN	OPEN	OPEN
6bhglz	6-beta-OH-gliclazide	C15H20N3O4S	OPEN	OPEN	OPEN	OPEN	OPEN	OPEN	OPEN	OPEN	OPEN
6bhglzglc	6-beta-OH-gliclazide-glucuronide	C21H27N3O10S	OPEN	OPEN	OPEN	OPEN	OPEN	OPEN	OPEN	OPEN	OPEN
6csmv	6'-beta-carboxy-simvastatin-lactone form	C25H35O7	OPEN	OPEN	OPEN	OPEN	OPEN	OPEN	OPEN	OPEN	OPEN
6csmvacid	6'-beta-carboxy-simvastatin-acid form	C25H36O8	OPEN	OPEN	OPEN	OPEN	OPEN	OPEN	OPEN	OPEN	OPEN
6msmv	6'-exomethylene-simvastatin-lactone form	C25H36O5	OPEN	OPEN	OPEN	OPEN	OPEN	OPEN	OPEN	OPEN	OPEN
6epvs	6-epipravastatin	C23H35NaO7	OPEN	OPEN	OPEN	OPEN	OPEN	OPEN	OPEN	OPEN	OPEN
6hlvst	6'-beta-hydroxy-lovastatin lactone form	C24H36O6	OPEN	OPEN	OPEN	OPEN	OPEN	OPEN	OPEN	OPEN	OPEN
6hlvstacid	6'-beta-hydroxy-lovastatin-acid form	C24H37O7	OPEN	OPEN	OPEN	OPEN	OPEN	OPEN	OPEN	OPEN	OPEN
6hmsmv	6'-beta-hydroxy-methyl-simvastatin-lactone form	C25H38O6	OPEN	OPEN	OPEN	OPEN	OPEN	OPEN	OPEN	OPEN	OPEN
6hmsmvacid	6'-beta-hydroxy-methyl-simvastatin-acid form	C25H39O7	OPEN	OPEN	OPEN	OPEN	OPEN	OPEN	OPEN	OPEN	OPEN
6hsmvacid	6'-beta-hydroxy simvastatin acid	C25H39O7	OPEN	OPEN	OPEN	OPEN	OPEN	OPEN	OPEN	OPEN	OPEN
6melvst	6'-exomethylene-lovastatin lactone form	C24H34O5	OPEN	OPEN	OPEN	OPEN	OPEN	OPEN	OPEN	OPEN	OPEN
6melvacid	6'-exomethylene-lovastatin-acid form	C24H35O6	OPEN	OPEN	OPEN	OPEN	OPEN	OPEN	OPEN	OPEN	OPEN
6ohfvsglu	6-hydroxy-fluvastatin-glucuronide	C30H32FNNaO11	OPEN	OPEN	OPEN	OPEN	OPEN	OPEN	OPEN	OPEN	OPEN
6ohfvs	6-hydroxy-fluvastatin	C24H25FNNaO5	OPEN	OPEN	OPEN	OPEN	OPEN	OPEN	OPEN	OPEN	OPEN
7ahglz	7-alpha-OH-gliclazide	C15H20N3O4S	OPEN	OPEN	OPEN	OPEN	OPEN	OPEN	OPEN	OPEN	OPEN
7bhglz	7-beta-OH-gliclazide	C15H20N3O4S	OPEN	OPEN	OPEN	OPEN	OPEN	OPEN	OPEN	OPEN	OPEN
7bhglzglc	7-beta-OH-gliclazide-glucuronide	C21H27N3O10S	OPEN	OPEN	OPEN	OPEN	OPEN	OPEN	OPEN	OPEN	OPEN
7hpvs	7-hydroxy-3-alpha-iso-pravastatin	C23H35NaO8	OPEN	OPEN	OPEN	OPEN	OPEN	OPEN	OPEN	OPEN	OPEN
allop	allopurinol	C5H4N4O	OPEN	OPEN	OPEN	OPEN	OPEN	OPEN	OPEN	OPEN	OPEN
acmpglu	Acetaminophen glucuronide	C14H16NO8	OPEN	hmdb:HMDB0010316	OPEN	chebi:32636	pubchem:83944	OPEN	OPEN	OPEN	OPEN
acmpglut	acetaminophen-glutathione-conjugate	C19H26N4O7S	OPEN	OPEN	OPEN	chebi:32639	OPEN	OPEN	OPEN	OPEN	OPEN
sulpacmp	sulphate-conjugate-acetaminophen	C8H8NO5S	OPEN	OPEN	OPEN	OPEN	OPEN	OPEN	OPEN	OPEN	OPEN
oxyp	oxypurinol	C5H4N4O2	OPEN	OPEN	OPEN	OPEN	OPEN	OPEN	OPEN	OPEN	OPEN
am1csa	AM1 (cyclosporine)	C62H111N11O13	OPEN	OPEN	OPEN	OPEN	OPEN	OPEN	OPEN	OPEN	OPEN
am19cs	AM19 (cyclosporine)	C62H111N11O14	OPEN	OPEN	OPEN	OPEN	OPEN	OPEN	OPEN	OPEN	OPEN
am9csa	AM9 (cyclosporine)	C62H111N11O13	OPEN	OPEN	OPEN	OPEN	OPEN	OPEN	OPEN	OPEN	OPEN
am1acs	AM1A (cyclosporine)	C62H108N11O14	OPEN	OPEN	OPEN	OPEN	OPEN	OPEN	OPEN	OPEN	OPEN
am1a4ncs	AM1A4N (cyclosporine)	C61H106N11O14	OPEN	OPEN	OPEN	OPEN	OPEN	OPEN	OPEN	OPEN	OPEN
am1ccs	AM1c (cyclosporine)	C62H111N11O13	OPEN	OPEN	OPEN	OPEN	OPEN	OPEN	OPEN	OPEN	OPEN
am1accs	AM1Ac (cyclosporine)	C62H108N11O14	OPEN	OPEN	OPEN	OPEN	OPEN	OPEN	OPEN	OPEN	OPEN
am1alcs	AM1AL (cyclosporine)	C62H109N11O13	OPEN	OPEN	OPEN	OPEN	OPEN	OPEN	OPEN	OPEN	OPEN
am1c9cs	AM1c9 (cyclosporine)	C62H111N11O14	OPEN	OPEN	OPEN	OPEN	OPEN	OPEN	OPEN	OPEN	OPEN
am1c4n9cs	AM1c4N9 (cyclosporine)	C61H109N11O14	OPEN	OPEN	OPEN	OPEN	OPEN	OPEN	OPEN	OPEN	OPEN
csa	cyclosporine	C62H111N11O12	OPEN	OPEN	OPEN	OPEN	OPEN	OPEN	OPEN	OPEN	OPEN
am1cglc	AM1c-glucuronide (cyclosporine)	C68H118N11O19	OPEN	OPEN	OPEN	OPEN	OPEN	OPEN	OPEN	OPEN	OPEN
am4n9cs	AM4N9 (cyclosporine)	C61H109N11O13	OPEN	OPEN	OPEN	OPEN	OPEN	OPEN	OPEN	OPEN	OPEN
am4ncs	AM4N (cyclosporine)	C61H109N11O12	OPEN	OPEN	OPEN	OPEN	OPEN	OPEN	OPEN	OPEN	OPEN
atvethgluc	atorvastatin-ether-glucuronide -G1	C45H48FN2O17	OPEN	OPEN	OPEN	OPEN	OPEN	OPEN	OPEN	OPEN	OPEN
atvacylgluc	atorvastatin-acyl-glucuronide / G2	C39H42FN2O11	OPEN	OPEN	OPEN	OPEN	OPEN	OPEN	OPEN	OPEN	OPEN
atvlacgluc	atorvastatin-lactone-ether-glucuronide / G3	C39H40FN2O10	OPEN	OPEN	OPEN	OPEN	OPEN	OPEN	OPEN	OPEN	OPEN
caribupglu_S	S-carboxy ibuprofen glucuronide	C19H22O10	OPEN	OPEN	OPEN	OPEN	OPEN	OPEN	OPEN	OPEN	OPEN
caribup_R	R-carboxy ibuprofen	C13H14O4	OPEN	OPEN	OPEN	OPEN	OPEN	OPEN	OPEN	OPEN	OPEN
caribup_s	S-carboxy ibuprofen	C13H14O4	OPEN	OPEN	OPEN	OPEN	OPEN	OPEN	OPEN	OPEN	OPEN
crglz	carboxy-gliclazide	C15H17N3O5S	OPEN	OPEN	OPEN	OPEN	OPEN	OPEN	OPEN	OPEN	OPEN
mhglz	Methyl-hydroxy-gliclazide	C15H20N3O4S	OPEN	OPEN	OPEN	OPEN	OPEN	OPEN	OPEN	OPEN	OPEN
crvsm1	cerivastatin-M1	C24H29FNNaO5	OPEN	OPEN	OPEN	OPEN	OPEN	OPEN	OPEN	OPEN	OPEN
crvsm24	cerivastatin-M24	C24H29FNNaO6	OPEN	OPEN	OPEN	OPEN	OPEN	OPEN	OPEN	OPEN	OPEN
crvsm23	cerivastatin-M23	C25H31FNNaO6	OPEN	OPEN	OPEN	OPEN	OPEN	OPEN	OPEN	OPEN	OPEN
crvs	cerivastatin	C25H31FNNaO5	OPEN	OPEN	OPEN	OPEN	OPEN	OPEN	OPEN	OPEN	OPEN
crvsm22	cerivastatin-M22	C25H29FNNaO4	OPEN	OPEN	OPEN	OPEN	OPEN	OPEN	OPEN	OPEN	OPEN
cvm1gluc	cerivastatin-M1-glucuronide	C30H36FNNaO11	OPEN	OPEN	OPEN	OPEN	OPEN	OPEN	OPEN	OPEN	OPEN
cvm23gluc	cerivastatin-M23-glucuronide	C31H38FNNaO12	OPEN	OPEN	OPEN	OPEN	OPEN	OPEN	OPEN	OPEN	OPEN
crvsm31	cerivastatin-M31	C26H31FNNaO5	OPEN	OPEN	OPEN	OPEN	OPEN	OPEN	OPEN	OPEN	OPEN
csasulp	cyclosporine-sulphate	C62H110N11O15S	OPEN	OPEN	OPEN	OPEN	OPEN	OPEN	OPEN	OPEN	OPEN
cysacmp	cysteine-conjugate-acetaminophen	C11H14N2O4S	OPEN	OPEN	OPEN	OPEN	OPEN	OPEN	OPEN	OPEN	OPEN
meracmp	acetaminophen-mercapturate-conjugate/N-acetyl-cysteine-acetaminophen	C13H15N2O5S	OPEN	OPEN	OPEN	OPEN	OPEN	OPEN	OPEN	OPEN	OPEN
deoxfvs	deoxy-fluvastatin-dinor	C22H21FNNaO2	OPEN	OPEN	OPEN	OPEN	OPEN	OPEN	OPEN	OPEN	OPEN
desfvs	N-desisopropyl-fluvastatin	C21H19FNNaO4	OPEN	OPEN	OPEN	OPEN	OPEN	OPEN	OPEN	OPEN	OPEN
dhglz	dehydro-gliclazide	C15H18N3O3S	OPEN	OPEN	OPEN	OPEN	OPEN	OPEN	OPEN	OPEN	OPEN
dspvs	desacyl dehydro-pravastatin	C18H23NaO5	OPEN	OPEN	OPEN	OPEN	OPEN	OPEN	OPEN	OPEN	OPEN
epoxtac	31-O-Desmethyl,19-Hydroxy,37, 39-Epoxy-tacrolimus	C41H63NO14	OPEN	OPEN	OPEN	OPEN	OPEN	OPEN	OPEN	OPEN	OPEN
fvstet	des-isopropyl-dihydro-fluvastatin-tetranor	C17H13FNNaO2	OPEN	OPEN	OPEN	OPEN	OPEN	OPEN	OPEN	OPEN	OPEN
fvstetglu	des-isopropyl-dihydro-fluvastatin-tetranor-glucuronide	C23H20FNNaO8	OPEN	OPEN	OPEN	OPEN	OPEN	OPEN	OPEN	OPEN	OPEN
glc3meacp	glucuronide-conjugate of 3-methoxy-acetaminophen	C14H16NO9	OPEN	OPEN	OPEN	OPEN	OPEN	OPEN	OPEN	OPEN	OPEN
gtacmp	glucuronide-thiomethyl-acetaminophen conjugate	C15H18NO8S	OPEN	OPEN	OPEN	OPEN	OPEN	OPEN	OPEN	OPEN	OPEN
ibup_R	ibuprofen-R	C13H17O2	OPEN	OPEN	OPEN	OPEN	OPEN	OPEN	OPEN	OPEN	OPEN
ibup_S	ibuprofen-S	C13H17O2	OPEN	OPEN	OPEN	OPEN	OPEN	OPEN	OPEN	OPEN	OPEN
ibupgluc	ibuprofen acyl glucuronide	C19H25O8	OPEN	OPEN	OPEN	OPEN	OPEN	OPEN	OPEN	OPEN	OPEN
isolvstacid	3'-hydroxy-iso-delta-4',5'-hydroxy acid form of lovastatin	C24H37O7	OPEN	OPEN	OPEN	OPEN	OPEN	OPEN	OPEN	OPEN	OPEN
lst4exp	Losartan-E3174/ losartan-M6	C22H19ClN6O2	OPEN	OPEN	OPEN	OPEN	OPEN	OPEN	OPEN	OPEN	OPEN
lstn	Losartan	C22H22ClN6O	OPEN	OPEN	OPEN	OPEN	OPEN	OPEN	OPEN	OPEN	OPEN
lstn1gluc	Losartan-N1-glucuronide	C28H30ClN6O7	OPEN	OPEN	OPEN	OPEN	OPEN	OPEN	OPEN	OPEN	OPEN
lstnm1	Losartan-M1	C22H22ClN6O2	OPEN	OPEN	OPEN	OPEN	OPEN	OPEN	OPEN	OPEN	OPEN
lstnm2	Losartan-M2	C22H22ClN6O2	OPEN	OPEN	OPEN	OPEN	OPEN	OPEN	OPEN	OPEN	OPEN
lstnm4	Losartan-M4 (glucuronide derivative)	C28H27ClN6O8	OPEN	OPEN	OPEN	OPEN	OPEN	OPEN	OPEN	OPEN	OPEN
lstnm5	Losartan-M5	C22H22ClN6O2	OPEN	OPEN	OPEN	OPEN	OPEN	OPEN	OPEN	OPEN	OPEN
lstnm7	Losartan-N2-glucuronide / Losartan-M7	C28H30ClN6O7	OPEN	OPEN	OPEN	OPEN	OPEN	OPEN	OPEN	OPEN	OPEN
lvst	lovastatin lactone form	C24H36O5	OPEN	OPEN	OPEN	OPEN	OPEN	OPEN	OPEN	OPEN	OPEN
mdzglc	Midazolam-glucuronide	C24H21ClFN3O6	OPEN	OPEN	OPEN	OPEN	OPEN	OPEN	OPEN	OPEN	OPEN
ndersv	N-desmethyl-rosuvastatin	C42H48CaF2N6O12S2	OPEN	OPEN	OPEN	OPEN	OPEN	OPEN	OPEN	OPEN	OPEN
nfd	Nifedipine	C17H18N2O6	OPEN	OPEN	OPEN	OPEN	OPEN	OPEN	OPEN	OPEN	OPEN
nfdac	acid metabolite of nifedipine	C16H13N2O6	OPEN	OPEN	OPEN	OPEN	OPEN	OPEN	OPEN	OPEN	OPEN
nfdlac	lactone form of nifedipine	C16H12N2O6	OPEN	OPEN	OPEN	OPEN	OPEN	OPEN	OPEN	OPEN	OPEN
nfdnpy	Nitropyridine metabolite of nifedipine	C17H16N2O6	OPEN	OPEN	OPEN	OPEN	OPEN	OPEN	OPEN	OPEN	OPEN
nfdoh	hydroxy metabolite of nifedipine	C16H13N2O7	OPEN	OPEN	OPEN	OPEN	OPEN	OPEN	OPEN	OPEN	OPEN
oxy1rb	oxypurinol-1-riboside	C10H12N4O7	OPEN	OPEN	OPEN	OPEN	OPEN	OPEN	OPEN	OPEN	OPEN
oxy7rb	oxypurinol-7-riboside	C10H12N4O7	OPEN	OPEN	OPEN	OPEN	pubchem:6336410	OPEN	OPEN	OPEN	OPEN
profvs	des-isoproylpropionic-acid-fluvastatin	C18H16FNNaO2	OPEN	OPEN	OPEN	OPEN	OPEN	OPEN	OPEN	OPEN	OPEN
ptvst	pitavastatin	C50H46CaF2N2O8	OPEN	OPEN	OPEN	OPEN	OPEN	OPEN	OPEN	OPEN	OPEN
ptvstlac	pitavastatin-lactone	C50H44CaF2N2O6	OPEN	OPEN	OPEN	OPEN	OPEN	OPEN	OPEN	OPEN	OPEN
ptvstm3	pitavastatin-M3	C50H42CaF2N2O8	OPEN	OPEN	OPEN	OPEN	OPEN	OPEN	OPEN	OPEN	OPEN
pvsgluc	pravastatin glucuronide	C29H42NaO13	OPEN	OPEN	OPEN	OPEN	OPEN	OPEN	OPEN	OPEN	OPEN
rsv	rosuvastatin	C44H54CaF2N6O12S2	OPEN	OPEN	OPEN	OPEN	OPEN	OPEN	OPEN	OPEN	OPEN
rsvlac	rosuvastatin-5S-lactone	C44H52CaF2N6O10S2	OPEN	OPEN	OPEN	OPEN	OPEN	OPEN	OPEN	OPEN	OPEN
s3meacmp	sulphate-conjugate-3-methoxy-acetaminophen	C8H8NO6S	OPEN	OPEN	OPEN	OPEN	OPEN	OPEN	OPEN	OPEN	OPEN
smvacid	simvastatin dihydroxy acid form	C25H39O6	OPEN	OPEN	OPEN	OPEN	OPEN	OPEN	OPEN	OPEN	OPEN
stacmp	sulphate-conjugate of thiomethyl-acetaminophen	C9H10NO5S2	OPEN	OPEN	OPEN	OPEN	OPEN	OPEN	OPEN	OPEN	OPEN
tauribup_S	taurine conjugate of S-ibuprofen	C15H22NO4S	OPEN	OPEN	OPEN	OPEN	OPEN	OPEN	OPEN	OPEN	OPEN
thrfvs	threo-isomer of fluvastain	C24H25FNNaO4	OPEN	OPEN	OPEN	OPEN	OPEN	OPEN	OPEN	OPEN	OPEN
tlacfvs	trans-lactone-fluvastatin	C24H23FNNaO3	OPEN	OPEN	OPEN	OPEN	OPEN	OPEN	OPEN	OPEN	OPEN
tmd	Torasemide	C16H19N4O3S	OPEN	OPEN	OPEN	OPEN	OPEN	OPEN	OPEN	OPEN	OPEN
tmdm1	Torasemide-M1	C16H19N4O4S	OPEN	OPEN	OPEN	OPEN	OPEN	OPEN	OPEN	OPEN	OPEN
tmdm3	Torasemide-M3	C16H19N4O4S	OPEN	OPEN	OPEN	OPEN	OPEN	OPEN	OPEN	OPEN	OPEN
tmdm5	Torasemide-M5	C16H16N4O5S	OPEN	OPEN	OPEN	OPEN	OPEN	OPEN	OPEN	OPEN	OPEN
tsacmgluc	thiomethyl-sulphoxide-acetaminophen-glucuronide	C15H18NO9S	OPEN	OPEN	OPEN	OPEN	OPEN	OPEN	OPEN	OPEN	OPEN
tsacmsul	thiomethyl-sulphoxide-acetaminophen-sulphate	C9H10NO6S2	OPEN	OPEN	OPEN	OPEN	OPEN	OPEN	OPEN	OPEN	OPEN
fvsgluc	fluvstatin-glucuronide	C30H32FNNaO10	OPEN	OPEN	OPEN	OPEN	OPEN	OPEN	OPEN	OPEN	OPEN
tmacmp	thiomethyl-conjugate-acetaminophen	C9H11NO2S	OPEN	OPEN	OPEN	OPEN	OPEN	OPEN	OPEN	OPEN	OPEN
ibupcoa_R	ibuprofen-CoA-R form	C34H48N7O17P3S	OPEN	OPEN	OPEN	OPEN	OPEN	OPEN	OPEN	OPEN	OPEN
ibupcoa_S	ibuprofen-CoA-S form	C34H48N7O17P3S	OPEN	OPEN	OPEN	OPEN	OPEN	OPEN	OPEN	OPEN	OPEN
lvstacid	lovastatin-hydroxyacid form	C24H37O6	OPEN	OPEN	OPEN	OPEN	OPEN	OPEN	OPEN	OPEN	OPEN
udprib	udp-ribose	C14H20N2O17P2	OPEN	OPEN	OPEN	OPEN	OPEN	OPEN	OPEN	OPEN	OPEN
fvscoa	fluvastatin-CoA form	C45H56FN8NaO19P3S	OPEN	OPEN	OPEN	OPEN	OPEN	OPEN	OPEN	OPEN	OPEN
profvscoa	des-isoproylpropionic-acid-fluvastatin-CoA	C37H42FN8NaO17P3S	OPEN	OPEN	OPEN	OPEN	OPEN	OPEN	OPEN	OPEN	OPEN
ptvstgluc	pitavastatin-glucuronide	C62H62CaF2N2O20	OPEN	OPEN	OPEN	OPEN	OPEN	OPEN	OPEN	OPEN	OPEN
ptvstm13	pitavastatin-M13	C50H46CaF2N2O10	OPEN	OPEN	OPEN	OPEN	OPEN	OPEN	OPEN	OPEN	OPEN
rsvgluc	rosuvastatin-glucuronide	C56H70CaF2N6O24S2	OPEN	OPEN	OPEN	OPEN	OPEN	OPEN	OPEN	OPEN	OPEN
simvgluc	simvastatin-acyl-glucuronide	C31H47O12	OPEN	OPEN	OPEN	OPEN	OPEN	OPEN	OPEN	OPEN	OPEN
thsacmp	thiomethyl-sulphoxide-conjugate-acetaminophen	C9H11NO3S	OPEN	OPEN	OPEN	OPEN	OPEN	OPEN	OPEN	OPEN	OPEN
napqi	NAPQI	C8H7NO2	OPEN	OPEN	OPEN	OPEN	OPEN	OPEN	OPEN	OPEN	OPEN
protein	Torasemide-M3	OPEN	OPEN	OPEN	OPEN	OPEN	OPEN	OPEN	OPEN	OPEN	OPEN
