inventory,substance,cas,use,matched_nutrient_id,pack,score,alt_matches
food_substances,ACESULFAME POTASSIUM,55589-62-3,NON-NUTRITIVE SWEETENER,potassium,A,80,
food_substances,ACETALDEHYDE,75-07-0,FLAVORING AGENT OR ADJUVANT,ethanol,B,80,
food_substances,N-ACETYL-L-METHIONINE,65-82-7,NUTRIENT SUPPLEMENT,methionine,A,90,
food_substances,ACRYLAMIDE-SODIUM ACRYLATE RESIN,25085-02-3,BOILER WATER ADDITIVE,sodium,A,80,
food_substances,ADVANTAME,714229-20-6,NON-NUTRITIVE SWEETENER,phenylalanine,A,90,
food_substances,BETA-ALANINE,107-95-9,"FLAVOR ENHANCER,; FLAVORING AGENT OR ADJUVANT,; NUTRIENT SUPPLEMENT",alanine,A,80,
food_substances,DL-ALANINE,302-72-7,FLAVORING AGENT OR ADJUVANT,alanine,A,80,
food_substances,L-ALANINE,56-41-7,NUTRIENT SUPPLEMENT,alanine,A,80,
food_substances,"ALGINATE, SODIUM CALCIUM",12698-40-7,"EMULSIFIER OR EMULSIFIER SALT,; FIRMING AGENT,; FLAVOR ENHANCER,; FORMULATION AID,; PROCESSING AID,; STABILIZER OR THICKENER,; SURFACE-ACTIVE AGENT,; TEXTURIZER",alginate,B,80,calcium(80);sodium(80)
food_substances,S-ALLYL-L-CYSTEINE,21593-77-1,FLAVORING AGENT OR ADJUVANT,alanine,A,80,
food_substances,ALPHA-TOCOPHEROL ACID SUCCINATE,4345-03-3,NUTRIENT SUPPLEMENT,vitamin_e,A,100,
food_substances,ALUMINUM NICOTINATE,1976-28-9,NUTRIENT SUPPLEMENT,vitamin_b3,A,100,
food_substances,DL-(3-AMINO-3-CARBOXYPROPYL)DIMETHYLSULFONIUM CHLORIDE,3493-12-7,FLAVORING AGENT OR ADJUVANT,methionine,A,90,chloride(80)
food_substances,"AMINO TRI(METHYLENE PHOSPHONIC ACID), SODIUM SALT",20592-85-2,,sodium,A,80,
food_substances,AMMONIA (ALSO INCLUDES AMMONIUM CHLORIDE),977188-02-5,FLAVORING AGENT OR ADJUVANT,chloride,A,80,
food_substances,AMMONIUM PECTINATE,83046-90-6,,pectin,B,100,
food_substances,L-ARABINOSE,5328-37-0,"FLAVOR ENHANCER,; FLAVORING AGENT OR ADJUVANT",pectin,B,100,
food_substances,L-ARGININE,74-79-3,NUTRIENT SUPPLEMENT,arginine,A,80,
food_substances,ASCORBYL STEARATE,25395-66-8,ANTIOXIDANT,vitamin_c,A,100,
food_substances,ASPARTAME,22839-47-0,"FLAVOR ENHANCER,; NON-NUTRITIVE SWEETENER",phenylalanine,A,90,
food_substances,L-ASPARTIC ACID,56-84-8,"FLAVOR ENHANCER,; FLAVORING AGENT OR ADJUVANT,; NUTRIENT SUPPLEMENT",aspartic_acid,A,90,
food_substances,ASTAXANTHIN,472-61-7,COLOR OR COLORING ADJUNCT,vitamin_a,A,100,astaxanthin(90)
food_substances,BETAINE,107-43-7,FLAVORING AGENT OR ADJUVANT,betaine,A,100,glycine(80)
food_substances,CALCIUM ASCORBATE,5743-27-1,ANTIOXIDANT,vitamin_c,A,100,calcium(80)
food_substances,CALCIUM BENZOATE,2090-05-3,ANTIMICROBIAL AGENT,calcium,A,80,
food_substances,CALCIUM BROMATE,10102-75-7,"DOUGH STRENGTHENER,; LEAVENING AGENT",calcium,A,80,
food_substances,CALCIUM CAPRATE,13747-30-3,"ANTICAKING AGENT OR FREE-FLOW AGENT,; EMULSIFIER OR EMULSIFIER SALT,; LUBRICANT OR RELEASE AGENT",calcium,A,80,
food_substances,CALCIUM CAPRYLATE,6107-56-8,"ANTICAKING AGENT OR FREE-FLOW AGENT,; EMULSIFIER OR EMULSIFIER SALT,; LUBRICANT OR RELEASE AGENT",calcium,A,80,
food_substances,CALCIUM CYCLAMATE--PROHIBITED,5897-16-5,NON-NUTRITIVE SWEETENER,calcium,A,80,
food_substances,CALCIUM DIGLUTAMATE,5996-22-5,,glutamic_acid,A,90,calcium(80)
food_substances,CALCIUM FUMARATE,7718-51-6,NUTRIENT SUPPLEMENT,calcium,A,80,
food_substances,CALCIUM LACTOBIONATE,5001-51-4,FIRMING AGENT,calcium,A,80,
food_substances,CALCIUM LAURATE,4696-56-4,"ANTICAKING AGENT OR FREE-FLOW AGENT,; EMULSIFIER OR EMULSIFIER SALT,; LUBRICANT OR RELEASE AGENT",calcium,A,80,
food_substances,CALCIUM LIGNOSULFONATE,8061-52-7,SURFACE-ACTIVE AGENT,calcium,A,80,
food_substances,CALCIUM MYRISTATE,15284-51-2,"ANTICAKING AGENT OR FREE-FLOW AGENT,; EMULSIFIER OR EMULSIFIER SALT,; LUBRICANT OR RELEASE AGENT",calcium,A,80,
food_substances,CALCIUM OLEATE,142-17-6,STABILIZER OR THICKENER,calcium,A,80,
food_substances,CALCIUM PALMITATE,542-42-7,"ANTICAKING AGENT OR FREE-FLOW AGENT,; EMULSIFIER OR EMULSIFIER SALT,; LUBRICANT OR RELEASE AGENT",calcium,A,80,
food_substances,"CALCIUM PANTOTHENATE, CALCIUM CHLORIDE DOUBLE SALT",6363-38-8,NUTRIENT SUPPLEMENT,vitamin_b5,A,100,alanine(80);calcium(80);chloride(80)
food_substances,CALCIUM PEROXIDE,1305-79-9,"DOUGH STRENGTHENER,; FLOUR TREATING AGENT,; OXIDIZING OR REDUCING AGENT,; SEQUESTRANT",calcium,A,80,
food_substances,CALCIUM SALTS OF FATTY ACIDS,977089-53-4,"ANTICAKING AGENT OR FREE-FLOW AGENT,; EMULSIFIER OR EMULSIFIER SALT,; LUBRICANT OR RELEASE AGENT",calcium,A,80,
food_substances,CALCIUM STEAROYL-2-LACTYLATE,5793-94-2,"DOUGH STRENGTHENER,; EMULSIFIER OR EMULSIFIER SALT,; STABILIZER OR THICKENER,; SURFACE-ACTIVE AGENT,; TEXTURIZER",calcium,A,80,
food_substances,CAMPHOLENE ACETATE,1727-68-0,FLAVORING AGENT OR ADJUVANT,ethanol,B,80,
food_substances,ALPHA-CAMPHOLENIC ALCOHOL,1901-38-8,FLAVORING AGENT OR ADJUVANT,ethanol,B,80,
food_substances,CANTHAXANTHIN,514-78-3,COLOR OR COLORING ADJUNCT,vitamin_a,A,100,canthaxanthin(90)
food_substances,L-CARNITINE,541-15-1,NUTRIENT SUPPLEMENT,carnitine,B,100,
food_substances,"CARRAGEENAN, CALCIUM SALT OF",9049-05-2,"EMULSIFIER OR EMULSIFIER SALT,; STABILIZER OR THICKENER",calcium,A,80,
food_substances,"CARRAGEENAN, CALCIUM SALT OF, WITH POLYSORBATE 80",977089-29-4,"EMULSIFIER OR EMULSIFIER SALT,; STABILIZER OR THICKENER",calcium,A,80,
food_substances,"CARRAGEENAN, POTASSIUM SALT OF",64366-24-1,"EMULSIFIER OR EMULSIFIER SALT,; STABILIZER OR THICKENER",potassium,A,80,
food_substances,"CARRAGEENAN, POTASSIUM SALT OF, WITH POLYSORBATE 80",977089-30-7,"EMULSIFIER OR EMULSIFIER SALT,; STABILIZER OR THICKENER",potassium,A,80,
food_substances,"CARRAGEENAN, SODIUM SALT OF",9061-82-9,"FLAVOR ENHANCER,; FLAVORING AGENT OR ADJUVANT,; STABILIZER OR THICKENER",sodium,A,80,
food_substances,"CARRAGEENAN, SODIUM SALT OF, WITH POLYSORBATE 80",977089-31-8,"EMULSIFIER OR EMULSIFIER SALT,; STABILIZER OR THICKENER",sodium,A,80,
food_substances,CHLOROMETHYL METHYL ETHER,107-30-2,PROCESSING AID,chloride,A,80,
food_substances,CHLOROPHYLL,1406-65-1,,chlorophyll,B,90,
food_substances,CHOLINE CHLORIDE(ALSO INCLUDES CHOLINE),977188-01-4,FLAVORING AGENT OR ADJUVANT,choline,A,100,chloride(80)
food_substances,COBALTOUS CHLORIDE--PROHIBITED,7646-79-9,,chloride,A,80,
food_substances,COCOA WITH DIOCTYL SODIUM SULFOSUCCINATE,977038-67-7,,sodium,A,80,
food_substances,COPPER GLUCONATE,527-09-3,"NUTRIENT SUPPLEMENT,; SYNERGIST",copper,A,80,
food_substances,DL-CYSTINE,923-32-0,"DOUGH STRENGTHENER,; FLAVOR ENHANCER,; FLAVORING AGENT OR ADJUVANT,; NUTRIENT SUPPLEMENT",cystine,A,80,
food_substances,L-CYSTINE,56-89-3,"DOUGH STRENGTHENER,; FLAVOR ENHANCER,; FLAVORING AGENT OR ADJUVANT,; NUTRIENT SUPPLEMENT",cystine,A,80,
food_substances,DI-N-ALKYL(C8-C18 FROM COCONUT OIL) DIMETHYL AMMONIUM CHLORIDE,61789-77-3,SURFACE-ACTIVE AGENT,chloride,A,80,
food_substances,DIETHYLAMINOETHANOL,100-37-8,BOILER WATER ADDITIVE,ethanol,B,80,
food_substances,"P,ALPHA-DIMETHYLBENZYL ALCOHOL",536-50-5,FLAVORING AGENT OR ADJUVANT,ethanol,B,80,
food_substances,DIMETHYL DIALKYL AMMONIUM CHLORIDE,977065-95-4,FLOUR TREATING AGENT,chloride,A,80,
food_substances,DIMETHYLETHANOLAMINE,108-01-0,,ethanol,B,80,
food_substances,DISODIUM CITRATE,144-33-2,STABILIZER OR THICKENER,sodium,A,80,
food_substances,DISODIUM GUANYLATE,5550-12-9,FLAVORING AGENT OR ADJUVANT,sodium,A,80,
food_substances,DISODIUM SUCCINATE,150-90-3,"FLAVOR ENHANCER,; FLAVORING AGENT OR ADJUVANT",sodium,A,80,
food_substances,D-LIMONEN-10-OL,38142-45-9,FLAVORING AGENT OR ADJUVANT,ethanol,B,80,
food_substances,DL-ISOLEUCINE,443-79-8,FLAVORING AGENT OR ADJUVANT,isoleucine,A,90,
food_substances,DL-VALINE,516-06-3,"FLAVORING AGENT OR ADJUVANT,; NUTRIENT SUPPLEMENT",valine,A,80,
food_substances,"EDTA, DISODIUM IRON",14729-89-6,"SEQUESTRANT,; STABILIZER OR THICKENER",sodium,A,80,
food_substances,"EDTA, TETRASODIUM",64-02-8,"BOILER WATER ADDITIVE,; WASHING OR SURFACE REMOVAL AGENT",glycine,A,80,sodium(80)
food_substances,S-ETHYL 2-ACETYLAMINOETHANETHIOATE,4396-62-7,FLAVORING AGENT OR ADJUVANT,glycine,A,80,
food_substances,ETHYL ALCOHOL,64-17-5,"ANTIMICROBIAL AGENT,; EMULSIFIER OR EMULSIFIER SALT,; FLAVOR ENHANCER,; FLAVORING AGENT OR ADJUVANT,; PROCESSING AID,; SOLVENT OR VEHICLE",ethanol,B,80,
food_substances,ETHYLENEDIAMINETETRAACETIC ACID DISODIUM SALT,6381-92-6,FLAVORING AGENT OR ADJUVANT,glycine,A,80,
food_substances,ETHYLENE DICHLORIDE,107-06-2,FUMIGANT,chloride,A,80,
food_substances,ETHYLENE GLYCOL MONOBUTYL ETHER,111-76-2,WASHING OR SURFACE REMOVAL AGENT,ethanol,B,80,
food_substances,ETHYLENE GLYCOL MONOETHYL ETHER,110-80-5,"FORMULATION AID,; SOLVENT OR VEHICLE",ethanol,B,80,
food_substances,ETHYLENE GLYCOL MONOPHENYL ETHER,122-99-6,FLAVORING AGENT OR ADJUVANT,ethanol,B,80,
food_substances,ETHYL 2-HYDROXYETHYL SULFIDE,110-77-0,FLAVORING AGENT OR ADJUVANT,ethanol,B,80,
food_substances,"FD&C BLUE NO. 1, CALCIUM LAKE",977011-13-4,COLOR OR COLORING ADJUNCT,calcium,A,80,
food_substances,FD&C BLUE NO. 2,860-22-0,COLOR OR COLORING ADJUNCT,sodium,A,80,
food_substances,"FD&C BLUE NO. 2, CALCIUM LAKE",977011-14-5,COLOR OR COLORING ADJUNCT,calcium,A,80,
food_substances,FD&C GREEN NO. 1--DELISTED,4680-78-8,,sodium,A,80,
food_substances,"FD&C GREEN NO. 3, CALCIUM LAKE",977011-12-3,COLOR OR COLORING ADJUNCT,calcium,A,80,
food_substances,"FD&C RED NO. 3, CALCIUM LAKE--DELISTED",977011-16-7,,calcium,A,80,
food_substances,FD&C RED NO. 3,16423-68-0,"COLOR OR COLORING ADJUNCT,; SOLVENT OR VEHICLE",sodium,A,80,
food_substances,FD&C VIOLET NO. 1--DELISTED,1694-09-3,,sodium,A,80,
food_substances,"FD&C YELLOW NO. 5, CALCIUM LAKE",977011-18-9,COLOR OR COLORING ADJUNCT,calcium,A,80,
food_substances,"FD&C YELLOW NO. 6, CALCIUM LAKE",977083-04-7,COLOR OR COLORING ADJUNCT,calcium,A,80,
food_substances,"FD&C RED NO. 40, CALCIUM LAKE",977011-17-8,COLOR OR COLORING ADJUNCT,calcium,A,80,
food_substances,FOLIC ACID,59-30-3,NUTRIENT SUPPLEMENT,folate,A,100,glutamic_acid(90)
food_substances,"FURCELLERAN, CALCIUM SALT OF",88845-49-2,"EMULSIFIER OR EMULSIFIER SALT,; STABILIZER OR THICKENER,; TEXTURIZER",calcium,A,80,
food_substances,"FURCELLERAN, POTASSIUM SALT OF",92880-86-9,"EMULSIFIER OR EMULSIFIER SALT,; STABILIZER OR THICKENER,; TEXTURIZER",potassium,A,80,
food_substances,"FURCELLERAN, SODIUM SALT OF",92880-87-0,"EMULSIFIER OR EMULSIFIER SALT,; STABILIZER OR THICKENER,; TEXTURIZER",sodium,A,80,
food_substances,GIBBERELLIC ACID & POTASSIUM GIBBERELLATE,977136-81-4,MALTING OR FERMENTING AID,potassium,A,80,
food_substances,L-GLUTAMINE,56-85-9,"FLAVOR ENHANCER,; FLAVORING AGENT OR ADJUVANT,; NUTRIENT SUPPLEMENT",glutamic_acid,A,90,
food_substances,GAMMA-GLUTAMYL-VALYL-GLYCINE,38837-70-6,FLAVORING AGENT OR ADJUVANT,glycine,A,80,
food_substances,GLYCINE,56-40-6,"FLAVOR ENHANCER,; FLAVORING AGENT OR ADJUVANT,; NUTRIENT SUPPLEMENT",glycine,A,80,
food_substances,GRAPE SKIN EXTRACT,11029-12-2,"COLOR OR COLORING ADJUNCT,; FLAVOR ENHANCER,; FLAVORING AGENT OR ADJUVANT",anthocyanins,B,90,
food_substances,HESPERIDIN,520-26-3,FLAVOR ENHANCER,hesperidin,B,90,
food_substances,L-HISTIDINE,71-00-1,"FLAVOR ENHANCER,; FLAVORING AGENT OR ADJUVANT,; NUTRIENT SUPPLEMENT",alanine,A,80,histidine(80)
food_substances,"(-)-HOMOERIODICTYOL, SODIUM SALT",462631-45-4,FLAVOR ENHANCER,sodium,A,80,
food_substances,N-(4-HYDROXY-3-METHOXYBENZYL)-8-METHYL-6-NONENAMIDE,404-86-4,FLAVORING AGENT OR ADJUVANT,capsaicinoids,B,100,
food_substances,10-HYDROXYMETHYLENE-2-PINENE,128-50-7,FLAVORING AGENT OR ADJUVANT,ethanol,B,80,
food_substances,L-HYDROXYPROLINE,51-35-4,,proline,A,80,
food_substances,IRON-CHOLINE CITRATE COMPLEX,1336-80-7,NUTRIENT SUPPLEMENT,choline,A,100,
food_substances,L-ISOLEUCINE,73-32-5,"FLAVORING AGENT OR ADJUVANT,; NUTRIENT SUPPLEMENT",isoleucine,A,90,
food_substances,L-LEUCINE,61-90-5,"FLAVOR ENHANCER,; FLAVORING AGENT OR ADJUVANT,; NUTRIENT SUPPLEMENT",leucine,A,80,
food_substances,LIGNIN SODIUM SULFONATE,8061-51-6,BOILER WATER ADDITIVE,sodium,A,80,
food_substances,L-LYSINE,56-87-1,NUTRIENT SUPPLEMENT,lysine,A,80,
food_substances,MAGNESIUM CAPRATE,42966-30-3,"ANTICAKING AGENT OR FREE-FLOW AGENT,; EMULSIFIER OR EMULSIFIER SALT,; LUBRICANT OR RELEASE AGENT",magnesium,A,80,
food_substances,MAGNESIUM CAPRYLATE,3386-57-0,"ANTICAKING AGENT OR FREE-FLOW AGENT,; EMULSIFIER OR EMULSIFIER SALT,; LUBRICANT OR RELEASE AGENT",magnesium,A,80,
food_substances,MAGNESIUM CYCLAMATE--PROHIBITED,7757-85-9,NON-NUTRITIVE SWEETENER,magnesium,A,80,
food_substances,MAGNESIUM FUMARATE,7704-71-4,NUTRIENT SUPPLEMENT,magnesium,A,80,
food_substances,MAGNESIUM LAURATE,4040-48-6,"ANTICAKING AGENT OR FREE-FLOW AGENT,; EMULSIFIER OR EMULSIFIER SALT,; LUBRICANT OR RELEASE AGENT",magnesium,A,80,
food_substances,MAGNESIUM MYRISTATE,4086-70-8,"ANTICAKING AGENT OR FREE-FLOW AGENT,; EMULSIFIER OR EMULSIFIER SALT,; LUBRICANT OR RELEASE AGENT",magnesium,A,80,
food_substances,MAGNESIUM OLEATE,1555-53-9,"ANTICAKING AGENT OR FREE-FLOW AGENT,; EMULSIFIER OR EMULSIFIER SALT,; LUBRICANT OR RELEASE AGENT",magnesium,A,80,
food_substances,MAGNESIUM PALMITATE,2601-98-1,"ANTICAKING AGENT OR FREE-FLOW AGENT,; EMULSIFIER OR EMULSIFIER SALT,; LUBRICANT OR RELEASE AGENT",magnesium,A,80,
food_substances,MAGNESIUM SALTS OF FATTY ACIDS,977093-38-1,"ANTICAKING AGENT OR FREE-FLOW AGENT,; EMULSIFIER OR EMULSIFIER SALT,; LUBRICANT OR RELEASE AGENT",magnesium,A,80,
food_substances,MANGANESE CHLORIDE,13446-34-9,NUTRIENT SUPPLEMENT,chloride,A,80,manganese(80)
food_substances,MANGANESE SULFATE,10034-96-5,NUTRIENT SUPPLEMENT,manganese,A,80,
food_substances,MANGANOUS OXIDE,1344-43-0,NUTRIENT SUPPLEMENT,manganese,A,80,
food_substances,MENADIOL SODIUM DIPHOSPHATE,131-13-5,,sodium,A,80,
food_substances,MENTHADIENOL,3269-90-7,"FLAVORING AGENT OR ADJUVANT,; MASTICATORY SUBSTANCE",ethanol,B,80,
food_substances,"CIS- AND TRANS-P-1(7),8-MENTHADIEN-2-YL ACETATE",15111-97-4,FLAVORING AGENT OR ADJUVANT,ethanol,B,80,
food_substances,1-P-MENTHEN-9-YL ACETATE,28839-13-6,FLAVORING AGENT OR ADJUVANT,ethanol,B,80,
food_substances,2-(L-MENTHOXY)ETHANOL,38618-23-4,FLAVORING AGENT OR ADJUVANT,ethanol,B,80,
food_substances,2-[2-(P-MENTHYLOXY)ETHOXY]ETHANOL,28804-53-7,FLAVORING AGENT OR ADJUVANT,ethanol,B,80,
food_substances,MENTHYL PYRROLIDONECARBOXYLATE,52528-10-6,,proline,A,80,
food_substances,2-MERCAPTOETHANOL,60-24-2,FLAVORING AGENT OR ADJUVANT,ethanol,B,80,
food_substances,DL-METHIONINE,59-51-8,"FLAVOR ENHANCER,; FLAVORING AGENT OR ADJUVANT,; NUTRIENT SUPPLEMENT",methionine,A,90,
food_substances,L-METHIONINE,63-68-3,"FLAVOR ENHANCER,; FLAVORING AGENT OR ADJUVANT,; NUTRIENT SUPPLEMENT",methionine,A,90,
food_substances,L-METHIONYLGLYCINE,14486-03-4,FLAVORING AGENT OR ADJUVANT,glycine,A,80,
food_substances,"METHYL ACRYLATE--DVB-(DEG-DIVINYL ETHER), AMINOLYZED AND QUARTERNIZED, TERPOLYMER",128903-16-2,,chloride,A,80,
food_substances,METHYLENE CHLORIDE,75-09-2,"COLOR OR COLORING ADJUNCT,; FLAVOR ENHANCER,; SOLVENT OR VEHICLE",chloride,A,80,
food_substances,METHYL NICOTINATE,93-60-7,FLAVORING AGENT OR ADJUVANT,vitamin_b3,A,100,
food_substances,4-METHYL-5-THIAZOLEETHANOL,137-00-8,FLAVORING AGENT OR ADJUVANT,ethanol,B,80,
food_substances,2-(METHYLTHIO)ETHANOL,5271-38-5,FLAVORING AGENT OR ADJUVANT,ethanol,B,80,
food_substances,2-(METHYLTHIO)ETHYL ACETATE,5862-47-5,FLAVORING AGENT OR ADJUVANT,ethanol,B,80,
food_substances,"MONO- AND DIGLYCERIDES, ACETIC ACID ESTERS AND SODIUM AND CALCIUM SALTS",977093-26-7,EMULSIFIER OR EMULSIFIER SALT,calcium,A,80,sodium(80)
food_substances,"MONO- AND DIGLYCERIDES, ACETYLTARTARIC ACID ESTERS AND SODIUM AND CALCIUM SALTS",977093-27-8,"EMULSIFIER OR EMULSIFIER SALT,; TEXTURIZER",calcium,A,80,sodium(80)
food_substances,"MONO- AND DIGLYCERIDES, CITRIC ACID ESTERS AND SODIUM AND CALCIUM SALTS",977093-28-9,EMULSIFIER OR EMULSIFIER SALT,calcium,A,80,sodium(80)
food_substances,"MONO- AND DIGLYCERIDES, LACTIC ACID ESTERS AND SODIUM AND CALCIUM SALTS",977093-29-0,EMULSIFIER OR EMULSIFIER SALT,calcium,A,80,sodium(80)
food_substances,"MONO- AND DIGLYCERIDES, MONOSODIUM PHOSPHATE DERIVATIVES",977051-32-3,"EMULSIFIER OR EMULSIFIER SALT,; LEAVENING AGENT,; LUBRICANT OR RELEASE AGENT,; SURFACE-ACTIVE AGENT",sodium,A,80,
food_substances,"MONO- AND DIGLYCERIDES, SODIUM SULFOACETATE DERIVATIVES",977052-47-3,FLAVORING AGENT OR ADJUVANT,sodium,A,80,
food_substances,MONOETHANOLAMINE,141-43-5,WASHING OR SURFACE REMOVAL AGENT,ethanol,B,80,
food_substances,MYRICITRIN,17912-87-7,FLAVORING AGENT OR ADJUVANT,myricetin,B,80,
food_substances,NEOTAME,165450-17-9,"FLAVOR ENHANCER,; NON-NUTRITIVE SWEETENER",phenylalanine,A,90,
food_substances,NICOTINAMIDE-ASCORBIC ACID COMPLEX,1987-71-9,NUTRIENT SUPPLEMENT,vitamin_c,A,100,
food_substances,"NITRATES, SODIUM & POTASSIUM",977124-88-1,"ANTIMICROBIAL AGENT,; COLOR OR COLORING ADJUNCT,; FLAVOR ENHANCER,; FLAVORING AGENT OR ADJUVANT,; PROPELLANT",potassium,A,80,sodium(80)
food_substances,"NITRITES, SODIUM & POTASSIUM",977124-89-2,"ANTIMICROBIAL AGENT,; ANTIOXIDANT,; COLOR OR COLORING ADJUNCT,; FLAVOR ENHANCER,; FLAVORING AGENT OR ADJUVANT,; PROPELLANT",potassium,A,80,sodium(80)
food_substances,NITROSYL CHLORIDE,2696-92-6,,chloride,A,80,
food_substances,3-NONANON-1-OL,67801-46-1,FLAVORING AGENT OR ADJUVANT,ethanol,B,80,
food_substances,"9,12-OCTADECADIENOIC ACID (48%) AND 9,12,15-OCTADECATRIENOIC ACID (52%)",977043-76-7,"FLAVORING AGENT OR ADJUVANT,; NUTRIENT SUPPLEMENT,; SOLVENT OR VEHICLE",linoleic_acid,A,100,
food_substances,"OXIRANE (CHLOROMETHYL)-, POLYMER WITH AMMONIA, REACTION PRODUCT WITH CHLOROMETHANE",68036-99-7,PROCESSING AID,chloride,A,80,
food_substances,"PECTIN, MODIFIED",977091-87-4,"EMULSIFIER OR EMULSIFIER SALT,; FIRMING AGENT,; FLAVOR ENHANCER,; FLAVORING AGENT OR ADJUVANT,; SOLVENT OR VEHICLE,; STABILIZER OR THICKENER,; TEXTURIZER",pectin,B,100,
food_substances,PHENETHYL ALCOHOL,60-12-8,FLAVORING AGENT OR ADJUVANT,ethanol,B,80,
food_substances,2-PHENOXYETHYL PROPIONATE,23495-12-7,FLAVORING AGENT OR ADJUVANT,ethanol,B,80,
food_substances,DL-PHENYLALANINE,150-30-1,"FLAVOR ENHANCER,; FLAVORING AGENT OR ADJUVANT",phenylalanine,A,90,alanine(80)
food_substances,L-PHENYLALANINE,63-91-2,"FLAVOR ENHANCER,; FLAVORING AGENT OR ADJUVANT,; NUTRIENT SUPPLEMENT",phenylalanine,A,90,alanine(80)
food_substances,PHOSPHORUS OXYCHLORIDE,10025-87-3,PH CONTROL AGENT,phosphorus,A,90,chloride(80)
food_substances,PIPERINE,94-62-2,FLAVORING AGENT OR ADJUVANT,piperine,B,100,
food_substances,P-MENTH-1-EN-9-OL,18479-68-0,FLAVORING AGENT OR ADJUVANT,ethanol,B,80,
food_substances,"POLYACRYLAMIDE RESIN, MODIFIED",26006-22-4,PROCESSING AID,choline,A,100,
food_substances,"POLY(ACRYLIC ACID-CO-HYPOPHOSPHITE), SODIUM SALT",71050-62-9,BOILER WATER ADDITIVE,sodium,A,80,
food_substances,"POLYACRYLIC ACID, SODIUM SALT",9003-04-7,"BOILER WATER ADDITIVE,; WASHING OR SURFACE REMOVAL AGENT",sodium,A,80,
food_substances,POLY(DIVINYLBENZENE-CO-TRIMETHYL(VINYLBENZYL)AMMONIUM CHLORIDE),60177-39-1,PROCESSING AID,chloride,A,80,
food_substances,"POLYMALEIC ACID, SODIUM SALT",30915-61-8,PROCESSING AID,sodium,A,80,
food_substances,"POLY(MALEIC ANHYDRIDE), SODIUM SALT",70247-90-4,BOILER WATER ADDITIVE,sodium,A,80,
food_substances,POTASSIUM ACETATE,127-08-2,FLAVORING AGENT OR ADJUVANT,potassium,A,80,
food_substances,POTASSIUM ACID PYROPHOSPHATE,14691-84-0,"EMULSIFIER OR EMULSIFIER SALT,; TEXTURIZER",potassium,A,80,
food_substances,POTASSIUM BENZOATE,582-25-2,ANTIMICROBIAL AGENT,potassium,A,80,
food_substances,POTASSIUM BISULFITE,7773-03-7,ANTIMICROBIAL AGENT,potassium,A,80,
food_substances,POTASSIUM BORATE,1332-77-0,,potassium,A,80,
food_substances,POTASSIUM BROMATE,7758-01-2,"DOUGH STRENGTHENER,; FLOUR TREATING AGENT,; LEAVENING AGENT,; OXIDIZING OR REDUCING AGENT",potassium,A,80,
food_substances,POTASSIUM BROMIDE,7758-02-3,WASHING OR SURFACE REMOVAL AGENT,potassium,A,80,
food_substances,POTASSIUM CAPRATE,13040-18-1,"ANTICAKING AGENT OR FREE-FLOW AGENT,; EMULSIFIER OR EMULSIFIER SALT,; LUBRICANT OR RELEASE AGENT",potassium,A,80,
food_substances,POTASSIUM CAPRYLATE,764-71-6,"ANTICAKING AGENT OR FREE-FLOW AGENT,; EMULSIFIER OR EMULSIFIER SALT,; LUBRICANT OR RELEASE AGENT",potassium,A,80,
food_substances,POTASSIUM CASEINATE,68131-54-4,"ENZYME,; NUTRIENT SUPPLEMENT",potassium,A,80,
food_substances,POTASSIUM CYCLAMATE--PROHIBITED,7758-04-5,NON-NUTRITIVE SWEETENER,potassium,A,80,
food_substances,POTASSIUM 2-(1'-ETHOXY)ETHOXYPROPANOATE,100743-68-8,FLAVORING AGENT OR ADJUVANT,potassium,A,80,
food_substances,POTASSIUM FUMARATE,7704-72-5,NUTRIENT SUPPLEMENT,potassium,A,80,
food_substances,POTASSIUM GIBBERELLATE,125-67-7,PROCESSING AID,potassium,A,80,
food_substances,POTASSIUM HYPOPHOSPHATE,99690-64-9,,potassium,A,80,
food_substances,POTASSIUM LACTATE,996-31-6,FLAVOR ENHANCER,potassium,A,80,
food_substances,POTASSIUM LAURATE,10124-65-9,"ANTICAKING AGENT OR FREE-FLOW AGENT,; EMULSIFIER OR EMULSIFIER SALT,; LUBRICANT OR RELEASE AGENT",potassium,A,80,
food_substances,POTASSIUM N-METHYLDITHIOCARBAMATE,137-41-7,ANTIMICROBIAL AGENT,potassium,A,80,
food_substances,POTASSIUM MYRISTATE,13429-27-1,"ANTICAKING AGENT OR FREE-FLOW AGENT,; EMULSIFIER OR EMULSIFIER SALT,; LUBRICANT OR RELEASE AGENT",potassium,A,80,
food_substances,POTASSIUM NITRATE,7757-79-1,"ANTIMICROBIAL AGENT,; COLOR OR COLORING ADJUNCT,; FLAVOR ENHANCER,; FLAVORING AGENT OR ADJUVANT",potassium,A,80,
food_substances,POTASSIUM NITRITE,7758-09-0,,potassium,A,80,
food_substances,POTASSIUM OLEATE,143-18-0,"ANTIMICROBIAL AGENT,; EMULSIFIER OR EMULSIFIER SALT,; FORMULATION AID,; STABILIZER OR THICKENER",potassium,A,80,
food_substances,POTASSIUM PALMITATE,2624-31-9,"ANTICAKING AGENT OR FREE-FLOW AGENT,; EMULSIFIER OR EMULSIFIER SALT,; FORMULATION AID",potassium,A,80,
food_substances,POTASSIUM PECTINATE,65028-59-3,"EMULSIFIER OR EMULSIFIER SALT,; STABILIZER OR THICKENER",pectin,B,100,potassium(80)
food_substances,POTASSIUM PERMANGANATE,7722-64-7,"ANTICAKING AGENT OR FREE-FLOW AGENT,; EMULSIFIER OR EMULSIFIER SALT,; FORMULATION AID",potassium,A,80,
food_substances,POTASSIUM PERSULFATE,7727-21-1,SURFACE-ACTIVE AGENT,potassium,A,80,
food_substances,POTASSIUM SALTS OF FATTY ACIDS,8046-74-0,"ANTICAKING AGENT OR FREE-FLOW AGENT,; EMULSIFIER OR EMULSIFIER SALT,; FORMULATION AID",potassium,A,80,
food_substances,POTASSIUM STEARATE,593-29-3,"ANTIMICROBIAL AGENT,; FORMULATION AID,; LUBRICANT OR RELEASE AGENT,; STABILIZER OR THICKENER",potassium,A,80,
food_substances,POTASSIUM SULFATE,7778-80-5,"FLAVOR ENHANCER,; FLAVORING AGENT OR ADJUVANT,; MALTING OR FERMENTING AID",potassium,A,80,
food_substances,POTASSIUM SULFITE,10117-38-1,,potassium,A,80,
food_substances,L-PROLINE,147-85-3,"FLAVOR ENHANCER,; FLAVORING AGENT OR ADJUVANT,; NUTRIENT SUPPLEMENT",proline,A,80,
food_substances,PSYLLIUM SEED HUSK,8063-16-9,,psyllium_mucilage,B,100,
food_substances,QUATERNARY AMMONIUM CHLORIDE COMBINATION,977127-82-4,ANTIMICROBIAL AGENT,chloride,A,80,
food_substances,QUININE HYDROCHLORIDE,130-89-2,FLAVORING AGENT OR ADJUVANT,chloride,A,80,
food_substances,"RIBOFLAVIN 5'-PHOSPHATE, SODIUM",130-40-5,NUTRIENT SUPPLEMENT,vitamin_b2,A,100,sodium(80)
food_substances,"ROSIN, LIMED",9007-13-0,,calcium,A,80,
food_substances,"ROSIN, PARTIALLY DIMERIZED, CALCIUM SALT",977051-86-7,SURFACE-FINISHING AGENT,calcium,A,80,
food_substances,L-SERINE,56-45-1,"FLAVOR ENHANCER,; FLAVORING AGENT OR ADJUVANT,; NUTRIENT SUPPLEMENT",serine,A,80,
food_substances,SODIUM N-ALKYLBENZENESULFONATE,8046-53-5,WASHING OR SURFACE REMOVAL AGENT,sodium,A,80,
food_substances,SODIUM BOROHYDRIDE,16940-66-2,FLAVORING AGENT OR ADJUVANT,sodium,A,80,
food_substances,SODIUM CAPRATE,1002-62-6,"ANTICAKING AGENT OR FREE-FLOW AGENT,; EMULSIFIER OR EMULSIFIER SALT,; LUBRICANT OR RELEASE AGENT",sodium,A,80,
food_substances,SODIUM CAPRYLATE,1984-06-1,"ANTICAKING AGENT OR FREE-FLOW AGENT,; EMULSIFIER OR EMULSIFIER SALT,; LUBRICANT OR RELEASE AGENT",sodium,A,80,
food_substances,SODIUM CHLORITE,7758-19-2,"ANTIMICROBIAL AGENT,; FUMIGANT",sodium,A,80,
food_substances,SODIUM COPPER CHLOROPHYLLIN,28302-36-5,COLOR OR COLORING ADJUNCT,copper,A,80,sodium(80)
food_substances,SODIUM CYCLAMATE--PROHIBITED,139-05-9,NON-NUTRITIVE SWEETENER,sodium,A,80,
food_substances,SODIUM DECYLBENZENESULFONATE,1322-98-1,SURFACE-FINISHING AGENT,sodium,A,80,
food_substances,SODIUM DEHYDROACETATE,4418-26-2,COLOR OR COLORING ADJUNCT,sodium,A,80,
food_substances,SODIUM DIMETHYLDITHIOCARBAMATE,128-04-1,ANTIMICROBIAL AGENT,sodium,A,80,
food_substances,SODIUM DODECYLBENZENESULFONATE,25155-30-0,WASHING OR SURFACE REMOVAL AGENT,sodium,A,80,
food_substances,SODIUM FERRITRIPOLYPHOSPHATE,977127-94-8,NUTRIENT SUPPLEMENT,sodium,A,80,
food_substances,SODIUM FLUORIDE,7681-49-4,STABILIZER OR THICKENER,fluoride,A,80,sodium(80)
food_substances,SODIUM FUMARATE,7704-73-6,NUTRIENT SUPPLEMENT,sodium,A,80,
food_substances,SODIUM GLUCOHEPTONATE,31138-65-5,BOILER WATER ADDITIVE,sodium,A,80,
food_substances,SODIUM HUMATE,68131-04-4,BOILER WATER ADDITIVE,sodium,A,80,
food_substances,SODIUM HYPOCHLORITE,7681-52-9,"DOUGH STRENGTHENER,; FLOUR TREATING AGENT,; FUMIGANT,; OXIDIZING OR REDUCING AGENT",sodium,A,80,
food_substances,SODIUM LACTATE,72-17-3,"ANTIMICROBIAL AGENT,; EMULSIFIER OR EMULSIFIER SALT,; FLAVOR ENHANCER,; FLAVORING AGENT OR ADJUVANT,; PH CONTROL AGENT,; WASHING OR SURFACE REMOVAL AGENT",sodium,A,80,
food_substances,SODIUM LAURATE,629-25-4,"ANTICAKING AGENT OR FREE-FLOW AGENT,; EMULSIFIER OR EMULSIFIER SALT,; LUBRICANT OR RELEASE AGENT",sodium,A,80,
food_substances,SODIUM LAURYL SULFATE,151-21-3,"EMULSIFIER OR EMULSIFIER SALT,; SURFACE-ACTIVE AGENT",sodium,A,80,
food_substances,SODIUM 3-MERCAPTOOXOPROPIONATE,10255-67-1,FLAVORING AGENT OR ADJUVANT,sodium,A,80,
food_substances,SODIUM METASILICATE,6834-92-0,,sodium,A,80,
food_substances,SODIUM (4-METHOXYBENZOYLOXY)ACETATE,17114-82-8,FLAVORING AGENT OR ADJUVANT,sodium,A,80,
food_substances,SODIUM 3-METHOXY-4-HYDROXYCINNAMATE,24276-84-4,FLAVORING AGENT OR ADJUVANT,sodium,A,80,
food_substances,SODIUM 2-(4-METHOXYPHENOXY)PROPANOATE,150436-68-3,FLAVORING AGENT OR ADJUVANT,sodium,A,80,
food_substances,SODIUM METHYL SULFATE,512-42-5,FIRMING AGENT,sodium,A,80,
food_substances,SODIUM MONO- AND DIMETHYL NAPHTHALENE SULFONATES,977052-10-0,ANTICAKING AGENT OR FREE-FLOW AGENT,sodium,A,80,
food_substances,SODIUM MYRISTATE,822-12-8,"ANTICAKING AGENT OR FREE-FLOW AGENT,; EMULSIFIER OR EMULSIFIER SALT,; LUBRICANT OR RELEASE AGENT",sodium,A,80,
food_substances,SODIUM NITRATE,7631-99-4,"ANTIMICROBIAL AGENT,; COLOR OR COLORING ADJUNCT,; FLAVOR ENHANCER,; FLAVORING AGENT OR ADJUVANT,; PROPELLANT",sodium,A,80,
food_substances,SODIUM NITRITE,7632-00-0,"ANTIMICROBIAL AGENT,; ANTIOXIDANT,; COLOR OR COLORING ADJUNCT,; FLAVOR ENHANCER,; FLAVORING AGENT OR ADJUVANT,; PROPELLANT",sodium,A,80,
food_substances,SODIUM POLYMETHACRYLATE,54193-36-1,BOILER WATER ADDITIVE,sodium,A,80,
food_substances,SODIUM SALTS OF FATTY ACIDS,977038-15-5,"ANTICAKING AGENT OR FREE-FLOW AGENT,; EMULSIFIER OR EMULSIFIER SALT,; FORMULATION AID",sodium,A,80,
food_substances,SODIUM STEARATE,822-16-2,"ANTICAKING AGENT OR FREE-FLOW AGENT,; EMULSIFIER OR EMULSIFIER SALT,; FORMULATION AID,; MASTICATORY SUBSTANCE,; PROPELLANT,; STABILIZER OR THICKENER",sodium,A,80,
food_substances,SODIUM STEARYL FUMARATE,4070-80-8,"DOUGH STRENGTHENER,; LEAVENING AGENT,; LUBRICANT OR RELEASE AGENT",sodium,A,80,
food_substances,SODIUM SULFATE,7727-73-3,"FLAVOR ENHANCER,; FLAVORING AGENT OR ADJUVANT,; PH CONTROL AGENT,; PROCESSING AID",sodium,A,80,
food_substances,SODIUM SULFIDE,1313-82-2,,sodium,A,80,
food_substances,SODIUM TAUROCHOLATE,145-42-6,,taurine,B,100,sodium(80)
food_substances,SODIUM ZINC METASILICATE,90268-03-4,,sodium,A,80,
food_substances,STANNIC CHLORIDE,7646-78-8,,chloride,A,80,
food_substances,"STARCH, FOOD, MODIFIED: BETA-AMYLASE SODIUM STARCH OCTENYLSUCCINATE",977164-78-5,,sodium,A,80,
food_substances,"STARCH, FOOD, MODIFIED: DISTARCH PHOSPHATE (FROM PHOSPHORUS OXYCHLORIDE)",977088-75-7,STABILIZER OR THICKENER,phosphorus,A,90,
food_substances,"STARCH, FOOD, MODIFIED: DISTARCH PHOSPHATE (FROM SODIUM TRIMETAPHOSPHATE)",977088-74-6,STABILIZER OR THICKENER,sodium,A,80,
food_substances,TAURINE,107-35-7,FLAVORING AGENT OR ADJUVANT,taurine,B,100,
food_substances,"ALPHA-(P-(1,1,3,3-TETRAMETHYLBUTYL)PHENYL)-OMEGA-HYDROXYPOLY(OXYETHYLENE)(1 MOL)",2315-67-5,,ethanol,B,80,
food_substances,THIAMINE,59-43-8,"FLAVOR ENHANCER,; FLAVORING AGENT OR ADJUVANT,; NUTRIENT SUPPLEMENT",vitamin_b1,A,100,chloride(80)
food_substances,L-THREONINE,72-19-5,"FLAVOR ENHANCER,; FLAVORING AGENT OR ADJUVANT,; NUTRIENT SUPPLEMENT",threonine,A,80,
food_substances,TOMATO LYCOPENE,502-65-8,FLAVORING AGENT OR ADJUVANT,lycopene,A,100,
food_substances,TRIETHANOLAMINE,102-71-6,MALTING OR FERMENTING AID,ethanol,B,80,
food_substances,TRISODIUM NITRILOTRIACETATE,5064-31-3,BOILER WATER ADDITIVE,glycine,A,80,
food_substances,L-TRYPTOPHAN,73-22-3,NUTRIENT SUPPLEMENT,tryptophan,A,90,
food_substances,TYRAMINE,51-67-2,FLAVORING AGENT OR ADJUVANT,tyramine,B,80,
food_substances,L-TYROSINE,60-18-4,"FLAVORING AGENT OR ADJUVANT,; NUTRIENT SUPPLEMENT",phenylalanine,A,90,tyrosine(80)
food_substances,L-TYROSINE ETHYL ESTER HYDROCHLORIDE,4089-07-0,,tyrosine,A,80,
food_substances,ULTRAMARINE BLUE,57455-37-5,COLOR OR COLORING ADJUNCT,sodium,A,80,
food_substances,L-VALINE,72-18-4,"FLAVORING AGENT OR ADJUVANT,; NUTRIENT SUPPLEMENT",valine,A,80,
food_substances,VINYL CHLORIDE-VINYLIDENE CHLORIDE COPOLYMER,9011-06-7,SURFACE-FINISHING AGENT,chloride,A,80,
food_substances,VITAMIN D,1406-16-2,NUTRIENT SUPPLEMENT,vitamin_d,A,100,
food_substances,VITAMIN K,12001-79-5,NUTRIENT SUPPLEMENT,vitamin_k,A,80,
food_substances,XANTHOPHYLL,127-40-2,,lutein_zeaxanthin,A,100,
food_substances,YELLOW PRUSSIATE OF SODA,14434-22-1,"ANTICAKING AGENT OR FREE-FLOW AGENT,; DRYING AGENT,; FORMULATION AID,; HUMECTANT",sodium,A,80,
food_substances,ZINC METHIONINE SULFATE,56329-42-1,NUTRIENT SUPPLEMENT,methionine,A,90,
food_substances,CALCIUM SULFATE,7778-18-9,"ANTICAKING AGENT OR FREE-FLOW AGENT,; DRYING AGENT,; FORMULATION AID,; LEAVENING AGENT,; LUBRICANT OR RELEASE AGENT,; MALTING OR FERMENTING AID,; NUTRIENT SUPPLEMENT,; PH CONTROL AGENT,; PROCESSING AID,; STABILIZER OR TH",calcium,A,80,
food_substances,"SACCHARIN, CALCIUM SALT",6381-91-5,NON-NUTRITIVE SWEETENER,calcium,A,80,
food_substances,"SACCHARIN, SODIUM SALT",128-44-9,"ANTIMICROBIAL AGENT,; FLAVOR ENHANCER,; FLAVORING AGENT OR ADJUVANT,; NON-NUTRITIVE SWEETENER,; SOLVENT OR VEHICLE",sodium,A,80,
food_substances,SODIUM 2-ETHYLHEXYL SULFATE,126-92-1,WASHING OR SURFACE REMOVAL AGENT,sodium,A,80,
food_substances,SODIUM RIBOFLAVIN 5'-PHOSPHATE DIHYDRATE,6184-17-4,NUTRIENT SUPPLEMENT,vitamin_b2,A,100,sodium(80)
food_substances,DIOCTYL SODIUM SULFOSUCCINATE,577-11-7,"EMULSIFIER OR EMULSIFIER SALT,; PROCESSING AID,; STABILIZER OR THICKENER,; SURFACE-ACTIVE AGENT",sodium,A,80,
food_substances,"EDTA, CALCIUM DISODIUM",62-33-9,"ANTIOXIDANT,; COLOR OR COLORING ADJUNCT,; FLAVOR ENHANCER,; FUMIGANT,; SEQUESTRANT",calcium,A,80,
food_substances,"EDTA, DISODIUM",139-33-3,FLAVORING AGENT OR ADJUVANT,glycine,A,80,
food_substances,"LEMON, JUICE",68916-88-1,PH CONTROL AGENT,pectin,B,100,
food_substances,vitamin D2 mushroom powder,,NUTRIENT SUPPLEMENT,vitamin_d,A,100,
food_substances,soy leghemoglobin,1673586-07-6,COLOR OR COLORING ADJUNCT,glycine,A,80,
food_substances,"ALGINATE, AMMONIUM",9005-34-9,"EMULSIFIER OR EMULSIFIER SALT,; FIRMING AGENT,; FLAVOR ENHANCER,; FORMULATION AID,; PROCESSING AID,; STABILIZER OR THICKENER,; SURFACE-ACTIVE AGENT,; TEXTURIZER",alginate,B,80,
food_substances,"ALGINATE, CALCIUM",9005-35-0,"EMULSIFIER OR EMULSIFIER SALT,; FIRMING AGENT,; FLAVOR ENHANCER,; FORMULATION AID,; PROCESSING AID,; STABILIZER OR THICKENER,; SURFACE-ACTIVE AGENT,; TEXTURIZER",alginate,B,80,calcium(80)
food_substances,"ALGINATE, POTASSIUM",9005-36-1,"EMULSIFIER OR EMULSIFIER SALT,; FIRMING AGENT,; FLAVOR ENHANCER,; FORMULATION AID,; PROCESSING AID,; STABILIZER OR THICKENER,; SURFACE-ACTIVE AGENT,; TEXTURIZER",alginate,B,80,potassium(80)
food_substances,"ALGINATE, SODIUM",9005-38-3,"EMULSIFIER OR EMULSIFIER SALT,; FIRMING AGENT,; FLAVOR ENHANCER,; FORMULATION AID,; PROCESSING AID,; STABILIZER OR THICKENER,; SURFACE-ACTIVE AGENT,; TEXTURIZER",alginate,B,80,sodium(80)
food_substances,ALUMINUM POTASSIUM SULFATE,7784-24-9,"FIRMING AGENT,; FUMIGANT,; PH CONTROL AGENT",potassium,A,80,
food_substances,ALUMINUM SODIUM SULFATE,7784-28-3,"FIRMING AGENT,; LEAVENING AGENT,; PH CONTROL AGENT",sodium,A,80,
food_substances,AMMONIUM CHLORIDE,12125-02-9,"DOUGH STRENGTHENER,; FLAVORING AGENT OR ADJUVANT,; LEAVENING AGENT,; PROCESSING AID",chloride,A,80,
food_substances,CALCIUM ACETATE,62-54-4,"COLOR OR COLORING ADJUNCT,; FIRMING AGENT,; FLAVORING AGENT OR ADJUVANT,; PH CONTROL AGENT,; PROCESSING AID,; SEQUESTRANT,; STABILIZER OR THICKENER,; TEXTURIZER",calcium,A,80,
food_substances,CALCIUM CARBONATE,471-34-1,"ANTICAKING AGENT OR FREE-FLOW AGENT,; COLOR OR COLORING ADJUNCT,; DRYING AGENT,; FORMULATION AID,; HUMECTANT,; LEAVENING AGENT,; LUBRICANT OR RELEASE AGENT,; MASTICATORY SUBSTANCE,; NUTRIENT SUPPLEMENT,; PH CONTROL AGENT",calcium,A,100,
food_substances,CALCIUM CHLORIDE,10035-04-8,"ANTICAKING AGENT OR FREE-FLOW AGENT,; DRYING AGENT,; ENZYME,; FIRMING AGENT,; FREEZING OR COOLING AGENT,; DIRECT CONTACT,; FUMIGANT,; HUMECTANT,; MALTING OR FERMENTING AID,; PH CONTROL AGENT,; PROCESSING",calcium,A,80,chloride(80)
food_substances,CALCIUM GLUCONATE,299-28-5,"FIRMING AGENT,; FLAVOR ENHANCER,; FLAVORING AGENT OR ADJUVANT,; FORMULATION AID,; NUTRIENT SUPPLEMENT,; SEQUESTRANT,; STABILIZER OR THICKENER,; TEXTURIZER",calcium,A,80,
food_substances,CALCIUM HEXAMETAPHOSPHATE,10102-76-8,SEQUESTRANT,calcium,A,80,
food_substances,CALCIUM LACTATE,814-80-2,"DOUGH STRENGTHENER,; FIRMING AGENT,; FLAVOR ENHANCER,; FLAVORING AGENT OR ADJUVANT,; LEAVENING AGENT,; MALTING OR FERMENTING AID,; NUTRIENT SUPPLEMENT,; PH CONTROL AGENT,; STABILIZER OR THICKENER",calcium,A,80,
food_substances,"CALCIUM PHOSPHATE, DIBASIC",7757-93-9,"ANTICAKING AGENT OR FREE-FLOW AGENT,; DOUGH STRENGTHENER,; DRYING AGENT,; EMULSIFIER OR EMULSIFIER SALT,; HUMECTANT,; LEAVENING AGENT,; MASTICATORY SUBSTANCE,; NUTRIENT SUPPLEMENT,; PH CONTROL AGENT,; STABILIZER OR THICK",calcium,A,80,
food_substances,"CALCIUM PHOSPHATE, MONOBASIC",7758-23-8,"DOUGH STRENGTHENER,; FIRMING AGENT,; FLOUR TREATING AGENT,; LEAVENING AGENT,; MALTING OR FERMENTING AID,; NUTRIENT SUPPLEMENT,; PH CONTROL AGENT,; SEQUESTRANT,; STABILIZER OR THICKENER",calcium,A,80,
food_substances,"CALCIUM PHOSPHATE, TRIBASIC",7758-87-4,"ANTICAKING AGENT OR FREE-FLOW AGENT,; DRYING AGENT,; EMULSIFIER OR EMULSIFIER SALT,; FLAVORING AGENT OR ADJUVANT,; FORMULATION AID,; HUMECTANT,; LEAVENING AGENT,; NUTRIENT SUPPLEMENT,; PH CONTROL AGENT,; TEXTURIZER",calcium,A,80,
food_substances,CALCIUM PHYTATE,7776-28-5,,calcium,A,80,phytate(80)
food_substances,CALCIUM PYROPHOSPHATE,7790-76-3,NUTRIENT SUPPLEMENT,calcium,A,80,
food_substances,"CARBOXYMETHYL CELLULOSE, SODIUM SALT",9004-32-4,"ANTICAKING AGENT OR FREE-FLOW AGENT,; DRYING AGENT,; EMULSIFIER OR EMULSIFIER SALT,; FORMULATION AID,; HUMECTANT,; STABILIZER OR THICKENER,; TEXTURIZER",sodium,A,80,
food_substances,BETA-CAROTENE,7235-40-7,"ANTIOXIDANT,; COLOR OR COLORING ADJUNCT,; FLAVOR ENHANCER,; FLAVORING AGENT OR ADJUVANT,; NUTRIENT SUPPLEMENT,; PROCESSING AID,; SURFACE-FINISHING AGENT",vitamin_a,A,100,
food_substances,DIPOTASSIUM PHOSPHATE,7758-11-4,"EMULSIFIER OR EMULSIFIER SALT,; NUTRIENT SUPPLEMENT,; PH CONTROL AGENT,; SEQUESTRANT,; STABILIZER OR THICKENER",potassium,A,80,
food_substances,FERROUS ASCORBATE,24808-52-4,NUTRIENT SUPPLEMENT,vitamin_c,A,100,
food_substances,GLYCOCHOLIC ACID,475-31-0,PH CONTROL AGENT,glycine,A,80,
food_substances,NIACIN,59-67-6,NUTRIENT SUPPLEMENT,vitamin_b3,A,100,
food_substances,NIACINAMIDE,98-92-0,"FLAVOR ENHANCER,; FLAVORING AGENT OR ADJUVANT,; NUTRIENT SUPPLEMENT",vitamin_b3,A,100,
food_substances,OX BILE EXTRACT,8008-63-7,SURFACE-FINISHING AGENT,sodium,A,80,
food_substances,POTASSIUM BICARBONATE,298-14-6,"FORMULATION AID,; LEAVENING AGENT,; NUTRIENT SUPPLEMENT,; PH CONTROL AGENT,; PROCESSING AID",potassium,A,80,
food_substances,POTASSIUM CARBONATE,584-08-7,"FLAVORING AGENT OR ADJUVANT,; LEAVENING AGENT,; NUTRIENT SUPPLEMENT,; PH CONTROL AGENT,; PROCESSING AID",potassium,A,80,
food_substances,POTASSIUM CHLORIDE,7447-40-7,"ENZYME,; FLAVOR ENHANCER,; FLAVORING AGENT OR ADJUVANT,; MALTING OR FERMENTING AID,; NUTRIENT SUPPLEMENT,; PH CONTROL AGENT,; PROCESSING AID,; STABILIZER OR THICKENER",chloride,A,80,potassium(80)
food_substances,POTASSIUM METABISULFITE,16731-55-8,"ANTIMICROBIAL AGENT,; ANTIOXIDANT,; COLOR OR COLORING ADJUNCT,; DOUGH STRENGTHENER,; FLOUR TREATING AGENT,; OXIDIZING OR REDUCING AGENT",potassium,A,80,
food_substances,"POTASSIUM PHOSPHATE, MONOBASIC",7778-77-0,"MALTING OR FERMENTING AID,; NUTRIENT SUPPLEMENT,; PH CONTROL AGENT,; STABILIZER OR THICKENER",potassium,A,80,
food_substances,"POTASSIUM PHOSPHATE, TRIBASIC",7778-53-2,"EMULSIFIER OR EMULSIFIER SALT,; PH CONTROL AGENT,; STABILIZER OR THICKENER",potassium,A,80,
food_substances,POTASSIUM POLYMETAPHOSPHATE,7790-53-6,"EMULSIFIER OR EMULSIFIER SALT,; HUMECTANT",potassium,A,80,
food_substances,POTASSIUM PYROPHOSPHATE,7320-34-5,"EMULSIFIER OR EMULSIFIER SALT,; TEXTURIZER",potassium,A,80,
food_substances,POTASSIUM TRIPOLYPHOSPHATE,13845-36-8,"NUTRIENT SUPPLEMENT,; TEXTURIZER",potassium,A,80,
food_substances,PROPYLENE GLYCOL ALGINATE,9005-37-2,"EMULSIFIER OR EMULSIFIER SALT,; FLAVOR ENHANCER,; FLAVORING AGENT OR ADJUVANT,; FORMULATION AID,; PROCESSING AID,; SOLVENT OR VEHICLE,; STABILIZER OR THICKENER,; SURFACE-ACTIVE AGENT,; SURFACE-FINISHING AGENT",alginate,B,80,
food_substances,PYRIDOXINE,65-23-6,,vitamin_b6,A,100,
food_substances,PYRIDOXINE HYDROCHLORIDE,58-56-0,NUTRIENT SUPPLEMENT,vitamin_b6,A,100,
food_substances,RIBOFLAVIN,83-88-5,"COLOR OR COLORING ADJUNCT,; FLAVOR ENHANCER,; FLAVORING AGENT OR ADJUVANT,; NUTRIENT SUPPLEMENT",vitamin_b2,A,100,
food_substances,RIBOFLAVIN 5'-PHOSPHATE,146-17-8,NUTRIENT SUPPLEMENT,vitamin_b2,A,100,
food_substances,POTASSIUM ACID TARTRATE,868-14-4,"EMULSIFIER OR EMULSIFIER SALT,; NUTRIENT SUPPLEMENT,; PH CONTROL AGENT",potassium,A,80,
food_substances,SODIUM ACETATE,977127-84-6,"ANTIMICROBIAL AGENT,; FLAVORING AGENT OR ADJUVANT,; PH CONTROL AGENT",sodium,A,80,
food_substances,SODIUM ACID PYROPHOSPHATE,7758-16-9,"COLOR OR COLORING ADJUNCT,; DOUGH STRENGTHENER,; EMULSIFIER OR EMULSIFIER SALT,; FLAVORING AGENT OR ADJUVANT,; FLOUR TREATING AGENT,; FORMULATION AID,; LEAVENING AGENT,; OXIDIZING OR REDUCING AGENT,; SEQUESTRANT",sodium,A,80,
food_substances,SODIUM ALUMINATE,1302-42-7,,sodium,A,80,
food_substances,"SODIUM ALUMINUM PHOSPHATE, ACIDIC OR BASIC",7785-88-8,"ANTICAKING AGENT OR FREE-FLOW AGENT,; DRYING AGENT,; EMULSIFIER OR EMULSIFIER SALT,; HUMECTANT,; LEAVENING AGENT,; TEXTURIZER",sodium,A,80,
food_substances,SODIUM BICARBONATE,144-55-8,"EMULSIFIER OR EMULSIFIER SALT,; FLAVOR ENHANCER,; FLAVORING AGENT OR ADJUVANT,; LEAVENING AGENT,; NUTRIENT SUPPLEMENT,; PH CONTROL AGENT,; PROCESSING AID,; SOLVENT OR VEHICLE",sodium,A,80,
food_substances,SODIUM BISULFITE,7631-90-5,"ANTIMICROBIAL AGENT,; ANTIOXIDANT,; COLOR OR COLORING ADJUNCT,; DOUGH STRENGTHENER,; FLAVORING AGENT OR ADJUVANT,; FLOUR TREATING AGENT,; FORMULATION AID,; PROCESSING AID,; SURFACE-FINISHING AGENT,; TEXTURIZER",sodium,A,80,
food_substances,SODIUM CARBONATE,497-19-8,"ANTIOXIDANT,; CURING OR PICKLING AGENT,; FLAVORING AGENT OR ADJUVANT,; PH CONTROL AGENT,; PROCESSING AID",sodium,A,80,
food_substances,SODIUM CHLORIDE,7647-14-5,"ANTICAKING AGENT OR FREE-FLOW AGENT,; ANTIMICROBIAL AGENT,; COLOR OR COLORING ADJUNCT,; EMULSIFIER OR EMULSIFIER SALT,; FIRMING AGENT,; FLAVORING AGENT OR ADJUVANT,; FORMULATION AID,; NUTRIENT SUPPLEMENT,; SOLVENT OR VEH",chloride,A,80,sodium(80)
food_substances,SODIUM DIACETATE,126-96-5,FLAVORING AGENT OR ADJUVANT,sodium,A,80,
food_substances,SODIUM FERRICITROPYROPHOSPHATE,1332-96-3,NUTRIENT SUPPLEMENT,sodium,A,80,
food_substances,SODIUM HEXAMETAPHOSPHATE,10124-56-8,FLAVORING AGENT OR ADJUVANT,sodium,A,80,
food_substances,SODIUM METABISULFITE,7681-57-4,"ANTIMICROBIAL AGENT,; ANTIOXIDANT,; COLOR OR COLORING ADJUNCT,; DOUGH STRENGTHENER,; FLOUR TREATING AGENT,; FREEZING OR COOLING AGENT,; DIRECT CONTACT,; OXIDIZING OR REDUCING AGENT",sodium,A,80,
food_substances,SODIUM METAPHOSPHATE,50813-16-6,"EMULSIFIER OR EMULSIFIER SALT,; FLAVOR ENHANCER,; FLAVORING AGENT OR ADJUVANT,; PH CONTROL AGENT,; SEQUESTRANT,; STABILIZER OR THICKENER,; SURFACE-ACTIVE AGENT,; TEXTURIZER",sodium,A,80,
food_substances,"SODIUM PHOSPHATE, DIBASIC",7558-79-4,"ANTICAKING AGENT OR FREE-FLOW AGENT,; ANTIMICROBIAL AGENT,; DRYING AGENT,; EMULSIFIER OR EMULSIFIER SALT,; FLAVOR ENHANCER,; FLAVORING AGENT OR ADJUVANT,; MALTING OR FERMENTING AID,; PH CONTROL AGENT,; STABILIZER OR THIC",sodium,A,80,
food_substances,"SODIUM PHOSPHATE, MONOBASIC",7558-80-7,"ANTICAKING AGENT OR FREE-FLOW AGENT,; ANTIMICROBIAL AGENT,; DRYING AGENT,; EMULSIFIER OR EMULSIFIER SALT,; FLAVOR ENHANCER,; FLAVORING AGENT OR ADJUVANT,; HUMECTANT,; LEAVENING AGENT,; PH CONTROL AGENT",sodium,A,80,
food_substances,"SODIUM PHOSPHATE, TRIBASIC",7601-54-9,"ANTICAKING AGENT OR FREE-FLOW AGENT,; DRYING AGENT,; EMULSIFIER OR EMULSIFIER SALT,; FORMULATION AID,; HUMECTANT,; NUTRIENT SUPPLEMENT,; PH CONTROL AGENT,; SEQUESTRANT",sodium,A,80,
food_substances,SODIUM POTASSIUM TARTRATE,304-59-6,"EMULSIFIER OR EMULSIFIER SALT,; PH CONTROL AGENT,; SEQUESTRANT",potassium,A,80,sodium(80)
food_substances,SODIUM PYROPHOSPHATE,7722-88-5,"ANTICAKING AGENT OR FREE-FLOW AGENT,; DRYING AGENT,; EMULSIFIER OR EMULSIFIER SALT,; FORMULATION AID,; HUMECTANT,; PH CONTROL AGENT,; SEQUESTRANT,; STABILIZER OR THICKENER",sodium,A,80,
food_substances,SODIUM SESQUICARBONATE,533-96-0,PH CONTROL AGENT,sodium,A,80,
food_substances,SODIUM SULFITE,7757-83-7,"ANTIOXIDANT,; COLOR OR COLORING ADJUNCT,; DOUGH STRENGTHENER,; FLOUR TREATING AGENT,; FORMULATION AID,; OXIDIZING OR REDUCING AGENT,; PH CONTROL AGENT",sodium,A,80,
food_substances,SODIUM TARTRATE,868-18-8,"EMULSIFIER OR EMULSIFIER SALT,; PH CONTROL AGENT,; SEQUESTRANT",sodium,A,80,
food_substances,SODIUM TRIPOLYPHOSPHATE,7758-29-4,"ANTICAKING AGENT OR FREE-FLOW AGENT,; ANTIOXIDANT,; DRYING AGENT,; EMULSIFIER OR EMULSIFIER SALT,; HUMECTANT,; PH CONTROL AGENT,; SEQUESTRANT,; STABILIZER OR THICKENER,; TEXTURIZER",sodium,A,80,
food_substances,STANNOUS CHLORIDE,7772-99-8,ANTIOXIDANT,chloride,A,80,
food_substances,"STARCH, FOOD, MODIFIED: STARCH SODIUM OCTENYL SUCCINATE",66829-29-6,STABILIZER OR THICKENER,sodium,A,80,
food_substances,"STARCH, FOOD, MODIFIED: STARCH SODIUM SUCCINATE",37231-92-8,STABILIZER OR THICKENER,sodium,A,80,
food_substances,TAUROCHOLIC ACID,81-24-3,,taurine,B,100,
food_substances,THIAMINE HYDROCHLORIDE,67-03-8,"FLAVORING AGENT OR ADJUVANT,; NUTRIENT SUPPLEMENT",vitamin_b1,A,100,chloride(80)
food_substances,THIAMINE MONONITRATE,532-43-4,NUTRIENT SUPPLEMENT,vitamin_b1,A,100,
food_substances,ALPHA-TOCOPHEROL ACETATE,58-95-7,NUTRIENT SUPPLEMENT,vitamin_e,A,100,
food_substances,VITAMIN A,68-26-8,NUTRIENT SUPPLEMENT,vitamin_a,A,100,
food_substances,VITAMIN A ACETATE,127-47-9,NUTRIENT SUPPLEMENT,vitamin_a,A,100,
food_substances,VITAMIN B-12,68-19-9,NUTRIENT SUPPLEMENT,vitamin_b12,A,100,
food_substances,ZINC CHLORIDE,7646-85-7,NUTRIENT SUPPLEMENT,chloride,A,80,
food_substances,ZINC OXIDE,1314-13-2,"COLOR OR COLORING ADJUNCT,; NUTRIENT SUPPLEMENT",zinc,A,100,
food_substances,ZINC SULFATE,7446-20-0,"MALTING OR FERMENTING AID,; NUTRIENT SUPPLEMENT",zinc,A,100,
food_substances,HYDROCHLORIC ACID,7647-01-0,"FORMULATION AID,; PH CONTROL AGENT",chloride,A,80,
food_substances,CUPROUS IODIDE,7681-65-4,,copper,A,80,
food_substances,COPPER SULFATE,7758-98-7,"NUTRIENT SUPPLEMENT,; PROCESSING AID",copper,A,80,
food_substances,CALCIUM CASEINATE,9005-43-0,"COLOR OR COLORING ADJUNCT,; FORMULATION AID,; NUTRIENT SUPPLEMENT,; STABILIZER OR THICKENER,; TEXTURIZER",calcium,A,80,
food_substances,SODIUM CASEINATE,9005-46-3,"ANTICAKING AGENT OR FREE-FLOW AGENT,; DRYING AGENT,; EMULSIFIER OR EMULSIFIER SALT,; FLAVORING AGENT OR ADJUVANT,; FORMULATION AID,; NUTRIENT SUPPLEMENT,; PH CONTROL AGENT,; SOLVENT OR VEHICLE,; STABILIZER OR THICKENER,;",sodium,A,80,
food_substances,VITAMIN D-2,50-14-6,NUTRIENT SUPPLEMENT,vitamin_d,A,100,
food_substances,VITAMIN D-3,67-97-0,NUTRIENT SUPPLEMENT,vitamin_d,A,100,
food_substances,CALCIUM PANTOTHENATE,137-08-6,NUTRIENT SUPPLEMENT,vitamin_b5,A,100,alanine(80);calcium(80)
food_substances,SODIUM PANTOTHENATE,867-81-2,NUTRIENT SUPPLEMENT,vitamin_b5,A,100,alanine(80);sodium(80)
food_substances,BIOTIN,58-85-5,"NUTRIENT SUPPLEMENT,; SEQUESTRANT",vitamin_b7,A,100,
food_substances,CAFFEINE,58-08-2,FLAVORING AGENT OR ADJUVANT,caffeine,A,100,
food_substances,SODIUM OLEATE,143-19-1,"ANTICAKING AGENT OR FREE-FLOW AGENT,; EMULSIFIER OR EMULSIFIER SALT,; FORMULATION AID,; STABILIZER OR THICKENER",sodium,A,80,
food_substances,SODIUM PALMITATE,408-35-5,"ANTICAKING AGENT OR FREE-FLOW AGENT,; FORMULATION AID,; LUBRICANT OR RELEASE AGENT,; STABILIZER OR THICKENER",sodium,A,80,
food_substances,POTASSIUM HYDROXIDE,1310-58-3,"FORMULATION AID,; FUMIGANT,; PH CONTROL AGENT,; PROCESSING AID,; STABILIZER OR THICKENER,; WASHING OR SURFACE REMOVAL AGENT",potassium,A,80,
food_substances,SODIUM HYDROXIDE,1310-73-2,"COLOR OR COLORING ADJUNCT,; DOUGH STRENGTHENER,; FLAVOR ENHANCER,; FLAVORING AGENT OR ADJUVANT,; FLOUR TREATING AGENT,; FUMIGANT,; OXIDIZING OR REDUCING AGENT,; PH CONTROL AGENT,; PROCESSING AID,; WASHING OR SURFACE REMO",sodium,A,80,
food_substances,POTASSIUM CITRATE,6100-05-6,"EMULSIFIER OR EMULSIFIER SALT,; FLAVOR ENHANCER,; FLAVORING AGENT OR ADJUVANT,; NUTRIENT SUPPLEMENT,; PH CONTROL AGENT,; SEQUESTRANT",potassium,A,80,
food_substances,TRISODIUM CITRATE,68-04-2,"COLOR OR COLORING ADJUNCT,; EMULSIFIER OR EMULSIFIER SALT,; FLAVORING AGENT OR ADJUVANT,; MALTING OR FERMENTING AID,; NUTRIENT SUPPLEMENT,; PH CONTROL AGENT,; SEQUESTRANT,; STABILIZER OR THICKENER,; SURFACE-ACTIVE AGENT",sodium,A,80,
food_substances,CALCIUM CITRATE,813-94-5,"FIRMING AGENT,; NUTRIENT SUPPLEMENT,; PH CONTROL AGENT,; SEQUESTRANT",calcium,A,80,
food_substances,"PECTIN, AMIDATED",56645-02-4,"EMULSIFIER OR EMULSIFIER SALT,; STABILIZER OR THICKENER",pectin,B,100,
food_substances,PECTIN,9000-69-5,"EMULSIFIER OR EMULSIFIER SALT,; FIRMING AGENT,; FLAVOR ENHANCER,; FLAVORING AGENT OR ADJUVANT,; SOLVENT OR VEHICLE,; STABILIZER OR THICKENER,; TEXTURIZER",pectin,B,100,
food_substances,SODIUM PECTINATE,9005-59-8,,pectin,B,100,sodium(80)
food_substances,SODIUM PROPIONATE,137-40-6,"ANTIMICROBIAL AGENT,; FLAVORING AGENT OR ADJUVANT",sodium,A,80,
food_substances,CALCIUM PROPIONATE,4075-81-4,"ANTIMICROBIAL AGENT,; ANTIOXIDANT",calcium,A,80,
food_substances,POTASSIUM GLUCONATE,299-27-4,"NUTRIENT SUPPLEMENT,; SEQUESTRANT",potassium,A,80,
food_substances,MAGNESIUM GLUCONATE,3632-91-5,NUTRIENT SUPPLEMENT,magnesium,A,80,
food_substances,SODIUM GLUCONATE,527-07-1,"FLAVOR ENHANCER,; FLAVORING AGENT OR ADJUVANT,; NUTRIENT SUPPLEMENT,; SEQUESTRANT",sodium,A,80,
food_substances,POTASSIUM GLYCEROPHOSPHATE,1319-70-6,,potassium,A,80,
food_substances,MANGANESE GLYCEROPHOSPHATE,1320-46-3,NUTRIENT SUPPLEMENT,manganese,A,80,
food_substances,CALCIUM GLYCEROPHOSPHATE,27214-00-2,"NUTRIENT SUPPLEMENT,; STABILIZER OR THICKENER",calcium,A,80,
food_substances,MAGNESIUM GLYCEROPHOSPHATE,927-20-8,FORMULATION AID,magnesium,A,80,
food_substances,MANGANESE HYPOPHOSPHITE,10043-84-2,NUTRIENT SUPPLEMENT,manganese,A,80,
food_substances,SODIUM HYPOPHOSPHITE,7681-53-0,ANTIOXIDANT,sodium,A,80,
food_substances,POTASSIUM HYPOPHOSPHITE,7782-87-8,,potassium,A,80,
food_substances,CALCIUM HYPOPHOSPHITE,7789-79-9,ANTIOXIDANT,calcium,A,80,
food_substances,CALCIUM HYDROXIDE,1305-62-0,"FIRMING AGENT,; NUTRIENT SUPPLEMENT,; PH CONTROL AGENT,; PROCESSING AID",calcium,A,80,
food_substances,CALCIUM OXIDE,1305-78-8,"ANTICAKING AGENT OR FREE-FLOW AGENT,; DOUGH STRENGTHENER,; FIRMING AGENT,; NUTRIENT SUPPLEMENT,; PH CONTROL AGENT,; PROCESSING AID,; TEXTURIZER",calcium,A,80,
food_substances,SODIUM FORMATE,141-53-7,PROCESSING AID,sodium,A,80,
food_substances,SODIUM BENZOATE,532-32-1,"ANTIMICROBIAL AGENT,; ANTIOXIDANT,; COLOR OR COLORING ADJUNCT,; FLAVOR ENHANCER,; FLAVORING AGENT OR ADJUVANT,; FUMIGANT,; PH CONTROL AGENT,; SURFACE-ACTIVE AGENT",sodium,A,80,
food_substances,MANGANESE GLUCONATE,6485-39-8,"FLAVORING AGENT OR ADJUVANT,; FUMIGANT",manganese,A,80,
food_substances,MANGANESE CITRATE,10024-66-5,"NUTRIENT SUPPLEMENT,; SEQUESTRANT",manganese,A,80,
food_substances,LINOLEIC ACID,60-33-3,FLAVORING AGENT OR ADJUVANT,linoleic_acid,A,100,
food_substances,SODIUM HYDROSULFITE,7775-14-6,,sodium,A,80,
food_substances,ALUMINUM CALCIUM SILICATE,1327-39-5,,calcium,A,80,
food_substances,MAGNESIUM SILICATE,1343-88-0,"ANTICAKING AGENT OR FREE-FLOW AGENT,; FORMULATION AID",magnesium,A,80,
food_substances,SODIUM ALUMINUM SILICATE,1344-00-9,"ANTICAKING AGENT OR FREE-FLOW AGENT,; DRYING AGENT,; FORMULATION AID,; HUMECTANT",sodium,A,80,
food_substances,"SODIUM CALCIUM ALUMINOSILICATE, HYDRATED",1344-01-0,,calcium,A,80,sodium(80)
food_substances,SODIUM SILICATE,1344-09-8,"ANTICAKING AGENT OR FREE-FLOW AGENT,; DRYING AGENT,; HUMECTANT,; PROCESSING AID",sodium,A,80,
food_substances,CALCIUM SILICATE,1344-95-2,"ANTICAKING AGENT OR FREE-FLOW AGENT,; FLAVOR ENHANCER,; FLAVORING AGENT OR ADJUVANT,; FORMULATION AID,; LUBRICANT OR RELEASE AGENT",calcium,A,80,
food_substances,TALC,14807-96-6,"FORMULATION AID,; MASTICATORY SUBSTANCE,; NON-NUTRITIVE SWEETENER,; PROCESSING AID,; WASHING OR SURFACE REMOVAL AGENT",magnesium,A,80,
food_substances,MAGNESIUM STEARATE,557-04-0,"ANTICAKING AGENT OR FREE-FLOW AGENT,; DRYING AGENT,; FORMULATION AID,; HUMECTANT",magnesium,A,80,
food_substances,MAGNESIUM SULFATE,10034-99-8,"ANTICAKING AGENT OR FREE-FLOW AGENT,; EMULSIFIER OR EMULSIFIER SALT,; FORMULATION AID,; LUBRICANT OR RELEASE AGENT,; MALTING OR FERMENTING AID,; NUTRIENT SUPPLEMENT,; PH CONTROL AGENT,; PROCESSING AID,; STABILIZER OR THI",magnesium,A,80,
food_substances,MAGNESIUM HYDROXIDE,1309-42-8,"COLOR OR COLORING ADJUNCT,; DRYING AGENT,; NUTRIENT SUPPLEMENT,; PH CONTROL AGENT,; PROCESSING AID",magnesium,A,80,
food_substances,MAGNESIUM OXIDE,1309-48-4,"ANTICAKING AGENT OR FREE-FLOW AGENT,; DRYING AGENT,; FLAVOR ENHANCER,; FLAVORING AGENT OR ADJUVANT,; FORMULATION AID,; HUMECTANT,; NUTRIENT SUPPLEMENT,; PH CONTROL AGENT,; PROCESSING AID",magnesium,A,80,
food_substances,MAGNESIUM CARBONATE,39409-82-0,"ANTICAKING AGENT OR FREE-FLOW AGENT,; DRYING AGENT,; FLAVOR ENHANCER,; FLAVORING AGENT OR ADJUVANT,; FORMULATION AID,; HUMECTANT,; LUBRICANT OR RELEASE AGENT,; NUTRIENT SUPPLEMENT,; PH CONTROL AGENT,; PROCESSING AID",magnesium,A,80,
food_substances,"MAGNESIUM PHOSPHATE, TRIBASIC",7757-87-1,"NUTRIENT SUPPLEMENT,; PH CONTROL AGENT,; STABILIZER OR THICKENER",magnesium,A,80,
food_substances,"MAGNESIUM PHOSPHATE, DIBASIC",7782-75-4,"NUTRIENT SUPPLEMENT,; PH CONTROL AGENT,; STABILIZER OR THICKENER",magnesium,A,80,
food_substances,MAGNESIUM CHLORIDE,7786-30-3,"COLOR OR COLORING ADJUNCT,; FIRMING AGENT,; FLAVORING AGENT OR ADJUVANT,; NUTRIENT SUPPLEMENT",chloride,A,80,magnesium(80)
food_substances,SODIUM ERYTHORBATE,6381-77-7,"ANTIMICROBIAL AGENT,; ANTIOXIDANT,; COLOR OR COLORING ADJUNCT,; DOUGH STRENGTHENER,; FLOUR TREATING AGENT,; OXIDIZING OR REDUCING AGENT,; PROCESSING AID,; SURFACE-FINISHING AGENT",sodium,A,80,
food_substances,SODIUM ASCORBATE,134-03-2,"ANTIOXIDANT,; COLOR OR COLORING ADJUNCT,; DOUGH STRENGTHENER,; FLOUR TREATING AGENT,; LEAVENING AGENT,; NUTRIENT SUPPLEMENT,; OXIDIZING OR REDUCING AGENT,; PROCESSING AID,; SURFACE-FINISHING AGENT",vitamin_c,A,100,sodium(80)
food_substances,ASCORBYL PALMITATE,137-66-6,ANTIOXIDANT,vitamin_c,A,100,
food_substances,ASCORBIC ACID,50-81-7,"ANTIMICROBIAL AGENT,; ANTIOXIDANT,; COLOR OR COLORING ADJUNCT,; DOUGH STRENGTHENER,; FLAVOR ENHANCER,; FLAVORING AGENT OR ADJUVANT,; NUTRIENT SUPPLEMENT,; PH CONTROL AGENT,; SEQUESTRANT,; STABILIZER OR THICKENER",vitamin_c,A,100,
food_substances,POTASSIUM SORBATE,24634-61-5,"ANTIMICROBIAL AGENT,; ANTIOXIDANT,; COLOR OR COLORING ADJUNCT,; FLAVOR ENHANCER,; FLAVORING AGENT OR ADJUVANT,; NUTRIENT SUPPLEMENT,; PH CONTROL AGENT",potassium,A,80,
food_substances,CALCIUM SORBATE,7492-55-9,PRESERVATIVE,calcium,A,80,
food_substances,SODIUM SORBATE,7757-81-5,ANTIMICROBIAL AGENT,sodium,A,80,
food_substances,CALCIUM STEARATE,1592-23-0,"ANTICAKING AGENT OR FREE-FLOW AGENT,; EMULSIFIER OR EMULSIFIER SALT,; FLAVORING AGENT OR ADJUVANT,; FORMULATION AID,; LUBRICANT OR RELEASE AGENT,; STABILIZER OR THICKENER",calcium,A,80,
food_substances,SODIUM THIOSULFATE,10102-17-7,"ANTIOXIDANT,; FORMULATION AID,; OXIDIZING OR REDUCING AGENT,; SEQUESTRANT,; STABILIZER OR THICKENER",sodium,A,80,
food_substances,TANNIC ACID,1401-55-4,"COLOR OR COLORING ADJUNCT,; FLAVOR ENHANCER,; FLAVORING AGENT OR ADJUVANT,; PH CONTROL AGENT,; PROCESSING AID",tannins,B,80,
food_substances,CHOLINE CHLORIDE,67-48-1,NUTRIENT SUPPLEMENT,choline,A,100,chloride(80)
food_substances,CHOLINE BITARTRATE,87-67-2,NUTRIENT SUPPLEMENT,choline,A,100,
food_substances,POTASSIUM IODATE,7758-05-6,"DOUGH STRENGTHENER,; FLOUR TREATING AGENT,; MALTING OR FERMENTING AID,; NUTRIENT SUPPLEMENT,; OXIDIZING OR REDUCING AGENT",iodine,A,80,potassium(80)
food_substances,POTASSIUM IODIDE,7681-11-0,"NUTRIENT SUPPLEMENT,; TRACER",iodine,A,100,potassium(80)
food_substances,CALCIUM IODATE,7789-80-2,"DOUGH STRENGTHENER,; FLOUR TREATING AGENT,; NUTRIENT SUPPLEMENT,; PROCESSING AID",calcium,A,80,
food_substances,L-GLUTAMIC ACID,56-86-0,"FLAVORING AGENT OR ADJUVANT,; NUTRIENT SUPPLEMENT,; PH CONTROL AGENT",glutamic_acid,A,90,
food_substances,GLUTAMIC ACID HYDROCHLORIDE,138-15-8,"FLAVORING AGENT OR ADJUVANT,; NUTRIENT SUPPLEMENT",glutamic_acid,A,90,
food_substances,MONOSODIUM GLUTAMATE,142-47-2,"FLAVOR ENHANCER,; NUTRIENT SUPPLEMENT,; PH CONTROL AGENT,; STABILIZER OR THICKENER",glutamic_acid,A,90,sodium(80)
food_substances,MONOPOTASSIUM GLUTAMATE,19473-49-5,"FLAVOR ENHANCER,; NUTRIENT SUPPLEMENT",glutamic_acid,A,90,potassium(80)
food_substances,MONOAMMONIUM GLUTAMATE,7558-63-6,"FLAVOR ENHANCER,; STABILIZER OR THICKENER",glutamic_acid,A,90,
food_substances,FERRIC CHLORIDE,7705-08-0,"ENZYME,; FLAVORING AGENT OR ADJUVANT,; PROCESSING AID",chloride,A,80,
food_substances,IRON LINOLEATE,7779-63-7,DRYING AGENT,linoleic_acid,A,100,
food_substances,FERRIC SODIUM PYROPHOSPHATE,10045-87-1,,sodium,A,80,
food_substances,VITAMIN A PALMITATE,79-81-2,"COLOR OR COLORING ADJUNCT,; NUTRIENT SUPPLEMENT",vitamin_a,A,100,
food_substances,SODIUM STEAROYL-2-LACTYLATE,25383-99-7,"DOUGH STRENGTHENER,; EMULSIFIER OR EMULSIFIER SALT,; FIRMING AGENT,; FLOUR TREATING AGENT,; OXIDIZING OR REDUCING AGENT,; STABILIZER OR THICKENER,; SURFACE-ACTIVE AGENT",sodium,A,80,
gras_notices,Soy isoflavone extract,,"Ingredient in performance bars, mature adult meal replacements, and beverages at a level of 25 milligrams per serving",isoflavones,B,100,
gras_notices,Sodium bisulfate,,Use in cake mixes as a pH control agent and a leavening agent at a level of 0.1 to 1.0 percent by weight; use in foods in general as a pH control agent and processing aid at levels not to exceed good manufacturing practi,sodium,A,80,
gras_notices,Dioctyl sodium sulfosuccinate,,Use in carbonated and non-carbonated soft drinks as a wetting agent or solubilizer for flavor emulsion stabilizers at levels up to 10 parts per million of the finished beverage,sodium,A,80,
gras_notices,ARASCO (arachidonic acid-rich single-cell oil) and DHASCO (docosahexaenoic acid-rich single-cell oil) as sources of the fatty acids ARA (arachidonic acid) and DHA (docosahexaenoic acid),,ARASCO as a source of ARA and DHASCO as a source of DHA in infant formula,dha,A,100,arachidonic_acid(90)
gras_notices,Pectin esterase derived from Aspergillus oryzae carrying a gene encoding pectin esterase from Aspergillus aculeatus,,Use in fruit and vegetable products as a processing aid at minimal level needed to accomplish the intended technical effect,pectin,B,100,
gras_notices,Exopeptidase derived from Aspergillus oryzae carrying a gene encoding a leucine aminopeptidase from Aspergillus sojae,,Use as a food processing aid at a level ranging from 0.2 to 0.8 percent,leucine,A,80,
gras_notices,Calcium casein peptone-calcium phosphate,,Use in chewing gum as a texturizer at a use level of up to 5 percent wt/wt,calcium,A,80,
gras_notices,Seaweed-derived calcium,,Use in foods in general as a source of dietary calcium for food enrichment and fortification purposes at various levels that range up to 4.0 percent,calcium,A,80,
gras_notices,Cetylpyridinium chloride,,"Use on raw and fully cooked foods including, poultry, red meat, fish and shellfish, eggs, fruits, vegetables, cereal grains, nutmeats, and dairy products as an antimicrobial agent at levels not to exceed 1.0 percent",chloride,A,80,
gras_notices,Pectin lyase derived from Trichoderma reesei carrying a gene encoding pectin lyase from Aspergillus niger,,"Use in the preparation of fruit and vegetable juices, purees, and concentrates as a processing aid at levels ranging from 5 to 100 parts per million to accomplish the intended technical effect in accordance with current ",pectin,B,100,
gras_notices,Chromium picolinate; Ginkgo biloba leaf extract; and Ginseng extract,,Ingredients in non-carbonated beverage or tea,chromium,A,80,
gras_notices,Cetylpyridinium chloride,,Use on the outside surface of raw and fully cooked meat and poultry products as an antimicrobial agent at a level not to exceed 1.0 percent,chloride,A,80,
gras_notices,DHASCO (docosahexaenoic acid-rich single-cell oil) and ARASCO (arachidonic acid-rich single-cell oil),,"Provide DHASCO (as a source of docosahexaenoic acid) and ARASCO (as a source of arachidonic acid) in term infant formula, at a maximum level of 1.25 percent each of the total dietary fat and at a ratio ranging from 1:1 t",dha,A,100,arachidonic_acid(90)
gras_notices,Milk-derived lactoferrin,,Ingredient in sports and functional foods,lactoferrin,B,100,
gras_notices,Fructooligosaccharide,,"Intended for use as an ingredient in foods in general, excluding meat and poultry products and infant formula, at levels up to 20 grams (g) per day in the general population and at levels up to 4.2 g per day in infants l",inulin_fos,B,100,
gras_notices,Vegetable oil phytosterol esters,,"Ingredient in vegetable oil spread, dressings for salad, bars, and yogurt",phytosterols_total,B,100,
gras_notices,Phytosterol esters,,"Ingredient in vegetable oil, at a level up to 13.3 percent by weight, for home use applications such as baking, frying, and salad dressings",phytosterols_total,B,100,
gras_notices,Potassium bisulfate,,Use in cake mixes as a pH control agent and leavening agent at a level of 0.1 to 1.0 percent by weight; use in foods in general as a pH control agent and processing aid at levels not to exceed good manufacturing practice,potassium,A,80,
gras_notices,Plant sterols/Plant sterol esters,,"Plant sterols as an ingredient in vegetable oil spreads, dressings for salad, health drinks, health bars, yogurt-type products at a level of 1 gram per serving; and as a raw material in the manufacture of plant sterol es",phytosterols_total,B,100,
gras_notices,"Chlorine dioxide generated from particles (&lt;30&mu;m) composed of sodium polyphosphate, magnesium sulfate, sodium silicate and sodium chlorite that are incorporated into low density polyethylene (LDPE) food-packaging films, at levels not exceeding 17.5 micrograms chlorite/in2 of finished package film.",,"Use for packaging meats, poultry and seafood that will be cooked prior to being consumed, and for packaging fresh fruits and vegetables and foods in transit or storage from producers to processors, or institutional users",magnesium,A,80,sodium(80)
gras_notices,Milk-derived lactoferrin,,Use on uncooked beef as an antimicrobial agent at a level not to exceed 2 percent,lactoferrin,B,100,
gras_notices,Milk-derived lactoferrin,,Ingredient in sports and functional foods at a level of 100 milligrams per product serving,lactoferrin,B,100,
gras_notices,ARASCO (arachidonic acid-rich single-cell oil),,"Provide ARASCO (as a source of arachidonic acid) in term infant formula, at a maximum level of 1.88 percent of total dietary fat when used in combination with DHASCO (docosahexaenoic acid-rich single-cell oil; as a sourc",arachidonic_acid,A,100,
gras_notices,Docosahexaenoic acid-rich oil from tuna (DHA-rich tuna oil) and arachidonic acid-rich oil from Mortierella alpina (AA-rich fungal oil),,Provide arachidonic acid (AA) at a mean level of 0.4 percent of total fatty acids and docosahexaenoic acid (DHA) at a mean level of 0.25 percent of total fatty acids in preterm infant formula used by hospitalized prematu,dha,A,100,arachidonic_acid(90)
gras_notices,Lutein esters,,"Ingredient in baked goods and baking mixes, soy milk, beverages and beverage powders, frozen dairy desserts and mixes, processed fruit and vegetable products, egg products and egg substitutes, breakfast cereals (ready-to",lutein_zeaxanthin,A,100,
gras_notices,Inulin,,"Use in food in general, including meat and poultry products, as a bulking agent",inulin_fos,B,100,
gras_notices,Synthetic lycopene,,"Ingredient in food in general, except meat and poultry products",lycopene,A,100,
gras_notices,Bovine milk-derived lactoferrin,,Use as an antimicrobial spray on beef carcasses that will subsequently be washed to reduce the levels of exogenously applied lactoferrin,lactoferrin,B,100,
gras_notices,Calcium gluconate,,Use in food in general as a source of calcium,calcium,A,80,
gras_notices,Crystalline lutein,,"Intended for use as an ingredient at levels ranging from 0.3 to 3 milligrams (mg) per eating occasion (serving) in baked goods and baking mixes, beverages and beverage bases, breakfast cereals, chewing gum, dairy product",lutein_zeaxanthin,A,100,
gras_notices,Vegetable oil conjugated linoleic acid preparation,,"Ingredient in yogurt, milk-based meal replacements, frozen or shelf-stable plate meals (with meat, poultry, or fish as the major ingredient), bars (e.g., protein, breakfast, meal replacement, granola, power), and low-cal",cla,B,100,linoleic_acid(90)
gras_notices,Ethanol (ethyl alcohol),,Use as a preservative in the filling used in shelf-stable croissants at a concentration of 3000 ppm,ethanol,B,80,
gras_notices,Sodium iron EDTA,,Use in iron fortification of powdered soft drinks in areas of the world with a high prevalence of iron deficiency at a level of 2.5 milligram iron/200 milliliter of reconstituted beverage,sodium,A,80,
gras_notices,Conjugated linoleic acid,,"Ingredient in yogurt, meal replacement beverages, meal replacement bars, fruit juices, milk-based fruit drinks, and milk-based beverages at a level of 1680 milligram per serving; in liquid cream substitute, powdered crea",cla,B,100,linoleic_acid(90)
gras_notices,"Tomato lycopene extract 6 percent, tomato lycopene extract 1.5 percent, and crystallized tomato lycopene extract",,"Ingredient in baked goods, breakfast cereals, cheeses, condiments and relishes, confections, dairy product analogs, frozen dairy desserts, gelatins, puddings and fillings, grain products, gravies and sauces, jams and jel",lycopene,A,100,
gras_notices,Calcium propionate (alternative method of manufacture),,Described in 21 CFR 184.1221,calcium,A,80,
gras_notices,"Chlorine dioxide, generated using sodium chlorite in calcined or sulfated kaolin clay",,Used in packaging materials for fresh fruits and vegetables,sodium,A,80,
gras_notices,Lactoferrin (human) purified from rice,,Ingredient in foods and beverages at levels not to exceed 1000 milligrams (mg)/serving and in medical foods at levels not to exceed 1 mg/milliliter,lactoferrin,B,100,
gras_notices,Lauramide arginine ethyl ester,,"Antimicrobial ingredient added directly to food, including meat and poultry",arginine,A,80,
gras_notices,Lycopene from Blakeslea trispora,,"Ingredient in foods in general, except meat and poultry, at levels ranging from 5-575 parts per million",lycopene,A,100,
gras_notices,Plant sterols and plant sterol esters from vegetable oils or sterols/stanols from tall oil,,"Ingredient in margarines and vegetable oil spreads, dressings for salads, beverages, snack bars, dairy analogs (including soy milk, ice cream and cream substitutes), cheese and cream, baked foods, ready-to-eat breakfast ",phytosterols_total,B,100,
gras_notices,Plant sterol esters,,Ingredient in ground coffee at a level of 1.0 gram per 8 ounce serving of brewed coffee,phytosterols_total,B,100,
gras_notices,Sodium iron EDTA,,"Iron fortification of soy, fish, hoisin and teriyaki sauces at an iron level of 0.024 percent; and of sweet and sour sauce at an iron level of 0.012 percent",sodium,A,80,
gras_notices,Concentrated tomato lycopene extract,,Ingredient in non-alcoholic beverages up to a maximum level of 20 parts per million,lycopene,A,100,
gras_notices,Lactoferrin (human) purified from bovine milk,,Ingredient for use in a variety of foods at a level of 100 milligrams per serving,lactoferrin,B,100,
gras_notices,Phytosterol esters and diglycerides resulting from transesterification of vegetable oils/fats with phytosterols,,"Ingredient in baked goods and baking mixes; fats and oils; frozen dairy desserts and mixes; gelatins, puddings, and fillings; grain products and pastas; gravies and sauces; hard candy; milk and milk products; soft candy,",phytosterols_total,B,100,
gras_notices,Suspended lutein,,Ingredient in term infant formula at a maximum level of 250 micrograms/liter,lutein_zeaxanthin,A,100,
gras_notices,trans-Resveratrol,,Ingredient in bottled water products at levels up to 10 milligrams per liter,resveratrol,B,100,
gras_notices,Sodium nitrite embedded on one side of a food packaging film at a maximum level of 113 milligrams per square meter,,"Intended to maintain the characteristic color of raw ground beef and raw whole muscle cuts of beef when vacuum packaged in the film, and to package other types of meat such as ground pork and whole muscle cuts of pork.",sodium,A,80,
gras_notices,Conjugated linoleic acid isomers,,"Intended for use as an ingredient in certain specified foods within the general categories of soy milk, meal replacement beverages and bars, milk products and fruit juices at levels up to 3 grams per serving.",cla,B,100,linoleic_acid(90)
gras_notices,Human lactoferrin purified from rice,,Ingredient in oral rehydration solutions that are medical foods intended for short-term consumption by children less than five years of age at levels up to one gram per liter of solution,lactoferrin,B,100,
gras_notices,High-selenium yeast,,"Ingredient in baked products, non-alcoholic beverages, breakfast cereals, grain products and pastas, milk products, processed fruits/fruit juices, processed vegetables/ vegetables juices, commercial soups and soup mixes ",selenium,A,80,
gras_notices,Menaquinone-7,,"As a nutrient supplement in dairy products, margarine substitutes, and dairy products including yoghurt, cottage cheese, hard cheeses, milk drinks and substitute products at levels up to 50 micrograms per day",vitamin_k,A,100,
gras_notices,Plant sterols and stanols from pine trees,,"Ingredient in multiple food categories including margarine and vegetable based spreads, yogurt and yogurt-like products, milk-based juice beverages, ice cream and non-standardized ice cream products, cream cheese and cre",phytosterols_total,B,100,
gras_notices,High-selenium yeast,,"Ingredient in baked products, non-alcoholic beverages, breakfast cereals, grain products and pastas, milk products, processed fruit and fruit juices, processed vegetables and vegetable juices, commercial soups and soup m",selenium,A,80,
gras_notices,Glycerophospholipid cholesterol acyltransferase (GCAT) enzyme preparation from Bacillus licheniformis expressing a modified GCAT gene from Aeromonas salmonicida subsp. salmonicida,,"As an enzyme to modify phospholipids to lyso-phospholipids and cholesterol ester in egg yolks to avoid product separation during mayonnaise production; processed meat products for emulsification, better consistency, and ",cholesterol,A,90,
gras_notices,"Triple salt of magnesium, ammonium, and potassium chloride, hexahydrate",,"As a substitute for a portion of the sodium chloride used in food in general, including meat, poultry, and egg products, but excluding infant formula",chloride,A,80,magnesium(80);potassium(80)
gras_notices,L-arginine,,"As an ingredient in a brine solution to be injected into beef subprimals, or mixed with ground beef to make beef patties. The brine solution contains levels of L-arginine between 0.2 - 0.6 percent",arginine,A,80,
gras_notices,Crystalline lutein,,"Ingredient in baked goods and baking mixes, beverages and beverage bases, breakfast cereals, chewing gum, dairy product analogs, fats and oils, frozen dairy desserts and mixes, gravies and sauces, hard candy, infant and ",lutein_zeaxanthin,A,100,
gras_notices,Haematococcus pluvialis extract containing astaxanthin esters,,"Ingredient in baked goods, beverages, cereals, chewing gum, coffee and tea, dairy product analogs, frozen dairy desserts and mixes, hard candy, milk products, processed fruits and fruit juices, processed vegetables and v",astaxanthin,B,90,
gras_notices,Lycopene from Escherichia coli expressing lycopene biosynthetic enzymes,,"Ingredient in baked goods and baking mixes, beverages and beverage bases, breakfast cereals, cheeses, frozen dairy desserts and mixes, milk products, processed fruits and fruit juices, snack foods, and soft candy",lycopene,A,100,
gras_notices,L-leucine,,"Ingredient in non-milk and milk based meal replacements, sports and isotonic beverages, vitamin enhanced waters, and meal replacement bars, at levels of 0.5 to 3 grams per serving",leucine,A,80,
gras_notices,Beta-glucan derived from Aureobasidium pullulans,,"Ingredient in baked goods and baking mixes, beverages and beverage bases, cereal and cereal products, dairy product analogs, milk and milk products, plant protein products, processed fruits and fruit juices, and soft can",beta_glucan,B,100,
gras_notices,Sodium potassium hexametaphosphate,,"Use in food generally, including meat and poultry products, to achieve a variety of technical effects in food at levels in accordance with current good manufacturing practice",potassium,A,80,sodium(80)
gras_notices,L-arginine,,"Component in a brine solution to be injected into whole muscle cuts of pork or poultry, or mixed with ground pork or poultry to make patties. The brine solution contains concentrations of L-arginine between 0.2 - 0.6 per",arginine,A,80,
gras_notices,"Palm oil-derived carotenoids with &beta;-carotene, &alpha;-carotene, &gamma;-carotene, and lycopene",,"Use in medical foods at a level of 180 milligrams of &beta;-carotene per day ; Ingredient in fats and oils, and margarine; canned green peas, canned mangoes, and mayonnaise; meatless bouillons and consomm&#233;; picked c",lycopene,A,100,
gras_notices,Arachidonic acid rich oil from M. alpina strain I49-N18,,"Provide arachidonic acid (ARA), at mean concentrations of 0.75 grams (g) per 100 g total fat for term infants and 0.40 g per 100 g total fat for preterm infants, when used in combination with a GRAS source of docosahexae",arachidonic_acid,A,100,
gras_notices,"Polysaccharide complex of konjac glucomannan (konjac), sodium alginate, and xanthan gum (polysaccharide complex KAX)",,"Ingredient in yogurts, milk shakes and fruit smoothie-type drinks, frozen yogurt, ice cream bars, puddings, white and whole wheat breads, cookies, breakfast bars, granola-type bars, noodles, whole wheat cereals, meatless",alginate,B,80,sodium(80)
gras_notices,Pine tree phytosterol esters,,"Ingredient in multiple food categories including margarine and vegetable-based spreads, yogurt and yogurt-like products, milk-based juice beverages, ice cream and non-standardized ice cream products, cream cheese and cre",phytosterols_total,B,100,
gras_notices,Quercetin,,"Ingredient in beverages and beverage bases, grain products and pastas, processed fruits and fruit juices, and soft candies at levels up to 500 milligrams per serving",quercetin,B,100,
gras_notices,Caffeine,,Flavoring ingredient in alcoholic beverages at levels of up to 200 parts per million,caffeine,A,100,
gras_notices,High-selenium yeast,,"Ingredient in yogurts, breads, instant cereals, breakfast and granola-type bars, soups, beverages, pastas, crackers, salty snacks, pretzels and popcorn Use in medical foods",selenium,A,80,
gras_notices,Eicosapentaenoic acid (EPA)-rich triglyceride oil from Yarrowia lipolytica,,Ingredient in food categories as listed in 21 CFR 184.1472(a)(3) at a maximum intake of 3.0 grams per person per day (g/p/d) EPA and not to be combined or augmented with any other food ingredient containing EPA and/or an,epa,A,100,
gras_notices,Haematococcus pluvialis extract containing astaxanthin esters,,"Ingredient in baked goods, beverages, cereals, chewing gum, coffee and tea, dairy product analogs, frozen dairy desserts and mixes, hard candy, milk products, processed fruits and fruit juices, processed vegetables and v",astaxanthin,B,90,
gras_notices,Calcium disodium ethylenediaminetetraacetic acid (EDTA) and disodium EDTA,,"Use alone or together as color, flavor, and/or texture retention agents in packaged cooked sweet corn products with or without sauce, including mixed vegetable and similar products that contain 8 to 50% corn by weight, a",calcium,A,80,
gras_notices,Phytic acid,,"As an antioxidant, chelating agent, and antimicrobial agent in beverages and beverage bases, milk products, processed vegetables, and vegetable juices at a level of 0.2% ; ; Use in limiting solubility reduction and provi",phytate,B,100,
gras_notices,Magnesium dihydrogen pyrophosphate (MDPP),,"As a stabilizer, leavening agent, and acidifying agent in self-rising flour, noodles (oriental style), batters and breading, processed cereals, and bakery products, at a level ranging from 2 grams per kilogram (g/kg) to ",magnesium,A,80,
gras_notices,Lutein,,"Ingredient in baked goods and baking mixes, beverages and beverage bases, breakfast cereals, chewing gum, dairy product analogs, egg products, fats and oils, frozen dairy desserts and mixes, gravies and sauces, hard cand",lutein_zeaxanthin,A,100,
gras_notices,Suspended lutein,,Ingredient in formulas intended for premature infants at levels up to 210 micrograms of lutein per liter of formula,lutein_zeaxanthin,A,100,
gras_notices,Vegetable oil and tall oil derived phytosterol and phytosterol ester formulations,,As an ingredient in baked goods and baking mixes; beverages and beverage bases; breakfast cereals; cheeses; coffee and tea; condiments and relishes; dairy product analogs; egg products; fats and oils; fish products; froz,phytosterols_total,B,100,
gras_notices,"Carnallite sea salt (magnesium chloride, potassium chloride, salt)",,"As a substitute for a portion of the sodium chloride used in food in general, including meat and poultry, but excluding infant formula",chloride,A,80,magnesium(80);potassium(80)
gras_notices,"Polysaccharide complex of konjac glucomannan (konjac), sodium alginate, and xanthan gum (polysaccharide complex KAX)",,"Use at levels up to seven percent as an ingredient to provide dietary fiber or to provide thickening or a stabilizing effect in yogurts, milk shakes and fruit smoothie-type drinks, frozen yogurt, ice cream bars, puddings",alginate,B,80,sodium(80)
gras_notices,Sulfuric acid and sodium sulfate,,As an acidifier or antimicrobial agent on meat and poultry to reduce levels of microorganisms and to prevent microbial growth,sodium,A,80,
gras_notices,L-lysine monohydrochloride,,To reduce the formation of acrylamide in fabricated snack products at use levels up to 1.5% (1.2% as lysine),lysine,A,80,
gras_notices,Lutein diacetate,,"As an ingredient in baked goods and baking mixes, beverages and beverage bases, breakfast cereals, chewing gum, dairy products analogs, fats and oils, frozen dairy desserts and mixes, gravies and sauces, hard candy, infa",lutein_zeaxanthin,A,100,
gras_notices,Calcium acid pyrophosphate,,As a leavening agent in baked products,calcium,A,80,
gras_notices,Cow's milk-derived lactoferrin,,Use as an ingredient in cow's milk-based term infant formulas at a level of 13 milligram per 100 milliliter (mg/mL) formula (ready-to-feed or prepared from powder or concentrate) and in other cow's milk-based products in,lactoferrin,B,100,
gras_notices,Lutein diacetate,,"As an ingredient in baked goods and baking mixes, beverages and beverage bases, breakfast cereals, chewing gum, dairy product analogs, fats and oils, frozen dairy desserts and mixes, gravies and sauces, hard candy, infan",lutein_zeaxanthin,A,100,
gras_notices,Beta-glucans from oat bran,,"As a source of fiber at levels resulting in 0.75 to 3.0 grams of beta-glucans per serving, in bars; beverages; whole grain and specialty breads; breakfast cereals; lite cookies; reduced fat crackers; lite gravies and sau",beta_glucan,B,90,
gras_notices,Sodium ferrous citrate,,Use in various food categories as a source of dietary iron for food enrichment and fortification purposes consistent with iron supplementation guidelines,sodium,A,80,
gras_notices,Calcium ascorbate with added threonate,,"As a source of ascorbic acid (vitamin C) in beverages and beverage bases, breakfast cereals, chewing gum, coffee and tea, grain products, processed fruits and fruit juices, and medical foods at levels of up to 500 millig",calcium,A,80,
gras_notices,Piperine derived from the fruits of Piper nigrum L (black pepper) or P. longum (long pepper),,As a flavoring agent in food,piperine,B,100,
gras_notices,Long-chain inulin,,"As an ingredient in term infant formulas, toddler formulas, and medical foods",inulin_fos,B,100,
gras_notices,Meso-zeaxanthin,,As an ingredient in a variety of food and beverage applications,lutein_zeaxanthin,A,100,
gras_notices,Benzalkonium chloride,,As a processing aid for lettuce and carrot products,chloride,A,80,
gras_notices,Phytosterols and phytosterol esters,,As an ingredient in foods,phytosterols_total,B,100,
gras_notices,Polyphenols from the fruit of Litchi chinensis Sonn. and from leaves of Camellia sinensis (L.) Sinensis,,As an ingredient in certain food catefories at levels ranging from 12 to 192 milligrams per serving.,total_polyphenols,B,100,
gras_notices,Magnesium L-threonate hydrate,,Use as a source of dietary magnesium in certain food categories [listed in the notice]at levels ranging up to 0.12 percent.,magnesium,A,80,
gras_notices,Conjugated linoleic acid isomers,,"For use as an ingredient in beverages and beverage bases, grain products and pasta, milk and milk products, and processed fruit and fruit juices at a level intended to no more than 1.5 grams per serving.",cla,B,100,linoleic_acid(90)
gras_notices,l-leucine,,"For use as an ingredient in milk and non-milk meal replacement beverages, sports beverages, and vitamin enhanced waters, and meal replacement bars at levels of use intended to provide between 1.5 and 3 g of added L-leuci",leucine,A,80,
gras_notices,Complexation products of sodium tartrates with iron (III) chloride,,For use as an anti-caking agent in salt at a maximum level of 12 parts per million.,chloride,A,80,sodium(80)
gras_notices,Potassium-rich extract from Saccharum officinarum L. (sugarcane),,Intended for use as an ingredient in fruit juice and flavored water at a maximum use level of 7.75%.,potassium,A,80,
gras_notices,Lutein,,"Intended for use in baked goods and baking mixes, beverages and beverage bases, breakfast cereals, chewing gum, dairy product analogs, egg substitute products, fats and oils, frozen dairy desserts and mixes, gravies and ",lutein_zeaxanthin,A,100,
gras_notices,Lutein esters,,"Intended for use in baked goods and baking mixes, beverages and beverage bases, breakfast cereals, chewing gum, dairy product analogs, egg substitute products, fats and oils, frozen dairy desserts and mixes, gravies and ",lutein_zeaxanthin,A,100,
gras_notices,Sodium salts of fatty acids from Mortierella alpina oil,,For use as a source of arachidonic acid in term infant formula at a maximum level of 5 percent of total dietary fat when used in combination with docosahexaenoic acid at a maximum level of 0.50 percent of total dietary f,sodium,A,80,
gras_notices,Meso-zeaxanthin,,"For use as an ingredient in baked goods and baking mixes, beverages and beverage bases, breakfast cereals, chewing gum, dairy product analogs, egg substitute products, fats and oils, frozen dairy desserts and mixes, grav",lutein_zeaxanthin,A,100,
gras_notices,Algal oil (40% docosahexaenoic acid) derived from Schizochytrium sp.,,For use as an ingredient in preterm and term infant formula at a maximum use level of 1.25% of dietary fat (maximum of 0.5% of total fat as docosahexaenoic acid).,dha,A,100,
gras_notices,Pectin esterase from Aspergillus tubingensis expressed in Trichoderma reesei,,"For use in fruit and vegetable processing, wine, coffee and flavoring production, and grain treatment at GMP use levels.",pectin,B,100,
gras_notices,Galacto-oligosaccharides (GOS),,"For use as an ingredient in term infant formula, and follow-on formula at a use level providing up to 7.2 g of GOS per liter of reconstituted or ready to consume product.",gos,B,90,
gras_notices,Magnesium lactate,,For use as a source of dietary magnesium in fruit flavored beverages at a level intended to provide 25.2 milligrams of magnesium lactate per serving.,magnesium,A,80,
gras_notices,Calcium disodium ethylenediaminetetraacetate (EDTA),,"For use in soft drinks, coffees and teas, flavored coffees and teas, concentrated flavor enhancer drops, energy drinks, enhanced water beverages, flavored milk beverages, fruit juice and juice drinks, sports drinks, and ",calcium,A,80,
gras_notices,Oligofructose and inulin,,For use in exempt powdered amino-acid based term infant formula used for the dietary management of food allergies at a level not to exceed 6.8 grams per liter as consumed.,inulin_fos,B,100,
gras_notices,Haematococcus pluvialis extract containing astaxanthin esters,,"Ingredient in baked goods and baking mixes, beverages and beverage bases, energy, sports and isotonic drinks, non-milk based meal replacements, cereals and cereal products, chewing gums, coffee, tea, dairy product analog",astaxanthin,B,90,
gras_notices,Taurine,,For use as an ingredient in enhanced water beverages at a concentration of 45 parts per million (0.0045%).,taurine,B,100,
gras_notices,Zeaxanthin from Capsicum annum (paprika),,"For use as an ingredient in baked goods and baking mixes, beverages and beverage bases, breakfast cereals, chewing gum, dairy products analogs, fats and oils, frozen dairy desserts and mixes, gravies and sauces, hard can",lutein_zeaxanthin,A,100,
gras_notices,Hydroxytyrosol,,"Intended for use as an antioxidant and antimicrobial in beverages, fats and oils, fresh and processed fruits and vegetables and juices, and gravy and sauces at use levels of 5.0 milligrams per serving.",hydroxytyrosol,B,90,
gras_notices,"Fractionated whey protein isolate containing cows milk derived lactoferrin, lactoperoxidase, and transforming growth factor &beta;2",,For use as an ingredient in meal replacement beverages at levels up to 100 milligrams (mg) per serving (240 milliliter) and in medical foods at varying levels so that resulting intake of ingredient does not exceed 610 mg,lactoferrin,B,100,
gras_notices,"Fractionated whey protein isolate containing cows milk derived lactoferrin, lactoperoxidase, and transforming growth factor &beta;2",,"For use as an ingredient in powdered, nonexempt term infant formulas and toddler formulas at levels up to 30 milligrams per 100 gram of powdered formula.",lactoferrin,B,100,
gras_notices,Chromium polynicotinate,,For use as an ingredient in enhanced water beverages at a maximum use level of 575 micrograms per liter.,chromium,A,80,
gras_notices,Calcium chloride,,For use in the manufacturing of potato snacks to reduce the formation of acrylamide at use levels of 1 percent or less.,calcium,A,80,chloride(80)
gras_notices,Nicotinamide riboside chloride,,"Source of vitamin B3 in vitamin waters, protein shakes, nutrition bars, gum, chews, and powdered beverages at a maximum level of 0.0057% by weight as consumed.",vitamin_b3,A,100,chloride(80)
gras_notices,Zeaxanthin from marigold,,"For use as an ingredient in baby and toddler foods, candies, cereals, dairy products, soups, and beverages at up to 300 micrograms of zeaxanthin per serving",lutein_zeaxanthin,A,100,
gras_notices,Fucoidan concentrate from Fucus vesiculosus,,"Intended for use as an ingredient in baked goods (bread, cake, noodles), soups, snack foods, imitation dairy products, and seasonings and flavors at use levels up to 30 milligrams per serving.",fucoidan,B,80,
gras_notices,Chondroitin sulfate sodium,,"Intended for use as an ingredient in beverage and beverage bases, milk and milk products, and chewing gum at levels ranging from 50 to 200 milligrams per serving.",sodium,A,80,
gras_notices,Sodium formate,,"Intended to be used to support the growth of Streptococcus, Lactobacillus, and Leuconostoc species in fermented dairy and soy products at levels not to exceed 20 parts per million.",sodium,A,80,
gras_notices,Cows milk-derived lactoferrin,,"Ingredient in cows milk-based non-exempt infant formula for term infants at a level of 100 mg/100 g formula solids, which corresponds to approximately 13-14 mg/100 mL infant formula (ready-to-feed (RTF) or prepared for c",lactoferrin,B,100,
gras_notices,Docosahexaenoic acid oil produced in Schizochytrium sp.,,Intended for use as an ingredient in exempt (pre-term) and non-exempt (term) infant formula (ages from birth to 12 months) in accordance with current good manufacturing practices and in combination with a source of arach,dha,A,100,
gras_notices,Curcumin from turmeric (Curcuma longa L.),,"Intended for use as a nutrient supplement in yogurt, nutrition bars, smoothies, and medical foods) at levels intended to provide up to 60 milligrams of curcumin per serving",curcumin,B,100,
gras_notices,Corn oil (by-product of ethanol production),,"For use as an ingredient in food where vegetable oil would be used, such as in baked goods and confections, and in processes where standard oil would be used, such as frying and cooking.",ethanol,B,80,
gras_notices,Calcium acid pyrophosphate,,"Leavening agent, stabilizer, dough strengthener, texturizer, and acidifier in self-rising flours, noodles (Asian), batters and breadings, breads (baguettes and rolls; bread crumbs), processed cereals, bagels, tortillas, ",calcium,A,80,
gras_notices,Benzalkonium chloride,,As a processing aid for lettuce and carrot products,chloride,A,80,
gras_notices,Docosahexaenoic acid oil produced in Schizochytrium sp.,,For use as an ingredient in term and pre-term infant formula at a maximum level of 0.5% total fat as docosahexaenoic acid and in combination with a safe and suitable source of arachidonic acid. The ratio of DHA to ARA wo,dha,A,100,
gras_notices,Docosahexaenoic acid oil produced in Schizochytrium sp.,,For use as an ingredient in the same food categories as those listed in 21 CFR 184.1472(a)(3) (menhaden oil) at maximum use levels that are 22.22% of those specified in the regulation.,dha,A,100,
gras_notices,Calcium lactate,,For use in the manufacturing of potato and vegetable snacks and sweetened cookies to reduce the formation of acrylamide at a proposed use level of up to 4% in the finished product.,calcium,A,80,
gras_notices,3'-sialyllactose sodium salt,,"For use as an ingredient in non-exempt term infant formula at a maximum level of 238 mg/L as consumed. Also for use as an ingredient in dairy product analogs, infant and toddler foods, milk (whole and skim), milk product",sodium,A,80,
gras_notices,Vitamin C (fruit and vegetable derived),,Intended for use as a substitute for other commercially available forms of ascorbic acid used in accordance with cGMPs.,vitamin_c,A,80,
gras_notices,Potassium polyaspartate,,Intended for use as a stabilizer in wine at levels up to 300 mg/L.,potassium,A,80,
gras_notices,Algal oil (35% docosahexaenoic acid) from Schizochytrium sp. strain FCC-1324,,Ingredient in non-exempt and exempt infant formulas for term and pre-term infants at use levels up to 0.5% (wt/wt) of fatty acids as DHA in combination with a safe and suitable source of arachidonic acid (ARA) at a ratio,dha,A,100,
gras_notices,Algal oil (55% docosahexaenoic acid) from Schizochytrium sp. strain FCC-3204,,Ingredient in non-exempt and exempt infant formulas for term and pre-term infants at use levels up to 0.5% (wt/wt) of fatty acids as DHA in combination with a safe and suitable source of arachidonic acid (ARA) at a ratio,dha,A,100,
gras_notices,Alpha-tocopherol (fruit and vegetable derived),,"Intended for use as a substitute for other commercially available forms of vitamin E in foods generally, including baby foods for infants from 6 to 12 months of age and children from one to four years old, and excluding ",vitamin_e,A,100,
gras_notices,Calcium chloride,,Intended for use as an anti-browning agent in processed fruits and vegetables,calcium,A,80,chloride(80)
gras_notices,Calcium propionate,,Intended for use as an anti-browning agent in processed fruits and vegetables,calcium,A,80,
gras_notices,Orange extract (85% hesperidin),,"For use as an ingredient in flavored milk and imitation milk drinks, dry powdered milk mixtures (not reconstituted), yogurt, coconut beverages, cookies, cereal, cereal/granola/nutrition bars, fruit/fruit flavored and veg",hesperidin,B,90,
gras_notices,Serine endopeptidase from Malbranchea cinnamomea produced in Trichoderma reesei,,For use as an enzyme to be used in the processing of partially or extensively hydrolyzed proteins from both animal and vegetable sources at a recommended level of 10 mg TOS/kg RM.,serine,A,80,
gras_notices,Curcumin,,"For use as an ingredient in a variety of food categories, excluding infant formula and foods under the jurisdiction of USDA, at levels ranging from 0.5 to 100 mg/100g.",curcumin,B,100,
gras_notices,Algal oil (50-60% docosahexaenoic acid) from Schizochytrium sp. HS01,,"For use as an ingredient in gelatin desserts or salads, and vegetable oils at levels ranging from 0.33 to 3%.",dha,A,100,
gras_notices,Algal oil (35% docosahexaenoic acid) from Schizochytrium sp. strain FCC-1324,,"Ingredient in food categories listed in 21 CFR 184.1472(a)(3) at levels up to 50% of the levels specified in 21 CFR 184.1472(a)(3) and as the sole added source of DHA in any given food category and, if blended with anoth",dha,A,100,
gras_notices,Algal oil (55% docosahexaenoic acid) from Schizochytrium sp. strain FCC-3204,,"Ingredient in food categories listed in 21 CFR 184.1472(a)(3) at levels up to 35% of the levels specified in 21 CFR 184.1472(a)(3) and as the sole added source of DHA in any given food category and, if blended with anoth",dha,A,100,
gras_notices,Inulin from artichoke,,"For use as a bulking agent, sugar replacer, humectant, fat-replacer and texture modifier in multiple food categories, excluding infant formula, at either 0.35 g/serving in the case of the syrup form, or 0.25 g/serving in",inulin_fos,B,100,
gras_notices,Algal oil (40% docosahexaenoic acid) from Schizochytrium sp. strain ONC-T18,,Algal oil is intended for use in milk- and soy-based non-exempt infant formula for term infants and milk- and soy-based exempt infant formula for pre-term infants at levels up to 0.5% (w/w) of total fat as DHA with the p,dha,A,100,
gras_notices,3'-sialyllactose sodium salt,,"Ingredient at levels up to 0.2 g/L in cows milk-based, non-exempt infant formula for term infants; 0.15 g/L in beverages and formula for young children (>12 months of age); 1.25 g/kg in foods for infants and young childr",sodium,A,80,
gras_notices,6'-sialyllactose sodium salt,,Ingredient at levels up to 0.4 g/L in non-exempt infant formula for term infants; 1 0.3 g/L in beverages and formula for young children (>12 months of age); 2.5 g/kg in foods for infants and young children; 5 g/kg in yog,sodium,A,80,
gras_notices,Menaquinone-7,,Ingredient and as a nutrient according to 21 CFR 170.3(o)(20) in nutritional beverage products intended for consumers ages 1-13 years at a use level of 4 &microg/serving.,vitamin_k,A,100,
gras_notices,Spermidine rich wheat germ extract,,As an ingredient in food bars and yogurt at levels up to 2.7 grams per serving.,spermidine,B,90,
gras_notices,Glucosyl hesperidin,,"Intended for use as a source of antioxidants, a coloring adjunct, flavor enhancer, and flavoring agent and adjuvant in beverages and beverage bases, coffee and tea, hard candy and cough drops, milk products, processed fr",hesperidin,B,90,
gras_notices,Alpha-linolenic acid diacylglycerol,,"Intended for use as a partial replacement for edible salad oils and other dressings sprayed onto salads, vegetables and other finished foods at a level of 2.5 g per serving.",ala,A,100,
gras_notices,Calcium L-methylfolate,,Intended for use in non-exempt and exempt infant formulas as a partial or complete replacement for folic acid as a source of the vitamin folate.,calcium,A,80,
gras_notices,3'-sialyllactose sodium salt,,"Intended for use as an ingredient in cow milk-based, non-exempt infant formula for term infants at a level of 0.28 g/L.",sodium,A,80,
gras_notices,6'-sialyllactose sodium salt,,"Intended for use as a substitute for other forms of 6-SL in cows milk-based, non-exempt infant formula for term infants at a level of 0.4 g/L.",sodium,A,80,
gras_notices,Creatine monohydrate,,"Intended for use as an ingredient in energy drinks, protein bars and powders, milk shakes, meal replacement bars and powders, meat analogs, and dry powdered drink mixes at a level of 1.2 grams (g)/serving (equivalent to ",creatine,B,100,
gras_notices,Fungal oil (&ge;40% arachidonic acid) from Mortierella alpina strain AF,,"Intended for use as an ingredient in cow milk- and soy-based, non-exempt infant formula for term infants and exempt infant formula for pre-term infants at levels of 0.75 g/100 g total fat for term infants and 0.40 g/100 ",arachidonic_acid,A,100,
gras_notices,Fungal oil (&ge;40% arachidonic acid) from Mortierella alpina,,Intended for use as an ingredient in cow milk-and soy-based non-exempt infant formulas for term infants at levels providing up to 0.75% of fat as arachidonic acid (ARA) and in exempt infant formula for pre-term infants a,arachidonic_acid,A,100,
gras_notices,Pectin hydrolysate from carrot pomace,,"Intended for use as an ingredient at a maximum level of 25 grams per 100 grams of food in nonalcoholic beverages and beverage bases, breakfast cereals, dairy product analogs, grain products and pastas, baby food, milk pr",pectin,B,100,
gras_notices,Sodium hyaluronate,,"Intended for use as an ingredient in fruit drinks/ades, carbonated soft drinks, candy, milk drinks, yogurt, and ready-to-eat cereals at levels ranging from 40-60 mg/serving.",sodium,A,80,
gras_notices,Pectin esterase enzyme preparation produced by Aspergillus oryzae expressing a pectin esterase gene from A. tubingensis,,"Intended for use as an enzyme at up to 26 mg Total Organic Solids (TOS) per kg raw material, in the processing of fruits, vegetables, coffee, wine and flavoring.",pectin,B,100,
gras_notices,Algal oil (&ge;45% docosahexaenoic acid) from Aurantiochytrium limacinum TKD-1,,For use as an ingredient in the same food categories as those listed in 21 CFR 184.1472(a)(3) (Menhaden oil) at use levels that are no more than 18% of the levels specified for menhaden oil in that regulation. ATK Biotec,dha,A,100,
gras_notices,3'-sialyllactose sodium salt,,Intended for use as an ingredient at 0.28 g/L in formulas for young children (> 12 months); 0.9 g/L in milk- and soy-based meal replacement beverages for children and meal replacements drinks for adults; 1.0 g/kg in inst,sodium,A,80,
gras_notices,6'-sialyllactose sodium salt,,Intended for use as an ingredient at 0.4 g/L in formulas for young children (> 12 months); 2.28 g/L in milk-based meal replacement beverages for children and meal replacements drinks for adults; 1.5 g/kg in instant and r,sodium,A,80,
gras_notices,Complexation products of iron with sodium citrate,,Intended for use as an anti-caking agent in salt at a maximum use level of 135 mg/kg (or 30 mg/kg as iron).,sodium,A,80,
gras_notices,Menaquinone-7 derived from a specific strain of Bacillus subtilis natto,,"Intended for use as an ingredient in beverages and beverage bases, breakfast cereals, cheeses, fats and oils, frozen dairy desserts, grain products and pastas, milk, milk products, processed fruits and fruit juices, and ",vitamin_k,A,100,
gras_notices,Calcium disodium ethylenediaminetetraacetic acid,,Intended for use as a color retention agent for canned abalone in brine. The concentration of calcium disodium EDTA in the canned abalone is up to 250 mg/kg.,calcium,A,80,
gras_notices,3'-sialyllactose sodium salt,,"Intended for use as an ingredient in non-exempt infant formula for term infants and formulas for young children (>12 months) at a level of 0.24 g/L, as consumed; in drinks for infants and young children at 0.15-1.0 g/L; ",sodium,A,80,
gras_notices,6'-sialyllactose sodium salt,,"Intended for use as an ingredient in non-exempt infant formula for term infants at a level of 0.40 g/L of formula as consumed; in toddler formulas at a level of 0.50 g/L, as consumed; in infant and toddler drinks at 2.1 ",sodium,A,80,
gras_notices,3'-sialyllactose sodium salt,,"Intended for use as an ingredient in non-exempt infant formula for term infants at a level up to 0.28 g/L, as consumed, and in other food categories at the maximum levels specified.",sodium,A,80,
gras_notices,6'-sialyllactose sodium salt,,Intended for use as an ingredient in non-exempt infant formula for term infants at a maximum level of 0.4 g/L. 6'-SL will also be used as an ingredient at a maximum level of 0.3 g/L in beverages and formula for young chi,sodium,A,80,
gras_notices,Fungal oil (&ge;40% arachidonic acid (ARA)) from Mortierella alpina strain AF,,"Intended for use as an ingredient in cow milk- and soy-based, non-exempt infant formula for term infants at levels providing up to 0.75% of fat as ARA and in exempt infant formula for pre-term infants at levels providing",arachidonic_acid,A,100,
gras_notices,Algal oil (&ge;35% docosahexaenoic acid) from Schizochytrium sp.,,Intended for use as an ingredient at levels up to 2.4% in the food categories listed in 21 CFR 184.1472(a)(3) (Menhaden oil).,dha,A,100,
gras_notices,Algal oil (&ge;35% docosahexaenoic acid) from Schizochytrium sp. FJRK-SCH3,,Intended for use as an ingredient in the same food categories as those listed in 21 CFR 184.1472(a)(3) (Menhaden oil) at use levels that are no more than 28.57% of the levels specified for menhaden oil in that regulation,dha,A,100,
gras_notices,Fungal oil (&ge;38% arachidonic acid (ARA)) from Mortierella alpina FJRK-MA01,,"Intended for use as an ingredient in cow milk-, goat milk-, soy-, amino acid-, and extensively hydrolyzed protein-based, non-exempt infant formula for term infants and exempt infant formula for pre-term and low birthweig",arachidonic_acid,A,100,
gras_notices,High-selenium Saccharomyces cerevisiae yeast,,"Intended for use as a nutrient in non-exempt infant formula for term infants at use levels ranging from 2.0 - 7.0 &micro;g selenium/100 kcal infant formula, intended to comply with use levels of selenium established in 2",selenium,A,80,
gras_notices,Hydroxytyrosol,,"Intended for use as an antioxidant at levels of 5 mg per serving in ready-to-drink beverages (sports drinks, energy drinks, nutritional drinks and shakes, fruit-flavored drinks and flavored waters); and at levels of 10 m",hydroxytyrosol,B,90,
gras_notices,L-carnitine-L-tartrate,,Intended for use as an ingredient in non-exempt formulas for term infants at a level of 11 mg/L of the infant formula as consumed.,carnitine,B,100,
gras_notices,Algal oil (&ge;36% docosahexaenoic acid) from Schizochytrium sp. strain DHF,,"For use as an ingredient in the same food categories as those currently listed in 21 CFR 184.1472(a)(3) (Menhaden oil),* at use levels of algal oil (&GreaterEqual;36% DHA) that are no more than 27.78% of the levels speci",dha,A,100,
gras_notices,Hydroxytyrosol,,"As an antioxidant at a level of 5 to 10 mg per serving in bakery products (snack crackers, croutons, grain-based bars with or without filling or coating, protein-based meal replacement and energy bars); beverages (sports",hydroxytyrosol,B,90,
gras_notices,Algal oil (36% docosahexaenoic acid) from Schizochytrium sp. strain DHF,,"Ingredient in the same food categories as those currently listed in 21 CFR 184.1472(a)(3) (Menhaden oil), at use levels of algal oil (&ge;36% DHA) that are no more than 27.775% of the levels specified for menhaden oil in",dha,A,100,
gras_notices,Hydroxytyrosol,,"For use as an antioxidant in bakery products; beverages; dairy products and substitutes; desserts; fats and oils; fruit juices and nectars; dry seasoning mixes for meat, poultry and fish; chewing gum; sauces, dips, gravi",hydroxytyrosol,B,90,
gras_notices,Sodium thiocyanate,,"For use in the lactoperoxidase system. The lactoperoxidase system is used in fresh cheese, including mozzarella and cottage cheeses, frozen dairy desserts, fermented milk, flavored milk drinks, and yogurt.",sodium,A,80,
gras_notices,Calcium acetate,,"Firming agent, flavor enhancer, nutrient supplement, pH control agent, processing aid, sequestrant, stabilizer, thickener, and texturizer with no limitations other than current good manufacturing practices.",calcium,A,80,
gras_notices,Sodium thiocyanate,,"Intended for use in the lactoperoxidase system. The lactoperoxidase system is used in fresh cheese including mozzarella and cottage cheeses, frozen dairy desserts, fermented milk, flavored milk drinks, and yogurt.",sodium,A,80,
gras_notices,Inulin from Agave tequilana,,"Intended for use as a bulking agent, texturizing agent, or source of reduced energy carbohydrate in foods generally (excluding meat and poultry products, and infant formula) at levels not to exceed the amount reasonably ",inulin_fos,B,100,
gras_notices,Galacto-oligosaccharides (GOS),,"Intended for use in powdered non-exempt term infant formulas, selected conventional foods, coffees, and teas at levels not exceeding 7.2 grams per liter in reconstituted infant formula and 11 grams per serving in selecte",gos,B,90,
gras_notices,Inulin from Agave tequilana,,"For use as a bulking agent and sweetener in foods in general, excluding meat and poultry, infant formula, and baby foods.",inulin_fos,B,100,
gras_notices,Cow's milk-derived lactoferrin,,"As an ingredient in cow's milk-based term infant formulas at a levels of 100 milligrams (mg) per 100 grams (g) powdered formulas, 26 mg per 100 milliliters (ml) liquid concentrates, and 13 mg /100ml ready-to-feed formula",lactoferrin,B,100,
gras_notices,Cow's milk-derived lactoferrin,,"As an ingredient in cow's milk-based food products, including yogurt (100 milligrams (mg) per 100 grams (g)), powdered milk (400 mg/100 g), and ice cream and sherbets (200 mg/100 g), and in chewing gum (30 mg/g)",lactoferrin,B,100,
gras_notices,Calcium acetate,,"Intended for use as an antimicrobial agent at a maximum use level of 0.2% in baked goods, gelatins, puddings, and fillings; 0.15% in sweet sauces, toppings, and syrups, 0.02% in cheese; and 0.0001% for all other food cat",calcium,A,80,
gras_notices,6'-sialyllactose sodium salt,,Intended for use as an ingredient in non-exempt infant formula for term infants at a level of 0.34 g/L of formula as consumed; in formula intended for young children (ages 1-3 years) at a level of 0.34 g/L as consumed; i,sodium,A,80,
gras_notices,Hydroxytyrosol,,"Intended for use as an antioxidant at levels of 5 mg per serving in ready-to-drink beverages (sports drinks, energy drinks, milk-based meal replacements, fruit-flavored drinks and flavored waters); in fats and oils (butt",hydroxytyrosol,B,90,
gras_notices,Algal oil (&ge;35% docosahexaenoic acid) from Schizochytrium limacinum A2,,Intended for use as an ingredient in the food categories listed in 21 CFR 184.1472(a)(3) (Menhaden oil) at levels up to 20% of the levels specified for menhaden oil in that regulation. HuveNutra states that if algal oil ,dha,A,100,
gras_notices,Algal oil (&ge;40% docosahexaenoic acid) from Aurantiochytrium limacinum CCAP A1,,Intended for use as an ingredient in the food categories listed in 21 CFR 184.1472(a)(3) (Menhaden oil) at levels up to 20% of the levels specified for menhaden oil in that regulation. HuveNutra states that if algal oil ,dha,A,100,
gras_notices,Recombinant bovine lactoferrin isolate produced by Komagataella phaffii M020 expressing the gene encoding bovine lactoferrin,,Intended for use as an ingredient in chewing gum at levels up to 3%; dairy and non-dairy ice cream and frozen desserts at levels up to 0.2%; non-dairy milk at levels up to 0.04%; powdered milk at levels up to 0.4%; nutri,lactoferrin,B,100,
gras_notices,Algal oil (&ge;40% docosahexaenoic acid) from Aurantiochytrium limacinum H Sc-01,,Intended for use as an ingredient in the same food categories as those listed in 21 CFR 184.1472(a)(3) (Menhaden oil) at use levels that are no more than 25% of the levels specified for menhaden oil in that regulation. S,dha,A,100,
gras_notices,"Fungal oil (&ge;38% arachidonic acid (ARA)) from Mortierella alpina ""FJRK-MA01""",,"Intended for use as an ingredient in cow milk-, goat milk-, soy-, amino acid-, and extensively hydrolyzed protein-based, non-exempt infant formula for term infants and exempt infant formula for pre-term and low birthweig",arachidonic_acid,A,100,
gras_notices,"Algal oil (&ge;35% docosahexaenoic acid) from Schizochytrium sp. "" FJRK-SCH3""",,Intended for use as an ingredient in the same food categories as those listed in 21 CFR 184.1472(a)(3) (Menhaden oil) at use levels that are no more than 28.57% of the levels specified for menhaden oil in that regulation,dha,A,100,
gras_notices,Deactivated alkaline serine protease produced by Bacillus licheniformis strain CICC 10266,,Intended for use as a source of low (less than 25 mg phenylalanine per serving) phenylalanine protein in nutritionally complete medical food in the diet of individuals with phenylketonuria (PKU) ages one year and older. ,serine,A,80,
gras_notices,Bakers yeast beta-glucan,,"Ingredient in a variety of food products including baked goods and baking mixes, beverages and beverage bases, cereals and cereal products, dairy product analogs, milk and milk products, plant protein products, processed",beta_glucan,B,100,
gras_notices,Fucoidan from Undaria pinnatifida,,"For use in baked goods (bread, cake, noodles), soups, snack foods, imitation dairy products, and seasonings and flavors at use levels up to 30 milligrams per serving.",fucoidan,B,80,
gras_notices,Fungal oil (&ge;40% arachidonic acid (ARA)) from Mortierella alpina strain TKA-1,,"Intended for use as an ingredient in cow milk- and soy-based, non-exempt infant formula for term infants at levels providing up to 0.75% of fatty acids as ARA and in exempt infant formula for pre-term infants at levels p",arachidonic_acid,A,100,
gras_notices,Copper(II) ion,,"Intended for use as an antimicrobial agent in polyolefin food packaging at a maximum level of 100 mg/m2. The packaging is intended to be used for fresh beef, fresh poultry, fresh pork, sausage, deli meat, fresh salmon an",copper,A,80,
gras_notices,6'-Sialyllactose sodium salt,,"Intended for use as an ingredient in non-exempt infant formula for term infants and formula for young children (&gt;12 months) at a maximum level of 0.40 g/L and 0.5 g/L (as consumed), respectively, and in other food cat",sodium,A,80,
gras_notices,Recombinant bovine lactoferrin isolate produced by Komagataella phaffii Ppas_337 expressing the gene encoding bovine lactoferrin,,As an ingredient in foods at the maximum levels shown in Table 1 of the response letter.,lactoferrin,B,100,
gras_notices,Algal oil (&ge;45% docosahexaenoic acid from Schizochytrium sp. JDW-108),,Intended for use as an ingredient in the food categories listed in 21 CFR 184.1472(a)(3) (Menhaden oil) at use levels that are no more than 22.22% of the levels specified for menhaden oil in that regulation (excluding us,dha,A,100,
gras_notices,Lycopene preparation produced by Saccharomyces cerevisiae JZL03,,Intended for use as an ingredient at levels ranging from 5 mg/kg to 575 mg/kg in a variety of food categories (excluding use in infant formula and products under the jurisdiction of the United States Department of Agricu,lycopene,A,100,
gras_notices,Algal oil (&ge;35% docosahexaenoic acid) from Schizochytrium limacinum CCAP A2,,Intended for use as an ingredient in the same food categories listed in 21 CFR 184.1472(a)(3) (Menhaden oil) at levels up to 20% of the levels specified for menhaden oil in that regulation. HuveNutra states that if algal,dha,A,100,
gras_notices,L-carnitine-L-tartrate,,"Intended for use as an ingredient in cow or goat milk-based, non-exempt infant formula for term infants at a maximum level of 0.88 mg/100 kcal, providing 0.6 mg L-carnitine/100 kcal.",carnitine,B,100,
gras_notices,Zeaxanthin produced via fermentation using production strain Yarrowia lipolytica CGMCC 39021,,Intended for use as an ingredient in the food categories at the maximum levels shown in Table 1 of the response letter.,lutein_zeaxanthin,A,100,
gras_notices,3?-sialyllactose sodium salt produced via fermentation using production strain Escherichia coli SLIS109,,"As an ingredient in foods, including infant formula, at the maximum levels shown in Table 1 in the response letter.",sodium,A,80,
fcn,"Silver sodium hydrogen zirconium phosphate, rhombohedral framework structure, of the general formula AgxNayHzZr2(PO4)3 with x=(0.1-0.5); y=(0.1-0.8); z=(0.1-0.8)",,Antimicrobial additive for polymeric food-contact materials,sodium,A,80,
fcn,"Industrial starch modified by treatment with greater than 5% and not more than 21% by weight 2,3-epoxypropyl trimethylammonium chloride (CAS Reg. No. 3033-77-0)",,For use as a retention aid and/or drainage aid and/or dry-strength agent employed prior to the sheet-forming operation in the manufacture of food-contact paper and paperboard,chloride,A,80,
fcn,Sodium acrylate/styrene sulfonate copolymer,,As an antiscalant boiler water treatment where steam from treated boilers may contact food.,sodium,A,80,
fcn,"Tin-based alloy, ASTM B23-49 Grade 1, for filling bearings made from extruded or molded carbon and graphite, which has the following composition: Tin (Balance); Antimony (4.0-5.0%); Copper (4.0-5.0%); Lead (0.004% maximum); Iron (0.05% maximum); Aluminum (0.005% maximum); Zinc (0.005% maximum); Arsenic (0.005% maximum); Bismuth (0.005% maximum); Total other elements (<0.005% maximum).",,"For use to fill bearings, made from extruded or molded carbon and graphite, intended for use in pumps, baking ovens and equipment for transporting or handling of food products.",copper,A,80,
fcn,"1-Naphthalenesulfonic acid, 2-((4,5-dihydro-3-methyl-5-oxo-1-(3-sulfophenyl)-1H-pyrazol-4-yl) azo)-, calcium and/or strontium salt (1:1)(C.I. Pigment Yellow 209 and C.I. Pigment Yellow 209:1)",,As colorants for all polymers intended for food-contact applications.,calcium,A,80,
fcn,Copolymer of the sodium salt of acrylic acid with polyethyleneglycol allyl ether (CAS Reg. No. 137898-98-7),,For use in boiler water additives complying with 21 CFR 173.310.,sodium,A,80,
fcn,"A grafted copolymer of cross-linked sodium polyacrylate identified as 2-propenoic acid, polymers with N,N-di-2 propenyl-2-propen-1-amine and hydrolyzed polyvinyl acetate, sodium salts, graft (CAS Reg. No. 166164-74-5)",,For use as an absorptive medium in absorbent pads employed in the packaging of refrigerated or frozen red meat.,sodium,A,80,
fcn,"Zeolite A in which silver, zinc and ammonium ions have been exchanged for sodium ions. The silver content of the modified zeolite shall not exceed 2.5 percent by weight.",,As an antimicrobial agent to supplement the sterilization of aseptic food-contact polymers.,sodium,A,80,
fcn,Alpha -sulfo -&omega;-(dodecyloxy)poly(oxyethylene) sodium salt (CAS Reg. No. 9004-82-4).,,For use as an emulsifier in the production of acrylic and modified acrylic polymers and vinyl acetate copolymers used as pigment binders in coatings for paper and paperboard that contact aqueous and fatty foods.,sodium,A,80,
fcn,"Ion exchange resin which is a terpolymer of styrene, divinyl benzene and ethylvinyl benzene, aminomethylated, then quarternized with methyl chloride (CAS Reg. No. 113114-05-9).",,For use in treating aqueous sugar solutions and hydrolyzed starch solutions.,chloride,A,80,
fcn,"Amorphous hydrogenated carbon coating produced from acetylene as the carbon source in a microwave plasma. The coating is formed at reduced pressure with 0.1 mbar acetylene using microwave energy, followed by an air rinse.",,"A technology used to produce an amorphous hydrogenated carbon coating for food-contact containers to provide an improved barrier to permeation of the polyethylene terephthalate (PET) bottle by oxygen, carbon dioxide, and",energy,A,80,
fcn,Diallyldimethylammonium chloride polymer with acrylamide (CAS Reg. No. 26590-05-6). The copolymers are produced by copolymerizing diallyldimethylammonium chloride with acrylamide in weight ratios ranging from 85/15 to up to but not including 50/50 diallyldimethylammonium chloride/acrylamide.,,For use only as a drainage and/or retention aid employed prior to the sheet-forming operation in the manufacture of food-contact paper and paperboard.,chloride,A,80,
fcn,"Polyethylene glycol mono-isotridecyl ether sulfate, sodium salt (CAS Reg. No. 150413-26-6).",,"As a surfactant in latex formulations used in pigment binders for paper and paperboard intended to contact aqueous, acidic, and low-alcohol foods.",sodium,A,80,
fcn,"2-Propenoic acid, 2-methyl, monoester with 1,2-propanediol, polymer with methyl 2-propenoate, 2-propenoic acid and sodium 2-propenoate (CAS Reg. No. 117675-55-5), manufactured and characterized as described in the notification.",,As a fluid absorbent in food-contact materials.,sodium,A,80,
fcn,Sodium acrylate/styrene sulfonate copolymer.,,As an antiscalant boiler water treatment where steam from treated boilers may contact food.,sodium,A,80,
fcn,Sodium zeolite A (CAS Reg. No. 68989-22-0).,,"As a costabilizer for polyvinyl chloride plastics intended for single and repeated use in contact with food, at levels not to exceed 5 percent by weight of the finished food-contact article.",sodium,A,80,
fcn,"2-Acrylamido-2-methylpropanesulfonic acid, in its free acid form (CAS Reg. No. 15214-89-8), and its sodium (CAS Reg. No. 5165-97-9), calcium (CAS Reg. No. 95176-15-1), potassium (CAS Reg. No. 52825-28-2), ammonium (CAS Reg. No. 58374-69-9), and lithium (CAS Reg. No. 77817-87-9) salts.",,"The FCS will be used as a comonomer in the production of homopolymers and copolymers polymerized with other monomers listed in 21 CFR 175.105(c)(5) and 21 CFR 176.180(b)(2) under the subcategory for ""Polymers: Homopolyme",calcium,A,80,potassium(80);sodium(80)
fcn,"2-Pyridinethiol-1-oxide, sodium salt (CAS Reg. No. 3811-73-2).",,To be used as an antimicrobial agent in adhesives and in components of adhesives in paper towels for use in contact with aqueous and fatty foods.,sodium,A,80,
fcn,"Silver zinc zeolite, a mixture of silver-magnesium-zinc-calcium phosphate sodium alumino silicate, zinc oxide (CAS Reg. No. 1314-13-2), and hydrotalcite (CAS Reg. No. 12304-65-3).",,The FCS will be used as an antimicrobial agent in all types of food-contact polymers.,zinc,A,100,calcium(80);magnesium(80);sodium(80)
fcn,"A copolymer of dimethyl terephthalate (CAS Reg. No. 120-61-6), 1,3-dimethyl-5-sulfo-1,3-benzenedicarboxylate, sodium salt (CAS Reg. No. 3965-55-7), and 1,6-hexanediol (CAS Reg. No. 629-11-8).",,The FCS will be used as a nucleating agent in (a) polyethylene terephthalate (PET) polymers complying with 21 CFR 177.1630 and (b) polyethylene terephthalate (PET) polymers complying with the specifications in 21 CFR 177,sodium,A,80,
fcn,"A mixture of the lithium salts of stearic acid (69.5 weight percent), palmitic acid (25.8 weight percent), myristic acid (1.6 weight percent), arachidonic acid (1 weight percent), and other carboxylic acids (2.1 weight percent).",,The FCS will be used as a stabilizer in polypropylene and olefin copolymers for use in food containers.,arachidonic_acid,A,100,
fcn,"2-propenoic acid, homopolymer, calcium sodium salt (CAS Reg. No. 35830-10-5).",,As a component of pigment dispersants coating the surface of paper and paperboard.,calcium,A,80,sodium(80)
fcn,"Poly(N-vinylformamide), 20-100 percent hydrolyzed, chloride or sulfate salts. The FCS is specifically known as one of the following: a) formamide, N-ethenyl-, polymer with ethanamine, hydrochloride (CAS Reg. No. 111616-55-8); b) formamide, N-ethenyl-, polymer with ethanamine, sulfate (CAS Reg. No. 117985-59-8); and c) formamide, ethenyl-, homopolymer, hydrolyzed, hydrochlorides, (CAS Reg. No. 183815-54-5).",,"For use only as strengthening agents, fixing agents, or retention aids prior to the sheet-forming operation in the manufacture of paper and paperboard.",chloride,A,80,
fcn,"Iso-butylene/maleic anhydride copolymer, sodium salt (CAS Reg. No. 39612-00-5) cross-linked with 1.9 percent by weight glycerol and 1.25 percent by weight 1,4-butanediol.",,"For use as an component of fluid absorbent pads in contact with meat, poultry, fish and produce.",sodium,A,80,
fcn,"Methyl acrylate-divinylbenzene-diethylene glycol divinyl ether terpolymer, aminolyzed with dimethylaminopropylamine and partially quaternized with methyl chloride. (CAS Reg. No. 65997-24-2).",,"For use in treating water and aqueous food only of the types identified under categories I, II, and VI-B in Table 1.",chloride,A,80,
fcn,&alpha;-sulfo-&omega;-(dodecyloxy)poly(oxyethylene) sodium salt (CAS Reg. No. 9004-82-4). The FCS is also known as sodium lauryl ether sulfate.,,The food contact substance (FCS) will be used as an emulsifier in the production of acrylic and modified acrylic polymers and vinyl acetate copolymers used as pigment binders in coatings for paper and paperboard that con,sodium,A,80,
fcn,Tetrafluoroethylene-hexafluoropropylene-vinylidene fluoride copolymers (CAS Reg. No. 25190-89-0).,,As a processing additive for polyolefins for use in contact with food.,fluoride,A,80,
fcn,"A silver-zinc-sodium aluminosilicate zeolite containing up to 2.9 percent by weight of silver and 19 percent by weight of zinc. The finished zeolite will also contain small amounts of calcium metaphosphate, zinc oxide and silica.",,As an antimicrobial agent in all types of food-contact polymers.,zinc,A,100,calcium(80);sodium(80)
fcn,"2-Propen-1-aminium, N,N-dimethyl-N-2-propenyl-, chloride, polymer with 2-propenoic acid and N-2-propen-1-amine hydrochloride, 2,2'-azobis(2-methylpropanimidamide) dihydrochloride- initiated. (CAS Reg. No. 343837-39-8).",,For use as a wet-end sizing additive in the manufacture of paper and paperboard for contact with dry food.,chloride,A,80,
fcn,Silver-magnesium-sodium-boron-phosphate glass (silver glass).,,The food contact substance (FCS) will be used as an antimicrobial agent in all types of food-contact polymers.,magnesium,A,80,sodium(80)
fcn,"2-propenoic acid, homopolymers, calcium sodium salt (CAS Reg. No. 35830-10-5).",,As a pigment dispersant for titanium dioxide that is used as a filler in the manufacture of food-contact paper and paperboard.,calcium,A,80,sodium(80)
fcn,"2-propenoic acid, polymers with N,N-di-2-propenyl-2-propen-1-amine and hydrolyzed polyvinyl acetate, sodium salts, graft (CAS Reg. No. 166164-74-5).",,"For use as an absorptive medium in absorbent pads employed in the packaging of refrigerated cubed tomatoes, refrigerated fresh-cut fruits and vegetables, refrigerated whole berries, and refrigerated or frozen fish fillet",sodium,A,80,
fcn,"Industrial starch modified by treatment with greater than 5 percent and not more than 21 percent by weight 2,3-epoxypropyl trimethylammonium chloride (CAS Reg. No. 3033-77-0).",,"For use as a retention aid and/or drainage aid and/or dry-strength agent employed prior to the sheet forming operation in the manufacture of only recycled, food-contact paperboard at a maximum level of 1 percent by weigh",chloride,A,80,
fcn,Zinc zeolite A (zinc sodium aluminosilicate).,,As a dispersing agent for silver-magnesium-sodium-boron-phosphate-glasses in the manufacture of food-contact polymers.,sodium,A,80,
fcn,"BALINIT C, chemically identified as tungsten carbide/carbon +Chromium.",,The FCS will be used as components of repeat-use food processing and food packaging equipment as a double layered ceramic coating consisting of a functional tungsten carbide/carbon layer and an interface chromium layer.,chromium,A,80,
fcn,"BALINIT D, BALINIT CNI, and BALINIT CROVEGA, chemically identified as chromium nitride (CAS Reg. No. 24094-93-7).",,The FCS will be used as a component of ceramic surface coating on repeat-use food processing and food packaging equipment.,chromium,A,80,
fcn,"2-Propenoic acid, 2-methyl, monoester with 1,2-propanediol, polymer with methyl 2-propenoate, 2-propenoic acid and sodium 2-propenoate (CAS Reg. No. 117675-55-5).",,As a fluid absorbant in food-contact materials.,sodium,A,80,
fcn,"1,3-benzenedicarboxylic acid, 5-sulfo-, 1,3-dimethyl ester, sodium salt, polymer with dimethyl 1,4-benzenedicarboxylate, dimethyl pentanedioate and 1,2-ethanediol (CAS Reg. No. 65072-10-8).",,For use in food-contact articles except bottles.,sodium,A,80,
fcn,"A type of zeolite in which silver, zinc and ammonium ions have been exchanged for sodium ions. The silver content of the modified zeolite shall not exceed 5 percent by weight.",,The function of the food contact substance (FCS) is to control microorganisms that may grow on the article and to thereby preserve the article.,sodium,A,80,
fcn,"1,3-benzenedicarboxylic acid, 5-sulfo-, 1,3-dimethyl ester, sodium salt, polymer with dimethyl 1,4-benzenedicarboxylate, dimethyl pentanedioate, poly(ethylene glycol), and 1,2-ethanediol.",,As a coating or film.,sodium,A,80,
fcn,"Benzoic acid, 2,4-dihydroxy-, polymer with formaldehyde and 1-naphthalenol, sodium salt (CAS Reg. No. 209119-35-7).",,For use as an anti-foulant on the interior surfaces of PVC polymerization autoclaves used to produce PVC intended for food contact.,sodium,A,80,
fcn,"Mixture of potassium stearyl phosphate (CAS Reg. No. 68987--29-1), polyoxyethylene lauryl ether phosphate potassium salt, and polyoxyethylene tridecyl ether phosphate potassium salt.",,For use as a finish component on poly(phenyleneterephthalamide) resins cleared in 21 CFR 177.1632 for repeated-use applications.,potassium,A,80,
fcn,"Copper, (1,3,8,16,24-hexabromo-2,4,9,10,11,15,17,22,23,25-decachloro-29H,31H-phthalocyanato(2-)-N29,N30,N31,N32)-, (SP-4-2)- (CAS Reg. No. 14302-13-7).",,As a colorant in all types of food-contact polymers.,copper,A,80,
fcn,&alpha;-sulfo-&omega;-(dodecyloxy)poly(oxyethylene) sodium salt (CAS Reg. No. 9004-82-4).,,For use as an emulsifier in the production of acrylic and modified acrylic polymers and vinyl acetate copolymers used as pigment binders in coatings for paper and paperboard complying with 21 CFR Sections 176.170 and 176,sodium,A,80,
fcn,Poly(terephthaloyl chloride/p-phenylenediamine) (CAS Reg. No. 26125-61-1).,,For use as a microwave susceptor base aramid paper having a maximum basis weight of 20 pounds per 1000 square feet.,chloride,A,80,
fcn,"Propenoic acid, homopolymer, sodium salt (CAS Reg. No. 9003-04-7).",,For use as an absorbent in food-contact materials.,sodium,A,80,
fcn,Silver-magnesium-calcium-phosphate-borate-glass.,,As an antimicrobial agent in all polymers.,calcium,A,80,magnesium(80)
fcn,Silver-magnesium-aluminum-phosphate glass.,,As an antimicrobial agent in all polymers.,magnesium,A,80,
fcn,Silver-magnesium-sodium-phosphate-glass.,,As an antimicrobial agent in all polymers.,magnesium,A,80,sodium(80)
fcn,"Industrial starch modified by treatment with greater than 5 percent and not more than 21 percent by weight 2,3-epoxypropyltrimethyl-ammonium chloride (CAS Reg. No. 56780-58-6).",,For use as a retention aid and/or drainage aid and/or dry-strength agent employed prior to the sheet forming operation in the manufacture of food-contact paper and paperboard.,chloride,A,80,
fcn,"Agarose, polymer with (chloromethyl)oxirane, 2-hydroxy-3(3-sulfopropoxy)propyl ethers, sodium salts (CAS Reg. No. 676618-71-6).",,As an ion exchange resin.,sodium,A,80,
fcn,Poly(isophthaloyl chloride/m-phenylenediamine) (CAS Reg. No. 25765-47-3),,For use as a microwave susceptor base material in aramid paper having a maximum basis weight of 20 pounds per 1000 square feet.,chloride,A,80,
fcn,An aqueous solution of sodium chlorite and chlorine dioxide containing up to 1200 mg/kg sodium chlorite and up to 30 mg/kg chlorine dioxide.,,"As an antimicrobial agent in the processing of red meat, red meat parts and organs, and on processed, comminuted, and formed meat products as a component of a dip or a spray.",sodium,A,80,
fcn,Sodium sulfate salt of ethoxylated (7 moles of ethylene oxide) n- and isoundecyl alcohol (C11) (CAS Reg. No. 219756-63-5).,,For use as an emulsifier in the production of acrylic and modified acrylic polymers and vinyl acetate copolymers used as pigment binders in coatings for paper and paperboard complying with 21 CFR Sections 176.170 and 176,sodium,A,80,
fcn,Tetracarbonyl di-&mu;-chlorodirhodium (I) (CAS Reg. No. 14523-22-9) Trade name: Rhodium carbonyl chloride dimer Formula: (Rh(CO)2Cl)2,,As a catalyst to accelerate the cross-linking reaction of vinyl-functionalized polydimethylsiloxanes with hydrogen-functionalized polydimethylsiloxanes in forming a silicone elastomer that will be used in repeat use arti,chloride,A,80,
fcn,"Styrene-maleic anhydride copolymer, sodium salt (CAS Reg. No. 25736-61-2).",,"The FCS will be used as a surfactant in the manufacture of styrene-1,3 butadiene and styrene-1,3 butadiene, hydrogenated block copolymers.",sodium,A,80,
fcn,"Benzenemethanaminium, N,N-dimethyl-N-(2-(2-(4-(1,1,3,3,-tetramethylbutyl)phenoxy)ethoxy)-ethyl)-,chloride (CAS Reg. No. 121-54-0) also known as Benzethonium Chloride USP",,As an antimicrobial agent in no-rinse hand sanitizers for food handlers.,chloride,A,80,
fcn,"Industrial starch modified by treatment with greater than 5 percent and not more than 21 percent by weight of 2,3-epoxypropyl trimethylammonium chloride (CAS Reg. No. 3033-77-0).",,As a retention aid and/or drainage aid and/or dry strength agent employed prior to the sheet forming operation in the manufacture of food-contact paper and paperboard at a maximum level of 1 percent by weight of the dry ,chloride,A,80,
fcn,Silver-zinc-magnesium-aluminum-calcium-sodium-borate-phosphate glass.,,As an antimicrobial agent in all types of food contact polymers.,calcium,A,80,magnesium(80);sodium(80)
fcn,"Copolymer of vinylidene chloride and butyl acrylate (CAS Reg. No. 9011-09-0), containing up to 10 weight percent polymer units derived from butyl acrylate.",,The FCS will be used in the manufacture of articles or components of articles intended to contact food.,chloride,A,80,
fcn,Sodium sulfate salt of ethoxylated (7 moles of ethylene oxide) n- and isoundecyl alcohol (C11) (CAS Reg. No. 219756-63-5).,,"For use as an emulsifier in the production of adhesives, pressure-sensitive adhesives, and in adhesives for laminate structures intended for use at temperatures of 250°F and above.",sodium,A,80,
fcn,"Sodium dichloroisocyanurate (CAS Reg. No. 2893-78-9) and sodium bromide mixture containing 85-94 weight-percent sodium dichloroisocyanurate, and 5-9 weight-percent sodium bromide.",,For use as a slimicide in the manufacture of food-contact paper and paperboard.,sodium,A,80,
fcn,"Polyethylene terephthalate copolyesters (including isophthalic acid and/or diethylene glycol modified) that otherwise comply with 21 CFR 177.1630 or an applicable effective Food Contact Notification, containing up to 0.85 weight percent sodium dimethyl 5-sulfoisophthalate units.",,The FCS is intended for use as films or articles intended to contact food.,sodium,A,80,
fcn,&alpha;-sulfo-&omega;-(dodecyloxy)poly(oxyethylene) sodium salt (CAS Reg. No. 9004-82-4).,,The FCS will be used as an emulsifier/surfactant in the production of styrene-butadiene-acrylonitrile copolymer coatings for paper and paperboard.,sodium,A,80,
fcn,"Industrial starch modified (CAS Reg. No. 56780-58-6) by treatment with greater than 5 percent, and not more than 21 percent by weight 2,3-epoxypropyl trimethylammonium chloride (CAS Reg. No. 3033-77-0).",,As a retention aid and/or drainage aid and/or dry-strength agent employed prior to the sheet forming operation in the manufacture of food-contact paper and paperboard at a maximum level of 1 percent by weight of the dry ,chloride,A,80,
fcn,"A mixture of 35-60 percent hydroxysulfinoacetic acid, disodium salt (CAS Reg. No. 223106-41-0), 10-60 percent hydroxysulfoacetic acid, disodium salt (CAS Reg. No. 29736-24-1), and 0-40 percent sodium sulfite (CAS Reg. No. 7757-83-7).",,"As a reducing agent in emulsion polymerization redox catalyst systems, with the produced polymer emulsions to be used as components of food-contact paper and paperboard complying with 21 CFR 176.170 or 176.180, adhesives",sodium,A,80,
fcn,"Phenol,4-(1,1-dimethylethyl)-, polymer with sulfur chloride (CAS Reg. No. 60303-68-6).",,As an antioxidant/stabilizer in the processing of rosins and rosin esters for use as components of adhesives complying with 21 CFR 175.105.,chloride,A,80,
fcn,"A type of zeolite in which silver, copper and ammonium ions have been exchanged for sodium ions.",,To control microorganisms that may grow on the article and to thereby preserve the article.,copper,A,80,sodium(80)
fcn,3-Chloro-2-hydroxypropyltrimethylammonium chloride (CAS Reg. No. 3327-22-8).,,"For use as a starting material in the production of 2,3-epoxypropyltrimethylammonium chloride (CAS Reg. No. 3033-77-0) that will be used to modify industrial starch at a treatment level of greater than 5 percent and not ",chloride,A,80,
fcn,"Copper, [C,C,C,C-tetrachloro-29H, 31H-phthalocyaninato(2-)-N29, N30, N31,N32] (CAS Reg. No. 27614-71-7).",,As a colorant in all types of food-contact polymers.,copper,A,80,
fcn,"2-Propenoic acid, homopolymer, sodium salt (with a weight average molecular weight of 2300 to 5700 Daltons and a weight average molecular weight to number average molecular weight ratio of not more than 6.3) (CAS Reg. No. 9003-04-7).",,To control the formation of mineral scale during evaporation of beet or cane sugar juice.,sodium,A,80,
fcn,"Dimethyl sulfoisophthalate, sodium salt (DMSIP) (CAS Reg. No. 3965-55-7). [The CAS nomenclature is 1,3-Benzenedicarboxylic acid, 5-sulfo-, 1,3-dimethyl ester, sodium salt.]",,For use as a modifier in polyethylene terephthalate (PET).,sodium,A,80,
fcn,"Poly(N-vinylformamide), 20-100 percent hydrolyzed, chloride or sulfate salts. The FCS is specifically known as one of the following: 1. formamide, N-ethenyl-, polymer with ethanamine, hydrochloride (CAS Reg. No. 111616-55-8) 2. formamide, N-ethenyl-, polymer with ethanamine sulfate (CAS Reg. No. 117985-59-8) 3. formamide, ethenyl-, homopolymer, hydrolyzed, hydrochlorides, (CAS Reg. No. 183815-54-5).",,"As strengthening agents, fixing agents, or retention aids prior to the sheet-forming operation in the manufacture of paper and paperboard.",chloride,A,80,
fcn,Bromine chloride (BrCl) (CAS Reg. No. 13863-41-7).,,The FCS is intended for use as a slimicide in the manufacture of food-contact paper and paperboard.,chloride,A,80,
fcn,A mixture of 5-chloro-2-methyl-4-isothiazolin-3-one (CAS Reg. No. 26172-55-4) and 2-methyl-4-isothiazolin-3-one (CAS Reg. No. 2682-20-4) at a ratio of 3 parts to 1 part by weight. The mixture may contain magnesium or sodium nitrate at a 1 to 1 ratio (weight/weight) with the sum of the isothiazolinone ingredients.,,As an antimicrobial agent in polymer latex solutions intended for use in adhesives complying with 21 CFR 175.105.,magnesium,A,80,sodium(80)
fcn,"Tungsten carbide containing up to 16.0 percent cobalt with up to 6.5 percent chromium, titanium carbide, tantalum carbide, niobium carbide, and/or vanadium carbide",,"The food contact substances will be used in the manufacture of food processing equipment (e.g. seal rings, bearings, parts in conveying systems, and parts in crushers and mills).",chromium,A,80,
fcn,"Tungsten carbide containing up to 16.0 percent cobalt with up to 6.5 percent chromium, titanium carbide, tantalum carbide, niobium carbide, and/or vanadium carbide",,"The food contact substances will be used in the manufacture of food processing equipment (e.g. seal rings, bearings, parts in conveying systems, and parts in crushers and mills).",chromium,A,80,
fcn,"Tungsten carbide containing up to 16.0 percent cobalt with up to 6.5 percent chromium, titanium carbide, tantalum carbide, niobium carbide, and/or vanadium carbide",,"The food contact substances will be used in the manufacture of food processing equipment (e.g. seal rings, bearings, parts in conveying systems, and parts in crushers and mills).",chromium,A,80,
fcn,"Tungsten carbide containing up to 16.0 percent cobalt with up to 6.5 percent chromium, titanium carbide, tantalum carbide, niobium carbide, and/or vanadium carbide",,"The food contact substances will be used in the manufacture of food processing equipment (e.g. seal rings, bearings, parts in conveying systems, and parts in crushers and mills).",chromium,A,80,
fcn,"Tungsten carbide containing up to 16.0 percent cobalt with up to 6.5 percent chromium, titanium carbide, tantalum carbide, niobium carbide, and/or vanadium carbide",,"The food contact substances will be used in the manufacture of food processing equipment (e.g. seal rings, bearings, parts in conveying systems, and parts in crushers and mills).",chromium,A,80,
fcn,"Tungsten carbide containing up to 16.0 percent cobalt with up to 6.5 percent chromium, titanium carbide, tantalum carbide, niobium carbide, and/or vanadium carbide",,"The food contact substances will be used in the manufacture of food processing equipment (e.g. seal rings, bearings, parts in conveying systems, and parts in crushers and mills).",chromium,A,80,
fcn,"Tungsten carbide containing up to 16.0 percent cobalt with up to 6.5 percent chromium, titanium carbide, tantalum carbide, niobium carbide, and/or vanadium carbide",,"The food contact substances will be used in the manufacture of food processing equipment (e.g. seal rings, bearings, parts in conveying systems, and parts in crushers and mills).",chromium,A,80,
fcn,"Tungsten carbide containing up to 16.0 percent cobalt with up to 6.5 percent chromium, titanium carbide, tantalum carbide, niobium carbide, and/or vanadium carbide",,"The food contact substances will be used in the manufacture of food processing equipment (e.g. seal rings, bearings, parts in conveying systems, and parts in crushers and mills).",chromium,A,80,
fcn,Tungsten carbide containing up to 3.5 percent nickel with up to 1.9 percent chromium and/or vanadium carbide,,"The food contact substances will be used in the manufacture of food processing equipment (e.g. seal rings, bearings, parts in conveying systems, and parts in crushers and mills).",chromium,A,80,
fcn,Tungsten carbide containing up to 9.0 percent nickel and up to 1.3 percent chromium.,,"The food contact substances will be used in the manufacture of food processing equipment (e.g. seal rings, bearings, parts in conveying systems, and parts in crushers and mills).",chromium,A,80,
fcn,"Tungsten carbide containing up to 9.5 percent nickel with up to 1.7 percent chromium, molybdenum carbide, and/or vanadium carbide.",,"The food contact substances will be used in the manufacture of food processing equipment (e.g. seal rings, bearings, parts in conveying systems, and parts in crushers and mills).",molybdenum,A,90,chromium(80)
fcn,"Tungsten carbide containing up to 9.5 percent nickel with up to 1.9 percent chromium, molybdenum carbide, and/or vanadium carbide",,"The food contact substances will be used in the manufacture of food processing equipment (e.g. seal rings, bearings, parts in conveying systems, and parts in crushers and mills).",molybdenum,A,90,chromium(80)
fcn,"Industrial starch modified (CAS Reg. No. 56780-58-6) by treatment with greater than 5 percent, and not more than 21 percent by weight 2,3-epoxypropyl trimethylammonium chloride (CAS Reg. No. 3033-77-0).",,As a retention aid and/or drainage aid and/or dry-strength agent employed prior to the sheet forming operation in the manufacture of food-contact paper and paperboard at a maximum level of 1 percent by weight of the dry ,chloride,A,80,
fcn,"Benzenesulfonic acid, 4-[[1-[[(2-methylphenyl)amino)]carbonyl]-2-oxopropyl]azo]-3-nitro-, calcium salt (2:1). (C.I. Pigment Yellow 62).",,As a colorant for all polymers.,calcium,A,80,
fcn,"1,2-Cyclohexanedicarboxylic acid, calcium salt (1:1), (1R, 2S)-rel- (CAS Reg. No. 491589-22-1)",,As a nucleating or clarifying agent in all polyolefins.,calcium,A,80,
fcn,Magnesium(2+) 12-hydroxyoctadecanoate (CAS Reg. No. 91697-37-9).,,As a processing aid during extrusion and molding of polymer articles in contact with food.,magnesium,A,80,
fcn,Aluminum hydroxide magnesium hydroxide carbonate (Hydrotalcite) (CAS Reg. No. 12304-65-3).,,The FCS will be used as a processing aid in the manufacture of paper and paperboard intended to contact food.,magnesium,A,80,
fcn,"Crosslinked 2-propenoic acid, homopolymer, sodium salt (CAS Reg. No. 9003-04-7).",,As a fluid absorbent in food contact materials.,sodium,A,80,
fcn,"2-Propenoic acid, polymer with N-ethenylformamide, sodium salt (CAS Reg. No.865535-22-4).",,"The FCS is intended for use as a dry-strength agent, fixing agent, or retention aid in paper and paperboard.",sodium,A,80,
fcn,Sodium Xylene Sulfonate (CAS Reg. No. 1300-72-7).,,"As an anionic surfactant, hydrotrope, and coupling agent in commercial, single use dishwashing rinse-aid products to be used in commercial establishments.",sodium,A,80,
fcn,"2-Propenoic acid, polymer with N-ethenylformamide, sodium salt, hydrolyzed, hydrochlorides (CAS Reg. No. 865596-61-8).",,"The FCS is intended for use as a dry-strength agent, fixing agent, and/or retention aid, in the manufacture of paper and paperboard.",sodium,A,80,
fcn,"D,L-Aspartic acid, N-(1,2-dicarboxyethyl)-, tetrasodium salt (CAS Reg. No. 144538-83-0).",,"The FCS is intended for use as a stabilizer for bleach used in the production of food-contact-paper and paperboard, added at the wet end.",aspartic_acid,A,90,
fcn,"Sulfonic acids, C10-18-alkane, sodium salts (CAS Reg. No. 68037-49-0).",,The FCS is to be used as an antifogging agent anchor in multi-layer polyolefin lettuce bags.,sodium,A,80,
fcn,3-Chloro-2-hydroxypropyltrimethylammonium chloride (CAS Reg. No. 3327-22-8).,,"For use as a starting material in the production of 2,3-epoxypropyltrimethylammonium chloride (EPTAC) (CAS Reg. No. 3033-77-0) that will be used to modify industrial starch at a treatment level of greater than 5 percent ",chloride,A,80,
fcn,Zeolite A in which silver and zinc ions have been exchanged for sodium ions.,,As an antimicrobial agent used to preserve food contact polymers intended for repeat use articles.,sodium,A,80,
fcn,"1-Octadecanol, phosphate, potassium salt (CAS Reg. No. 68987-29-1)",,As a finish component on polyolefin and polyethylene phthalate resins that are constructed into non-woven fabric for meat pads.,potassium,A,80,
fcn,Potassium lauryl phosphate (CAS Reg. No. 39322-78-6),,As a finish component on polyolefin and polethylene phthalate resins that are constructed into non-woven fabric for meat pads.,potassium,A,80,
fcn,"2-Butenedioic (Z)-, ammonium salt, homopolymer, hydrolyzed, sodium salts (CAS Reg. No. 181828-06-8).",,"The FCS is intended for use as (1) a dispersant for fillers (e.g., clay, calcium carbonate, etc.) in the wet-end during the manufacture of paper and paperboard intended for food-contact use, and (2) as an anti-scale addi",sodium,A,80,
fcn,"2-Propenoic acid, sodium salt, homopolymer (CAS Reg. No. 9003-04-7).",,As an aid for grinding calcium carbonate filler to be used in food-contact polyolefin food-contact materials.,sodium,A,80,
fcn,Vinylidene chloride/vinyl chloride/methyl acrylate copolymer (CAS Reg. No. 28572-91-0).,,"As a component of coatings applied to fresh fruits and vegetables with inedible peels, excluding citrus fruits.",chloride,A,80,
fcn,An aqueous solution of sodium chlorite and chlorine dioxide containing up to 1200 mg/kg sodium chlorite and up to 30 mg/kg chlorine dioxide.,,"For use on poultry carcasses, carcass parts, poultry meat, organs, or related parts or trim as an antimicrobial agent in poultry processing waters, as a component of a carcass spray or a dip solution.",sodium,A,80,
fcn,"2-propenoic acid, homopolymer, sodium salt (with a weight average molecular weight of 2300 to 5700 Daltons and a weight average molecular weight to number average molecular weight ratio of not more than 6.3) (CAS Reg. No. 9003-04-7).",,To control the formation of mineral scale during evaporation of beet or cane sugar juice.,sodium,A,80,
fcn,Zeolite A (CAS Reg. No. 68989-22-0) in which silver and ammonium ions have been exchanged for sodium ions.,,As an antimicrobial agent used to preserve food-contact polymers.,sodium,A,80,
fcn,"2-Propenoic acid, 2-methyl, polymer with &alpha;-(2-methyl-1-oxo-2-propenyl)-&omega;-methoxypoly(oxy-1,2-ethanediyl) and 2-propenoic acid, graft, sodium salt (CAS Reg. No. 381686-36-8).",,"For use as an adjuvant for coatings applied to food-contact paper and paperboard, as described in the notification.",sodium,A,80,
fcn,An aqueous solution of sodium chlorite and chlorine dioxide containing no less than 50 parts per million and not more than 200 parts per million of available chlorine dioxide.,,For use as a sanitizing solution on beverage containers.,sodium,A,80,
fcn,"Sulfonic acids, C10-18-alkane, sodium salts (CAS Reg. No. 68037-49-0).",,"The FCS is to be used as an antifogging anchor agent in multi-layer polyolefin film structures for use in produce bags and for lid seals for formed trays, specifically for raw and fresh fruits and vegetables, and for lid",sodium,A,80,
fcn,"1,5-Pentanedicarboxylic acid, calcium salt (CAS Reg. No. 19455-79-9).",,The FCS will be used as a nucleating agent in the manufacture of polypropylene food-contact articles.,calcium,A,80,
fcn,"Industrial starch modified by treatment with greater than 5 percent and not more than 21 percent by weight 2,3-epoxypropyltrimethylammonium chloride (CAS Reg. No. 3033-77-0).",,For use as a retention aid and/or drainage aid and/or dry-strength agent employed prior to the sheet forming operation in the manufacture of food-contact paper and paperboard.,chloride,A,80,
fcn,Mixture of sodium chlorite (CAS Reg. No. 7758-19-2) and sodium chloride (CAS Reg. No. 7647-14-5).,,"As an antimicrobial agent in water and ice that are used to rinse, wash, thaw, transport, or store seafood in accordance with current industry standards of good manufacturing practice.",chloride,A,80,sodium(80)
fcn,"beta-Alanine, N-(2-aminoethyl)-, monosodium salt, polymer with 1,4-butanediol, 1,6-diisocyanatohexane, 1,3-diisocyanatomethylbenzene and hexanedioic acid (CAS Reg. No. 141073-56-5).",,"The FCS is a polyurethane coating which is used as an adhesive applied on plastics, films, paper and paperboard, and metal or coated metal used for packaging and holding all food types intended for single- and repeat-use",alanine,A,80,
fcn,Chromium Nitride (CAS Reg. No. 24094-93-7).,,The FCS will be used as a component of surface coating on repeat-use food processing and food packaging equipment to prevent abrasive wear to the components of the equipment.,chromium,A,80,
fcn,Manganese Ferrite Black Spinel aka C.I. Pigment Black 26 (CAS Reg. No. 68186-94-7).,,For use as a colorant in all polymers,manganese,A,80,
fcn,"Diallyldimethylammonium chloride polymer with acrylamide, reaction product with glyoxal, produced by copolymerizing from 20 to 90 weight percent of acrylamide and 10 to 80 weight percent of diallyldimethylammonium chloride, which is then cross-linked with not more than 30 weight percent of glyoxal.",,As a dry and wet strength additive added prior to the sheet-forming operation in the manufacture of paper and paperboard at a level not to exceed 2% by weight of the dry fibers in the finished paper and paperboard.,chloride,A,80,
fcn,"Phosphonic acid, (1-methyl-ethenyl)-, homopolymer, sodium salt (PIPPA) (CAS Reg. No. 118632-18-1)",,For use as an anti-corrosive agent in the steam header and steam lines of boiler systems where the steam will contact food as described in 21 CFR 173.310,sodium,A,80,
fcn,Sodium Chlorite (CAS Reg. No. 7758-19-2).,,"As an antimicrobial agent in water and ice that are used to rinse, wash, thaw, transport, or store seafood.",sodium,A,80,
fcn,"Benzenesulfonic acid, 4-[[1-[[(2-methylphenyl)amino]carbonyl]-2-oxopropyl]azo]-3-nitro-, calcium salt (2:1) (CAS Reg. No. 12286-66-7).",,The FCS will be used as a colorant in the manufacture of polymers intended to contact food.,calcium,A,80,
fcn,"Montmorillonite (CAS Registry Number 1318-93-0) surface treated with either quaternary ammonium compounds, (hydrogenated tallow alkyl)bis(hydroxyethyl)methyl, chlorides (CAS Reg. No. 68607-27-2) or 1-octadecanaminium, N,N-bis(2-hydroxyethyl)-N-methyl-, chloride (CAS Reg. No. 3010-24-0).",,For use as a gas barrier in monolayer PET bottles.,chloride,A,80,
fcn,"Hypobromous acid (CAS Reg. No. 13517-11-8) generated on-site from an aqueous mixture of hydrogen bromide (CAS Reg. No. 10035-10-6) and sodium, potassium or calcium hypochlorite (CAS Reg. No. 7681-52-9, 7778-66-7 or 7778-54-3).",,As an antimicrobial in water or iced used for processing meat and poultry products.,calcium,A,80,potassium(80);sodium(80)
fcn,"Crosslinked 2-propenoic acid, homopolymer, sodium salt (CAS Reg. No. 9003-04-7).",,As a fluid absorbent in food contact materials.,sodium,A,80,
fcn,"Industrial starch modified (CAS Reg. No. 56780-58-6) by treatment with greater than 5 percent and not more than 21 percent by weight 2,3-epoxypropyltrimethylammonium chloride (CAS Reg. No. 3033-77-0).",,"As a retention aid, drainage aid, and/or dry-strength agent employed prior to the sheet forming operation in the manufacture of food-contact paper and paperboard.",chloride,A,80,
fcn,Phthalimidomethyl copper phthalocyanine (CAS Reg. No. 68411-06-3).,,The FCS will be used as a heat-resistant pigment in the coloration of plastic used in films and molded articles such as food containers.,copper,A,80,
fcn,Tungsten carbide containing up to 15 percent nickel with up to 1.5 percent chromium.,,"The food contact substances will be used in the manufacture of food processing equipment (specifically, as wear parts in applications of producing foods, e.g. knives, nozzles, homogenize valves, bearing rings, saws, etc)",chromium,A,80,
fcn,"Naphthalenesulfonic acid, lauryl derivatives, calcium salts (CAS Reg. No. 1059544-80-7).",,As an additive for lubricants with incidental food contact with all food types.,calcium,A,80,
fcn,"Ethylenesulfonic acid, sodium salt (CAS Reg. No. 3039-83-6).",,"As a comonomer in the production of aqueous polymer dispersions, at a maximum content of 31.5 percent by weight, for use in the production of pressure-sensitive adhesives according to 21 CFR 175.125.",sodium,A,80,
fcn,Calcium hypochlorite (CAS Reg. No. 7778-54-3).,,"As an antimicrobial agent in water used to process fruits, vegetables, nuts, meat and poultry and in the pretreatment of water for use in the manufacture of beverages subsequently bottled for drinking.",calcium,A,80,
fcn,Aluminum magnesium carbonate hydroxide (synthetic hydrotalcite) (CAS Reg. No. 11097-59-9).,,As an acid scavenger and filler in all food-contact polymers.,magnesium,A,80,
fcn,Dicocodimethylammonium chloride (CAS Reg. No. 61789-77-3).,,As a component of flotation aid formulations used in the purification of calcium carbonate from raw calcite ore.,chloride,A,80,
fcn,"Hypobromous acid (CAS Reg. No. 13517-11-8) generated on-site from an aqueous mixture of hydrogen bromide (CAS Reg. No. 10035-10-6) and sodium, potassium or calcium hypochlorite (CAS Reg. No. 7681-52-9, 7778-66-7 or 7778-54-3).",,As an antimicrobial in water or ice used for processing meat products.,calcium,A,80,potassium(80);sodium(80)
fcn,"2-propenoic acid, sodium salt, homopolymer (CAS Reg. No. 9003-04-7).",,As a dispersant for mineral fillers in the wet-end during the manufacture of food-contact paper and paperboard.,sodium,A,80,
fcn,2-(2-Aminoethylamino)ethanol (CAS Reg. No. 111-41-1).,,As a monomer for polyester resins used as components of coatings on metal substrates at a maximum concentration of 1.3 percent of the total coating solids.,ethanol,B,80,
fcn,"1,3-benzenedicarbonyl dichloride, polymer with 1,4-benzenedicarbonyl dichloride, carbonic dichloride and 4,4'-(1-methylethylidene)bis[phenol] (polyester carbonate resins) (CAS Reg. No. 71519-80-7). The resins are produced by the condensation of 4,4'- isopropylidenediphenol, carbonyl chloride, terephthaloyl chloride, and isophthaloyl chloride such that the finished resins are composed of 45 to 85 mole percent ester, of which up to 55 mole percent is the terephthaloyl isomer. The resins are manufactured using a phthaloyl chloride/carbonyl chloride mole ratio of (0.81 to 5.7)/1 and isophthaloyl chloride/terephthaloyl chloride mole ratio of 0.81/1 or greater. The manufacturing process may include optional adjuvant substances authorized for the resins.",,"As food-contact articles or components of food-contact articles, for single-and repeated-use, excluding baby nursing bottles and liquid training cups.",chloride,A,80,
fcn,"Hypobromous acid (CAS Reg. No. 13517-11-8) generated on-site from an aqueous mixture of hydrogen bromide (CAS Reg. No. 10035-10-6) and sodium, potassium or calcium hypochlorite (CAS Reg. No. 7681-52-9, 7778-66-7 or 7778-54-3).",,As an antimicrobial in water or ice used for processing poultry products.,calcium,A,80,potassium(80);sodium(80)
fcn,Titanium dioxide treated with fluoride modified alumina.,,As a pigment in food-contact articles.,fluoride,A,80,
fcn,"An aqueous solution of hypobromous acid (CAS Reg. No. 13517-11-8) generated on-site from an aqueous mixture of 40 percent sodium bromide, (CAS Reg. No. 7647-15-6) and 12.5 percent sodium hypochlorite (CAS Reg. No. 7681-52-9).",,"As an antimicrobial additive in ice or water, used as either a spray or a dip, for meat processing, including both hide on and hide off applications, and for poultry processing.",sodium,A,80,
fcn,"2-propenoic acid, polymer with sodium phosphinate, sodium salt (CAS Reg. No. 129898-01-7).",,As a mineral scale inhibitor in the evaporative processing of beet and cane sugar juice liquor.,sodium,A,80,
fcn,Sodium nitrite (CAS Reg. No. 7632-00-0).,,As an additive in lubricants with incidental contact with food in compliance with 21 CFR 178.3570.,sodium,A,80,
fcn,"Carbonic dichloride, polymer with 4,4'-(1-methylethylidene)bis[phenol], 4-(1-methyl-1-phenylethyl)phenyl ester (polycarbonate resins) (CAS Reg. No. 11211-39-3). The resins are produced by the condensation of 4,4'-(isopropylidenediphenol) and carbonyl chloride. The manufacturing process may include optional adjuvant substances authorized in the production of the resins.",,"As food-contact articles or components of food-contact articles, for single-and repeated-use, excluding baby bottles and liquid training cups.",chloride,A,80,
fcn,Tetrafluoroethylene-hexafluoropropylene-vinylidene fluoride copolymers (CAS Reg. No 25190-89-0).,,As a processing additive for all polymers (excluding polymers used in metal and paper coatings).,fluoride,A,80,
fcn,"Hypobromous acid (CAS Reg. No. 13517-11-8) generated on-site from an aqueous mixture of sodium bromide (CAS Reg. No. 7647-15-6) and sodium, potassium or calcium hypochlorite (CAS Reg. Nos. 7681-52-9, 7778-66-7 or 7778-54-3).",,"As an antimicrobial agent in process water or ice applied to meat and poultry products, and in water applied to processed fruits and vegetables, and shell eggs.",calcium,A,80,potassium(80);sodium(80)
fcn,"Starch, carboxymethyl ether, sodium salt (CAS Reg. No.: 9063-38-1).",,As a fluid absorbent in food-contact materials used to absorb liquids intrinsic to meat and poultry.,sodium,A,80,
fcn,"2-Propenoic acid, telomer with 2-hydroxypropyl 2-propenoate and sodium hydrogen sulfite, ammonium salt (CAS Reg. No. 100486-98-4).",,For use as a dispersant for titanium dioxide pigment suspensions in coatings.,sodium,A,80,
fcn,"1-Propanaminium, N,N,N-trimethyl-3-[(1-oxo-2-propenyl)amino]-, chloride, homopolymer (CAS Reg. No. 26427-01-0).",,"As a retention, drainage, and contaminant control agent employed prior to the sheet forming operation in the manufacture of paper and paperboard.",chloride,A,80,
fcn,"1,2-Benzisothiazol-3(2H)-one 1,1-dioxide, sodium salt (CAS Reg. No. 128-44-9).",,As a nucleating agent in the manufacture of polyethylene phthalate polymers otherwise complying with 21 CFR 177.1630.,sodium,A,80,
fcn,"2-Propenoic acid, homopolymer, sodium salt (CAS Reg. No. 9003-04-7).",,As a mineral pigment dispersant for calcium carbonate or kaolin pigments in the manufacture of food-contact paper and paperboard.,sodium,A,80,
fcn,"Starch, carboxymethyl ether, sodium salt (CAS Reg. No. 9063-38-1).",,"As a fluid absorbent in food-contact materials used to absorb liquids intrinsic to fish, fruits and vegetables.",sodium,A,80,
fcn,"Butanedioic acid, 2-methylene-, polymer with ethenyl acetate, hydrolyzed, sodium salts (CAS Reg. No. 122625-12-1).",,For use as a creping agent in the manufacture of paper.,sodium,A,80,
fcn,"2-Propenoic acid, 2-methyl-, polymer with butyl 2-propenoate, 1,1'-(1,1-dimethyl-3-methylene-1, 3-propanediyl)bis[benzene], ethenylbenzene,(1-methylethenyl)benzene, methyl 2-methyl-2-propenoate and 2-propenoic acid, sodium salt, manufactured as described in the notification.",,As a dispersant for rosin size in paper and paperboard making process.,sodium,A,80,
fcn,"1-propanaminium, N,N,N,-trimethyl-3-[(1-oxo-2-propen-1-yl)amino]-, chloride (1:1), polymer with ethenamine, hydrochloride (CAS Reg. No. 1353435-58-1).",,"For use as a retention, drainage, and contaminant control agent employed prior to the sheet-forming operation in the manufacture of uncoated paper.",chloride,A,80,
fcn,Calcium borate (CAS Reg. No. 12040-58-3).,,For use as an additive in lubricants with incidental food contact.,calcium,A,80,
fcn,"Hypobromous acid (CAS Reg. No. 13517-11-8) generated on-site from an aqueous mixture of sodium bromide (CAS Reg. No. 7647-15-6) and sodium, potassium or calcium hypochlorite (CAS Reg. Nos. 7681-52-9, 7778-66-7 or 7778-54-3).",,As an antimicrobial agent in process water for poultry products.,calcium,A,80,potassium(80);sodium(80)
fcn,"Dodecylbenzenesulfonic acid, calcium salt (CAS Reg. No. 26264-06-2).",,As a component of lubricants with incidental food contact.,calcium,A,80,
fcn,"Poly(oxy-1,2-ethanediyl), &alpha;-(3-carboxy-1-oxosulfopropyl)-&omega;-(isotridecyloxy)-, sodium salt (1:2) (CAS Reg. No. 1013906-64-3).",,"As an emulsifier and/or surface-active agent in (1) the emulsion polymerization of polyvinyl acetate, acrylic, and vinyl/acrylic polymers intended for use in coatings for paper and paperboard; and (2) the emulsion polyme",sodium,A,80,
fcn,Copper(II) hydroxide phosphate (CAS Reg. No. 12158-74-6). REPLACES FCN 926,,"As an additive in all food-contact polymers that serves: a) as a colorant, b) as a UV-filter to protect contained goods from UV radiation, c) as an IR absorber in order to reduce the necessary energy for molding and form",copper,A,80,
fcn,Sodium borohydride (CAS Reg. No. 16940-66-2) used in conjunction with palladium acetate (CAS Reg. No. 3375-31-3) REPLACES FCN 1114 and FCN 1160,,The FCS will be used as an oxygen scavenging system in beverage containers as described in the Limitations/Specifications.,sodium,A,80,
fcn,"Industrial starch modified by treatment with greater than 5 percent and not more than 21 percent 2,3-epoxypropyltrimethylammonium chloride (CAS Reg. No. 56780-58-6).",,"As a retention aid, drainage aid, and/or dry-strength agent employed prior to the sheet forming operation in the manufacture of food-contact paper and paperboard.",chloride,A,80,
fcn,Chromium nitride (CAS Reg. No. 24094-93-7).,,"As a thin film ceramic coating applied to repeated-use metal component parts in food processing and packaging machinery and equipment to reduce part wear, friction and sticking of food materials.",chromium,A,80,
fcn,"Rutile Tin Zinc - doped with either potassium, sodium, or calcium (CAS Reg. No.: 207691-99-4, 389623-07-8, 389623-01-2, respectively).",,As a colorant in polymers and in printing ink.,calcium,A,80,potassium(80);sodium(80)
fcn,Zirconium Oxide (CAS. Reg. No. 1314-23-4) and Tin(II) Phosphate (CAS. Reg. No. 15578-32-2) and Tin(II) Fluoride (CAS Reg. No. 7783-47-3).,,As a conversion coating on the interior of tinplated steel containers (cans) with or without a polymeric topcoat.,fluoride,A,80,
fcn,Copolymer of vinylidene fluoride and hexafluoropropene (CAS Reg. No. 9011-17-0).,,As a processing aid in all polymers (excluding polymers used in metal and paper coatings).,fluoride,A,80,
fcn,"Tannins, ammonium salt (CAS Reg. No. 71631-09-9).",,The FCS is intended for use as a coagulant for the clarification/flocculation of influent water used in the pulp and paper manufacturing process.,tannins,B,80,
fcn,"Polyethylene terephthalate copolyesters (including isophthalic acid and/or diethylene glycol modified) that otherwise comply with 21 CFR 177.1630 or an applicable effective Food Contact Notification, containing up to 0.85 weight percent sodium dimethyl 5-sulfoisophthalate units.",,As films or articles intended to contact food.,sodium,A,80,
fcn,"Diallyldimethylammonium chloride polymer with acrylamide, reaction product with glyoxal, produced by copolymerizing from 20 to 90 weight percent of acrylamide and 10 to 80 weight percent of diallyldimethylammonium chloride, which is then cross-linked with not more than 30 weight percent of glyoxal.",,As a drainage aid or as a dry and wet strength additive added prior to the sheet-forming operation in the manufacture of paper and paperboard at a level not to exceed 2 percent by weight of the dry fibers in the finished,chloride,A,80,
fcn,"L-aspartic acid, homopolymer, sodium salt (CAS Reg. No. 34345-47-6).",,As a dispersant for fillers in food-contact paper and paperboard.,aspartic_acid,A,90,sodium(80)
fcn,"2-propen-1-aminium, N,N-dimethyl-N-2-propen-1-yl-, chloride (1:1), polymer with the ethanedial and 2-propenamide (CAS Reg. No. 32555-39-8).",,As a dry- and wet-strength and dewatering agent employed prior to the sheet-forming operation in the manufacture of paper and paperboard.,chloride,A,80,
fcn,"An aqueous mixture of catalase (CAS Reg. No. 9001-05-2), glycerol (CAS Reg. No. 56-81-5), sodium citrate dihydrate (CAS Reg. No. 6132-04-3), sodium formate (CAS Reg. No.114-53-7), and 1,2-benzisothiazolin-3-one (CAS Reg. No. 2634-33-5).",,As an adjuvant to antimicrobial solutions for use in commercial sterilization of aseptic filling systems and packaging prior to filling.,sodium,A,80,
fcn,"Copolymers of acrylamide, alkylenedicarboxylic acid, aryl(acrylatoalkyl)dialkylammonium chloride, aryl(methacrylatoalkyl)dialkylammonium chloride and N,N-dimethylaminoethyl methacrylate.",,For use as a wet and dry strength agent added prior to the sheet forming process in the manufacture of paper and paperboard.,chloride,A,80,
fcn,"2-propen-1-aminium, N, N-dimethyl-N-2-propen-1-yl-, chloride (1:1), polymer with the ethanedial and 2-propenamide (CAS Reg. No. 32555-39-8).",,As a dry- and wet- strength agent employed prior to the sheet-forming operation in the manufacture of paper and paperboard.,chloride,A,80,
fcn,"Ethanaminium, N,N,N-trimethyl-2-[(1-oxo-2-propen-1-yl)oxy]-, chloride (1:1), polymer with 2-propenamide (CAS Reg. No. 69418-26-4).",,"As a flocculant, retention and drainage aid in the manufacture of food contact paper and paperboard.",chloride,A,80,
fcn,"Oxirane, 2-methyl-, polymer with oxirane, ether with 2,2'-[[3-methyl-4-[(4-methyl-2-benzothiazolyl)azo]phenyl]imino]bis[ethanol] (2:1) (CAS Reg. No. 229306-55-2).",,The FCS will be used as a colorant in high density polyethylene and polypropylene homopolymers and copolymers at concentrations not to exceed 0.3% by weight in the finished polymers.,ethanol,B,80,
fcn,"Oxirane, 2-methyl-, polymer with oxirane, ether with 2,2',2'',2'''-[sulfonylbis[4,1-phenylene-2,1-diazenediyl(3-methyl-4,1-phenylene)nitrilo]]tetrakis[ethanol] (4:1) (CAS Reg. No. 927432-39-1).",,"As a colorant in high density polyethylene and polypropylene homopolymers and copolymers, at concentrations not to exceed 0.3 percent by weight of the finished polymers, except for use in packaging of infant formula and ",ethanol,B,80,
fcn,Sodium carboxymethylcellulose (CAS Reg. No. 9004-32-4).,,"The FCS will be added at the wet-end of a standard papermaking process as dry-strength agent in the manufacture of food-contact paper and paperboard products, except for use in contact with infant formula and breast milk",sodium,A,80,
fcn,"2-propenoic acid, homopolymer, sodium salt (with a weight average molecular weight of 3000 to 7000 Daltons and a weight average molecular weight to number average molecular weight ratio of not more than 3.0) (CAS Reg. No. 9003-04-7).",,"To control the formation of mineral scale during evaporation of beet or cane sugar juice, except for use in contact with infant formula and breast milk (see Limitations/Specifications).",sodium,A,80,
fcn,"An aqueous mixture of peroxyacetic acid (CAS Reg. No. 79-21-0), hydrogen peroxide (CAS Reg. No. 7722-84-1), sodium hydroxide (CAS Reg. No. 1310-73-2), and glycerine (CAS Reg. No. 56-81-5).",,"As an antimicrobial agent added to process water or ice used for preparing whole and cut meat and whole or cut poultry products, including hides, parts, trim and organs, and for processing fruits and vegetables.",sodium,A,80,
fcn,"Mixture of 5-chloro-2-methyl-4-isothiazolin-3-one (CIT; CAS Reg. No. 26172-55-4) and 2-methyl-4-isothiazolin-3-one (MIT; CAS Reg. No. 2682-20-4), at a ratio of 3 parts to 1 part by weight, optionally stabilized with magnesium or sodium nitrate and copper (II) nitrate.",,"As a biocide in polymer latex emulsions, coating formulations and additives for coating formulations used for food packaging, except for use in contact with infant formula and breast milk (see Limitations/Specifications)",copper,A,80,magnesium(80);sodium(80)
fcn,Calcium aluminum hydroxyl carbonate (CAS Reg. No. 65997-16-2).,,As an acid scavenger in food-contact polyolefin and polyvinyl chloride materials.,calcium,A,80,
fcn,"2-Propenonic acid, polymer with 2,5-furandione, sodium salt (CAS Reg. No. 52255-49-9).",,"As a dispersing agent in bleaching stabilizer formulations used in the mechanical pulp bleaching process of food-contact paper and paperboard manufacture, except for use in contact with infant formula and breast milk (se",sodium,A,80,
fcn,"Copper, [C,C,C,C-tetrachloro-29H,31H-phthalocyaninato(2-)-N29,N30,N31,N32] (CAS Reg. No. 27614-71-7).",,"As a colorant in all types of food-contact polymers, except for use in contact with infant formula and breast milk (see Limitations/Specifications).",copper,A,80,
fcn,"Diethylenetriamine penta(methylene phosphonic acid), sodium salt (DTPMP) (CAS Reg. No. 22042-96-2).",,"As a chelating agent in bleaching stabilizer formulations used in the mechanical pulp bleaching process during the manufacture of food-contact paper and paperboard, except for use in contact with infant formula and breas",sodium,A,80,
fcn,Vinylidene fluoride-hexafluoropropene copolymer (CAS Reg. No. 9011-17-0).,,"As a processing aid for food contact polymers, except for use in contact with infant formula and breast milk (see Limitations/Specifications).",fluoride,A,80,
fcn,"2-Propen-1-aminium,N,N-dimethyl-N-2-propenyl-,chloride, polymer with 2-propenamide and 2-propenoic acid (CAS Reg. No. 25136-75-8).",,"As a co-binder for pigment-based paperboard coating formulations, except for use in contact with infant formula and breast milk.",chloride,A,80,
fcn,"2-Propenoic acid, polymer with 1,1'-(1,4-butanediyl) di-2-propenoate, isooctyl 2-propenoate, &alpha;-(2-methyl-1-oxo-2-propen-1-yl)-&omega;-methoxypoly(oxy-1,2-ethanediyl) and sodium 4-ethenylbenzenesulfonate (1:1) (CAS Reg. No. 1613467-46-1)",,"The FCS is used as the base polymer in the adhesive film used to repair torn paper/paperboard, for contacting all food types under all conditions of use (see Tables 1 and 2), except for use in contact with infant formula",sodium,A,80,
fcn,"A mixture of 5-chloro-2-methyl-4-isothiazolin-3-one (CIT; CAS Reg. No. 26172-55-4) and 2-methyl-4-isothiazolin-3-one (MIT; CAS Reg. No. 2682-20-4) at a ratio of 3 parts to 1 part by weight, optionally stabilized with magnesium or sodium nitrate at a 1 to 1 ratio (weight/weight) with the sum of isothiazolones and further stabilized with 0.15 percent copper (II) nitrate.",,"As an antimicrobial agent in polymer latex solutions used in adhesives complying with 21 CFR 175.105, except for use in contact with infant formula and breast milk (see Limitations and Specifications).",copper,A,80,magnesium(80);sodium(80)
fcn,Sodium alkyl (C10-16) ethoxylated sulfate,,"For use as an emulsifier in the production of acrylic and modified acrylic polymers, styrene-acrylic copolymers, and vinyl acetate copolymers used as pigment binders in coatings for paper and paperboard that contact all ",sodium,A,80,
fcn,"Polyacrylic acid, neutralized sodium salt, polymer (CAS Reg. No. 292842-03-6)",,"The FCS will be used as a rinse aid on food preparation, storage, and eating utensils in commercial facilities such as restaurants, delis, cafeterias, bars, residential dining facilities and medical institutions. Applica",sodium,A,80,
fcn,"Polyacrylic acid, partially neutralized sodium salt, polymer (CAS Reg. No. 68479-09-4).",,"The FCS will be used as a rinse aid on food preparation, storage, and eating utensils in commercial facilities such as restaurants, delis, cafeterias, bars, residential dining facilities, and medical institutions. Applic",sodium,A,80,
fcn,"A mixture of 5-chloro-2-methyl-4-isothiazolin-3-one (CAS Reg. No. 26172-55-4) and 2-methyl-4-isothiazolin-3-one (CAS Reg. No. 2682-20-4) at a ratio of 3 parts to 1 part by weight, optionally stabilized with magnesium or sodium nitrate and further stabilized with 0.15% copper (II) nitrate.",,"The FCS is intended for use as a preservative in resinous and polymeric coatings for polyolefin films complying with 21 CFR 175.320 and in coatings and/or coating components complying with 21 CFR 175.300, except for use ",copper,A,80,magnesium(80);sodium(80)
fcn,"Cross-linked 2-propenoic acid, homopolymer, sodium salt (CAS Reg. No. 9003-04-7); REPLACES FCN 1388",,As a fluid absorbent with food contact materials,sodium,A,80,
fcn,"2-Propenoic acid, polymer with sodium 2-hydroxy-3-(2-propen-1-yloxy)-1-propanesulfonate (1:1) and &alpha;-sulfo-&omega;-(2-propen-1-yloxy)poly(oxy-1,2-ethanediyl) ammonium salt (1:1), sodium salt (CAS Reg. No. 903573-39-7).",,For use as an antiscalant in boiler water additive products complying with 21 CFR 173.310.,sodium,A,80,
fcn,"2-Propen-1-aminium, N,N-dimethyl-N-2-propen-1-yl-, chloride (1:1), polymer with ethanedial and 2-propenamide (CAS Reg. No. 32555-39-8).",,"As a dry- and wet-strength agent employed prior to the sheet-forming operation in the manufacture of paper and paperboard in contact with all food types, except for use in infant formula and breast milk (see Limitations/",chloride,A,80,
fcn,Vinylidene fluoride-hexafluoropropene copolymer (CAS Reg. No. 9011-17-0).,,"As a processing aid for food contact polymers, except for use in contact with infant formula and breast milk (see Limitations/Specifications).",fluoride,A,80,
fcn,A solution of silver dihydrogen citrate stabilized with sodium lauryl sulfate and citric acid,,"As an antimicrobial solution applied by spray or dip to reduce the pathogen populations on poultry carcasses, parts and organs. (See Limitations/Specifications)",sodium,A,80,
fcn,"Benzoic acid, 4-[(4-chlorobenzoyl)amino]-, sodium salt (1:1) (CAS Reg. No. 1489170-67-3)",,"As a nucleating agent in food-contact polyolefin materials and articles, except for use in contact with infant formula and breast milk (see Limitations/Specifications).",sodium,A,80,
fcn,"Diphosphoric acid, copper (2+) salt, hydrate (1:2:x) (CAS Reg. No. 16570-28-8) (Note: where x is unspecified, therefore this submission can cover both the anhydrous and hydrated versions of copper pyrophosphate.)",,"As a colorant and UV/IR absorber (specifically for laser marking on the non-food contact surface of polymers, fingerprinting/identity preservation, and/ or heat accelerating for molding and forming polymers) for all food",copper,A,80,
fcn,Chromium Nitride (CAS Reg. No. 24094-93-7),,"The FCS will be used as a component of surface coating on repeat-use food processing and food packaging equipment to prevent abrasive wear to the components of the equipment, except for use in contact with infant formula",chromium,A,80,
fcn,"1-Propanaminium, N,N,N-trimethyl-3-[(1-oxo-2-propen-1-yl)amino]-, chloride (1:1), polymer with ethenamine and 2-propenamide, hydrochloride (CAS Reg. No. 1659307-53-5).",,"As a dry strength agent employed prior to the sheet-forming operation in the manufacture of uncoated paper that will be used in contact with all food types, except for use in contact with infant formula and breast milk (",chloride,A,80,
fcn,A solution of silver dihydrogen citrate stabilized with sodium lauryl sulfate and citric acid.,,As an antimicrobial solution applied by spray or dip on fruits and vegetables intended for processing (see Limitations/Specifications).,sodium,A,80,
fcn,"A mixture of 5-chloro-2-methyl-4-isothiazolin-3-one (CIT; CAS Reg. No. 26172-55-4) and 2-methyl-4-isothiazolin-3-one (MIT; CAS Reg. No. 2682-20-4) at a ratio of 3 parts to 1 part by weight, optionally stabilized with magnesium or sodium nitrate and optionally further stabilized with 0.15 percent copper(II) nitrate.",,The FCS is intended for use as: (1) an antimicrobial agent in polymer latex solutions used in adhesives complying with 21 CFR 175.105; (2) a preservative in resinous and polymeric coatings for polyolefin films complying ,copper,A,80,magnesium(80);sodium(80)
fcn,"An aqueous mixture containing peroxyacetic acid (CAS Reg. No. 79-21-0), hydrogen peroxide (CAS Reg. No. 7722-84-1), acetic acid (CAS Reg. No. 64-19-7), 1-hydroxyethylidene-1,1-diphosphonic acid (HEDP) (CAS Reg. No. 2809-21-4), dipicolinic acid (CAS Reg. No. 499-83-2), and sodium hydroxide (CAS Reg. No. 1310-73-2).",,"As an antimicrobial agent in: (1) process water applied as a spray, wash, rinse, dip, chiller water, low-temperature (e.g., less than 40 °F) immersion baths, or scald water for whole or cut poultry carcasses, parts, trim",sodium,A,80,
fcn,"A mixture of 5-chloro-2-methyl-4-isothiazolin-3-one (CMIT; CAS Reg. No. 26172-55-4) and 2-methyl-4-isothiazolin-3-one (MIT; CAS Reg. No. 2682-20-4) at a ratio of 3 parts to 1 part by weight, stabilized with magnesium nitrate (CAS Reg. No.: 10377-60-3) and/or magnesium chloride (CAS Reg. No. 7786-30-3), and further stabilized with 0.15% copper (II) nitrate (CAS Reg. No.: 19004-19-4).",,As an antimicrobial agent in polymer latex solutions used in adhesives complying with 21 CFR 175.105; as a preservative in resinous and polymeric coatings and/or coating components complying with 21 CFR 175.300; as a pre,chloride,A,80,copper(80);magnesium(80)
fcn,"2-Pyridinethiol-1-oxide, sodium salt (CAS Reg. No. 15922-78-8; 3811-73-2)",,"As a preservative for a rinse aid for use on food preparation, storage, and eating utensils in commercial facilities such as restaurants, delis, cafeterias, bars, residential dining facilities, and medical institutions. ",sodium,A,80,
fcn,"Benzenemethanaminium, N,N-dimethyl-N-[2-[(2-methyl-1-oxo-2-propen-1-yl)oxy]ethyl]-, chloride (1:1), polymer with 2-(dimethylamino)ethyl 2-methyl-2-propenoate, N,N-dimethyl-N-[2-[(1-oxo-2-propen-1-yl)oxy]ethyl]benzenemethanaminium chloride (1:1), 2-methylenebutanedioic acid, 2-propenamide and N,N,N-trimethyl-2-[(2-methyl-1-oxo-2-propen-1-yl)oxy]ethanaminium chloride (1:1), cross-linked with dialkylacrylamide and alkylenebisacrylamide, as identified in the notification.",,"The FCS is intended for use as a dry strength agent added prior to the sheet forming process in the manufacture of paper and paperboard, except for use in contact with infant formula and human milk (see Limitations/Speci",chloride,A,80,
fcn,"Chromium metal, chromium (III) oxide, chromium (III) hydroxide and chromium carbide material obtained by electrodeposition onto low carbon mild steel.",,The FCS is applied to a low carbon mild steel substrate for use in the manufacture of food-packaging articles.,chromium,A,80,
fcn,"A mixture of 5-chloro-2-methyl-4-isothiazolin-3-one (CIT; CAS Reg. No. 26172-55-4) and 2-methyl-4-isothiazolin-3-one (MIT; CAS Reg. No. 2682-20-4) at a ratio of 3 parts to 1 part by weight, optionally stabilized with magnesium nitrate or sodium nitrate and optionally further stabilized with 0.15 percent copper (II) nitrate.",,The FCS is intended for use as:an antimicrobial agent in polymer latex solutions used in adhesives complying with 21 CFR 175.105;a preservative in resinous and polymeric coatings for polyolefin films complying with 21 CF,copper,A,80,magnesium(80);sodium(80)
fcn,"2-Propenoic acid, homopolymer, sodium salt (CAS Reg. No. 9003-04-7).",,"As a mineral pigment dispersant for calcium carbonate or kaolin pigments in the manufacture of food-contact paper and paperboard in contact with all food types, except for use in contact with infant formula and human mil",sodium,A,80,
fcn,A solution of silver dihydrogen citrate stabilized with sodium lauryl sulfate and citric acid.,,"As an antimicrobial solution applied by spray or dip to reduce the pathogen populations on poultry carcasses, parts, and organs. (See Limitations/Specifications).",sodium,A,80,
fcn,"2-Propenoic acid, sodium salt, homopolymer (CAS Reg. No. 9003-04-7). REPLACES FCN 946",,"As a mineral pigment dispersant in the manufacture of food-contact paper and paperboard, except for use in contact with infant formula and human milk (see Limitations/Specifications).",sodium,A,80,
fcn,"Copolymers of acrylamide, diallyldimethylammonium chloride, 2-methylenebutanedioic acid and propenoic acid. REPLACES FCN 1592",,"For use as a wet and dry strength agent, retention and/or drainage aid to be added prior to the sheet forming process, and as a pitch control agent added prior to the sheet forming process/or to pulp in the pulping proce",chloride,A,80,
fcn,"A polymer produced from tetrafluoroethylene (CAS Reg. No. 116-14-3) and 1,1,2,2-tetrafluoro-2-((1,2,2-trifluoroethenyl)oxy)ethanesulfonyl fluoride (CAS Reg. No. 29514-94-1). The polymer is hydrolyzed and may optionally be further neutralized to its ammonium salt.",,"As a component of coatings for repeat-use food filtration membranes, except for use in contact with infant formula or ingredients used for making infant formula (see Limitations/Specifications).",fluoride,A,80,
fcn,"An aqueous solution of peroxyacetic acid (PAA) (CAS Reg. No. 79-21-0), hydrogen peroxide (CAS Reg. No. 7722-84-1), acetic acid (CAS Reg. No. 64-19-7), with oxalic acid (CAS Reg. No. 144-62-7) and/or maleic acid (CAS Reg. No. 110-16-7).",,"The FCS will be used as an antimicrobial agent for the commercial sterilization of aseptic filling equipment and polymeric food packaging prior to filling, except for use on food packaging used in contact with infant for",oxalate,B,100,
fcn,"Benzenesulfonic acid, 2,2'-(1,2-ethenediyl)bis[5-[[4-(4-morpholinyl)-6-(phenylamino)-1,3,5-triazin-2-yl]amino]-, sodium salt (CAS Reg. No. 16090-02-1).",,"As an optical brightener in paper and paperboard, except for use in contact with infant formula and human milk (see Limitations/Specifications).",sodium,A,80,
fcn,Chromium (III) oxide (CAS Reg. No.1308-38-9).,,"As a surface coating on repeat-use food processing and food packaging equipment to prevent abrasive wear to the components of the equipment, except for use in contact with infant formula and human milk. (see Limitations/",chromium,A,80,
fcn,"1,4-Benzenedicarboxylic acid, polymer with 1,4-cyclohexanedimethanol, 1,2-ethanediol,[4-(hydroxymethyl) cyclohexyl]methyl 4-(hydroxymethyl)cyclohexanecarboxylate, 2,2'-oxybis[ethanol] and 4,4'-[oxybis(methylene)]bis[cyclohexanemethanol] (CAS Reg. No. 1632972-01-0).",,"As a polymeric component of food-contact articles, except for use in contact with infant formula and human milk (see Limitations/Specifications).",ethanol,B,80,
fcn,"Sodium salt of (2-propenoic acid, polymers with acrylic acid-isopropanol reaction products (CAS Reg. No. 113133-74-7)).",,"As a mineral pigment dispersant used in the manufacture of food-contact paper and paperboard, except for use in contact with infant formula and human milk (see Limitations/Specifications).",sodium,A,80,
fcn,Phthalimidomethyl copper phthalocyanine (CAS Reg. No. 68411-06-3).,,"As a colorant in polymeric food packaging, except for use in contact with infant formula and human milk (see Limitations/Specifications).",copper,A,80,
fcn,"2-Propen-1-aminium, N,N-dimethyl-N-2-propen-1-yl-, chloride (1:1), polymer with 2-propenamide, decarboxylated, hydrochlorides (CAS Reg. No. 913068-94-7).; REPLACES FCN 971",,"As a dry strength agent in food-contact paper and paperboard, except for use in contact with infant formula and human milk (see Limitations/Specifications).",chloride,A,80,
fcn,Sodium chlorite (CAS Reg. No. 7758-19-2).,,"As an antimicrobial agent in water and ice that is used to rinse, wash, thaw, transport, or store seafood.",sodium,A,80,
fcn,"2-Propen-1-aminium, N,N-dimethyl-N-2-propen-1-yl-, chloride (1:1), polymer with ethanedial and 2-propenamide (CAS Reg. No. 32555-39-8).",,"As a dry- and wet-strength agent employed prior to the sheet-forming operation in the manufacture of paper and paperboard in contact with all food types, except for use in contact with infant formula and human milk (see ",chloride,A,80,
fcn,"Ethanaminium, N,N,N-trimethyl-2-[(1-oxo-2-propen-1-yl)oxy]-, chloride (1:1), polymer with 2-propenamide (CAS Reg. No. 69418-26-4) with up to 0.06 mol % of poly(oxy-1,2-ethanediyl), alpha-(2-methyl-1-oxo-2-propen-1-yl)-omega-hydroxy-, C16-18-alkyl ethers (CAS Reg. No. 70879-51-5).",,"As a flocculant, dry strength agent, and retention and/or drainage aid in the manufacture of food contact paper and paperboard except for use in contact with infant formula and/or human milk (see Limitations/Specificatio",chloride,A,80,
fcn,"Copolymer of vinyl acetate (CAS Reg No. 108-05-4), butyl acrylate (CAS Reg No 141-32-2), glycidyl methacrylate (CAS Reg. No. 106-91-2), itaconic acid (CAS Reg. No. 97-65-4), and sodium vinylsulfonate (CAS Reg. No. 3039-83-6).",,"As a pigment binder in coatings on paper and paperboard intended to contact food, except for use in contact with infant formula and human milk (see Limitations/Specifications).",sodium,A,80,
fcn,"2-propenoic acid, polymer with sodium phosphinate (1:1), neutralized with sodium, calcium, and/or magnesium (including CAS Reg. No. 129898-01-7 (Na salt), CAS Reg. No. 935545-65-6 (Mg Na salt)).",,"As an aid for dispersing and grinding mineral filler to be used in polyolefin food contact materials, except for use in contact with infant formula and human milk (see Limitations/Specifications).",calcium,A,80,magnesium(80);sodium(80)
fcn,"The FCS is a reaction product of three polymers:2-propenoic acid, 2-methyl-, methyl ester, polymer with 4,5-dihydro-2-(1-methylethenyl)oxazole and ethyl 2-propenoate (CAS Reg. No. 57460-65-8); methyl methacrylate, ethyl acrylate, methacrylic acid, butanoic acid 3-oxo-2-[(2-methyl-1-oxo-2-propenyl)oxy]ethyl ester, 3-(trimethoxysilyl)propyl methacrylate with poly(oxy-1,2-ethanediyl), alpha-sulfo-omega-[4-nonyl-2-(1-propen-1-yl)phenoxy]-, branched, ammonium salts copolymer; and1,3-benzenedicarboxylic acid, polymer with 2-[(2-aminoethyl)amino]ethanol, 1,3-bis(isocyanatomethyl)cyclohexane, decanedioic acid, 1,3-diisocyanatomethylbenzene, 2,2-dimethyl-1,3-propanediol, 1,2-ethanediol and 3-hydroxy-2-(hydroxymethyl)-2- methylpropanoic acid, compound with 1,1',1''-nitrilotris[2-propanol] (CAS Reg. No. 1239020-50-8). REPLACES FCN 1767",,"As a coating on poly(ethylene terephthalate) (PET) and poly(butylene terephthalate) (PBT) food packaging films, except for use in contact with infant formula and human milk.",ethanol,B,80,
fcn,"Butanedioic acid, 2-methylene-, polymer with ethenyl acetate, hydrolyzed, sodium salts (CAS Reg. No. 122625-12-1).",,"For use in coatings for food-contact paper and paperboard and food-contact polymer films, except for use in contact with infant formula and human milk (see Limitations/Specifications).",sodium,A,80,
fcn,Aluminum silicon silver oxide with sodium zeolite Y (CAS Re. No. 308081-05-2).,,For repeated use in filtering of distilled alcoholic beverages.,sodium,A,80,
fcn,"Copolymers of acrylamide, 2-(dimethylamino)ethyl methacrylate, itaconic acid, benzyl[2-(methacryloyloxy)ethyl](dimethyl)ammonium chloride, and benzyldimethyl[2-[(1-oxoallyl)oxy]ethyl]ammonium chloride, optionally crosslinked with hexahydro-1,3,5-tris(1-oxoallyl)-1,3,5-triazine.",,"For use as a dry strength agent added prior to the sheet forming process in the manufacture of paper and paperboard, except for use in contact with infant formula and human milk (see Limitations/Specifications).",chloride,A,80,
fcn,Silver-magnesium-zinc-aluminum-calcium-sodium-borate-phosphate glass.,,"As an antimicrobial agent in all types of food contact polymers, except for use in contact with infant formula and human milk (see Limitations/Specifications).",calcium,A,80,magnesium(80);sodium(80)
fcn,2-(dimethylamino)ethanol (CAS Reg. No. 108-01-0).,,"As a pH control agent in polyolefin dispersions for use as coatings on paper and paperboard, except for use in contact with infant formula and human milk (see Limitations/Specifications).",ethanol,B,80,
fcn,"Polyester-polyurethane adhesive formulated from the following: 1,3-benzenecarboxylic acid (CAS Reg. No. 121-91-5); 2-ethyl-2-(hydroxymethyl)-1,3-propanediol (CAS Reg. No. 77-99-6); hexanedioic acid (CAS Reg. No. 124-04-9); 1,2-propanediol (CAS Reg. No. 57-55-6); diphenylmethane 4,4'-diisocyanate (CAS Reg. No. 101-68-8); bis(isocyanatophenyl) methane (CAS Reg. No. 26447-40-5); castor oil (CAS Reg. No. 8001-79-4); 1-propanamine, 3-(trimethoxysilyl)-N-[3-(trimethoxysilyl)propyl]- (CAS Reg. No. 82985-35-1); poly[oxy(methyl-1,2-ethanediyl)], &alpha;-hydro-&omega;-hydroxy- (CAS Reg. No. 25322-69-4); ethanol, 2,2'-[1,2-ethanediylbis(oxy)]bis- (CAS Reg. No.112-27-6); poly[oxy(methyl-1,2-ethanediyl)], &alpha;,&alpha;',&alpha;''-1,2,3-propanetriyltris[&omega;-hydroxy- (CAS Reg. No. 25791-96-2).",,"For use as an adhesive in laminate structures that are intended for use in contact with all types of food, except for use in contact with infant formula and human milk (see Limitations/Specifications).",ethanol,B,80,
fcn,"1,3-Benzenedicarboxylic acid, 5-sulfo-, 1,3-dimethyl ester, sodium salt (1:1), polymer with dimethyl 1,4-benzenedicarboxylate and 1,2-ethanediol (CAS Reg. No. 27937-63-9).",,"As a surface treatment agent for talc added to inhibit hydrolysis of food-contact polymers, except for use in contact with infant formula and human milk (see Limitations/Specifications).",sodium,A,80,
fcn,"2-Propenoic acid, polymer with sodium phosphinate (1:1), neutralized with sodium, calcium, and/or magnesium (including CAS Reg. No. 129898-01-7 (Na salt), CAS Reg. No. 935545-65-6 (Mg Na salt)).",,"As an aid for dispersing and grinding pigments in mineral coatings of food-contact paper and paperboard, except for use in contact with infant formula and human milk (see Limitations/Specifications).",calcium,A,80,magnesium(80);sodium(80)
fcn,"A mixture of 35-60 percent hydroxysulfinoacetic acid, disodium salt (CAS Reg. No. 223106-41-0), 10-60 percent hydroxysulfoacetic acid, disodium salt (CAS Reg. No. 29736-24-1), and 0-40 percent sodium sulfite (CAS Reg. No. 7757-83-7).",,"As a reducing agent in emulsion polymerization redox catalyst systems. The produced polymers will be used as components of food contact articles, including for use in contact with infant formula and human milk.",sodium,A,80,
fcn,"An aqueous mixture of peroxyacetic acid (PAA) (CAS Reg. No. 79-21-0), hydrogen peroxide (HP) (CAS Reg. No. 7722-84-1), acetic acid (AA) (CAS Reg. No. 64-19-7), 1-hydroxyethylidene-1,1-diphosphonic acid (HEDP) (CAS Reg. No. 2809-21-4), and optionally dipicolinic acid (DPA) (CAS Reg. No. 499-83-2) and/or sodium hydroxide (NaOH) (CAS Reg. No. 1310-73-2). REPLACES FCN 1426",,As an antimicrobial agent in process water and ice used for washing or chilling fruits and vegetables.,sodium,A,80,
fcn,"Copolymers of styrene (CAS Reg. No. 100-42-5), &alpha;-methylstyrene (CAS Reg. No. 98-83-9), butyl methacrylate (CAS Reg. No. 97-88-1), 2-ethylhexyl acrylate (CAS Reg. No. 103-11-7), methyl methacrylate (CAS Reg. No. 80-62-6), butyl acrylate (CAS Reg. No. 141-32-2), itaconic acid (CAS Reg. No. 97-65-4), methacrylic acid (CAS Reg. No. 79-41-4), hydroxypropyl acrylate (CAS Reg. No. 999-61-1 and CAS Reg. No. 2918-23-2), sodium methallyl sulfonate (CAS Reg. No. 1561-92-8), and sodium styrene sulfonate (CAS Reg. No. 2695-37-6).",,"For use as a dispersant for rosin sizing agents added prior to the sheet forming process in the manufacture of paper and paperboard, except for use in contact with infant formula and human milk (see Limitations/Specifica",sodium,A,80,
fcn,Diallyldimethylammonium chloride polymer with acrylamide (CAS Reg. No. 26590-05-6) produced by copolymerizing up to 5 weight percent of acrylamide and up to 95 weight percent of diallyldimethylammonium chloride.,,"For use as a charge and pitch control aid, coagulant, or drainage aid to be added prior to the sheet forming process in the manufacture of food contact paper and paperboard, except for use in contact with infant formula ",chloride,A,80,
fcn,"Manganese ferrite black hematite (C.I. Pigment Black 33, CAS Reg. No. 188735-18-4).",,"The intended use of the FCS is as a colorant in all food-contact polymers, except for use in contact with infant formula and human milk (see Limitations/Specifications).",manganese,A,80,
fcn,Chromium(3+) iron(3+) trioxidandiide (C.I. Pigment Brown 29; CAS Reg. No. 109414-04-2 and CAS Reg No. 12737-27-8).,,"The intended use of the FCS is as a colorant in all food-contact polymers, except for use in contact with infant formula and human milk (see Limitations/Specifications).",chromium,A,80,
fcn,"Copolymer of acrylamide, 2-methacryloxyethyltrimethylammonium chloride, itaconic acid, and N,N'-methylenebis(acrylamide) (CAS Reg. No. 214495-32-6).",,"For use as a wet and dry strength agent, as a retention and/or drainage aid added prior to the sheet forming process in the manufacture of paper and paperboard, and as a pitch control agent added prior to the sheet formi",chloride,A,80,
fcn,Tungsten carbide containing up to 15 percent nickel with up to 1.5 percent chromium carbide.,,"The food contact substances will be used in the manufacture of food processing equipment (specifically, as wear parts in applications of producing foods, e.g., for cutting cheese in blocks, for homogenization of milk (no",chromium,A,80,
fcn,Magnesium sodium fluoride silicate (CAS Reg. No. 56450-90-9).,,"As a barrier to water vapor in coatings applied to food-contact paper and paperboard, except for use in contact with infant formula and human milk (see Limitations/Specifications).",fluoride,A,80,magnesium(80);sodium(80)
fcn,Chromium nitride.,,"For use as a ceramic coating, or a component of ceramic coatings, including multilayer coatings, for repeated-use food-contact articles used in contact with infant formula and human milk.",chromium,A,80,
fcn,"2-propenoic acid, polymer with sodium phosphinate (1:1), neutralized with calcium and sodium (CAS Reg. No. 2144395-83-3).",,"As an aid for dispersing and grinding mineral fillers in the wet-end during the manufacture of food-contactpaper and paperboard, except for use in contact with infant formula and human milk (see Limitations/Specification",calcium,A,80,sodium(80)
fcn,"Niobium-doped titanium dioxide, coated with calcium titanate",,"For use as a laser-marking agent for all food-contact polymers, except for use in contact with infant formula and human milk (see Limitations/Specifications).",calcium,A,80,
fcn,"2-propenoic acid, polymer with sodium phosphinate (1:1), neutralized with sodium, calcium, and/or magnesium (including CAS Reg. No. 129898-01-7 (Na salt), CAS Reg. No. 935545-65-6 (Mg Na salt), and CAS Reg. No. 2144395-83-3 (Ca Na salt)).",,"As a mineral pigment dispersant in the manufacture of food-contact paper and paperboard, except for use in contact with infant formula and human milk (see Limitations/Specifications).",calcium,A,80,magnesium(80);sodium(80)
fcn,"Cross-linked 2-propenoic acid, homopolymer, sodium salt (CAS Reg. No. 9003-04-7).",,As a fluid absorbent with food packaging materials.,sodium,A,80,
fcn,"Methacrylic acid, polymer with cyclohexyl methacrylate, 2-ethylhexyl acrylate, itaconic acid, acrylamide tert-butylsulfonic acid, acrylamide, and acrylic acid, sodium salt.",,"A dispersant for rosin emulsion sizing agents in the paper and paperboard making process, except for use in contact with infant formula and human milk (see Limitations/Specifications).",sodium,A,80,
fcn,"Ethanol, 2-amino- (CAS Reg. No. 141-43-5). REPLACES FCN 1756",,"As a component of fillers or coatings for paper and paperboard, including for use in contact with dry (powdered) infant formula (see Limitations/Specifications).",ethanol,B,80,
fcn,"Methacrylic acid, polymer with butyl acrylate, styrene, itaconic acid and acrylamide, sodium salt.",,"For use as a dispersant for rosin emulsion sizing agent in paper and paperboard making process, except for use in contact with infant formula and human milk. (see Limitations/Specifications)",sodium,A,80,
fcn,"Silicic acid, aluminum magnesium sodium salt, CAS Reg. No. 12040-43-6. REPLACES FCN 2027",,"The FCS is intended for use as an acid scavenger in polypropylene (PP), at levels up to 1800 parts per million (ppm) by weight, except for use in contact with infant formula and human milk (see Limitations/Specifications",magnesium,A,80,sodium(80)
fcn,"2-Propenoic acid, 2-methyl-, polymer with 2-methyloxirane polymer with oxirane monoether with 1,2-propanediol mono(2-methyl-2-propenoate) and 2-propenoic acid, sodium salt (CAS Reg. No. 2272985-43-8).",,"As an adjuvant for mineral coatings applied to food-contact paper and paperboard, except for use in contact with infant formula and human milk (see Limitations/Specifications).",sodium,A,80,
fcn,"Bicyclo[2.2.1]heptane-2,3-dicarboxylic acid, calcium salt (1:1), (1R,2R,3S,4S)-rel- (CAS Reg. No. 839683-04-4).",,"As a nucleating agent in the manufacture of polyolefin food contact articles, except for use in contact with infant formula or human milk.",calcium,A,80,
fcn,Chromium(3+) iron(3+) trioxidandiide (C.I. Pigment Brown 29; CAS Reg. No. 109414-04-2 and CAS Reg No. 12737-27-8).,,"The intended use of the FCS is as a colorant in all food-contact polymers, except for use in contact with infant formula and human milk (see Limitations/Specifications).",chromium,A,80,
fcn,Chromium iron oxide (C.I. Pigment Brown 29; CAS Reg. No. 109414-04-2 and CAS Reg. No. 12737-27-8).,,"The intended use of the FCS is as a colorant in all food-contact polymers, except for use in contact with infant formula and human milk (see Limitations/Specifications).",chromium,A,80,
fcn,Calcium tert-butylphosphonate (CAS Reg. No. 81607-35-4).,,"As a nucleating agent in the manufacture of polyolefin food contact materials and articles, including for use in contact with infant formula and human milk.",calcium,A,80,
fcn,"1-Propanesulfonic acid, 2-methyl-2-[(1-oxo-2-propen-1-yl)amino]-, sodium salt (1:1), polymer with 2-propenamide, reaction products with glyoxal (CAS Reg. No. 2614959-08-7).",,"For use as a dry-and wet-strength, drainage and dewatering agent employed prior to the sheet-forming operation in the manufacture of paper and paperboard, except for use in contact with infant formula and human milk (see",sodium,A,80,
fcn,"Lignosulfonic acid, sodium salt (CAS Reg. No. 8061-51-6).",,As a dispersant in a coating used on wooden pallets used for hydrocooling produce.,sodium,A,80,
fcn,"Cross-linked 2-propenoic acid, homopolymer, sodium salt (CAS Reg. No. 9003-04-7).",,As a fluid absorbent in food packaging materials.,sodium,A,80,
fcn,"Industrial starch modified by treatment with greater than 5 percent and not more than 21 percent 2,3-epoxypropyltrimethylammonium chloride (CAS Reg. No. 56780-58-6).",,"As a retention aid, drainage aid, and/or dry-strength agent employed prior to the sheet forming operation in the manufacture of food-contact paper and paperboard, except for use in contact with infant formula and human m",chloride,A,80,
fcn,"Rice bran wax, oxidized (CAS Reg. No. 1883583-80-9) and its calcium salt (CAS Reg. No. 1850357-57-1) or sodium salt (CAS Reg. No. 2759532-87-9).",,"As a processing aid, lubricant, release agent, and/or slip additive in food-contact polyesters, including infant formula and human milk.",calcium,A,80,sodium(80)
fcn,"Ethanaminium, N,N,N- trimethyl-2-[(1-oxo-2-propen-1-yl)oxy]-, chloride (1:1), polymer with 2-propenamide (CAS Reg. No. 69418-26-4) modified with up to 2.0 % by weight of propenoic acid (CAS Reg. No. 79-10-7).",,"As a flocculent, retention and drainage aid in the manufacture of food-contact paper and paperboard, including for use in contact with powdered infant formula (see Limitations/Specifications).",chloride,A,80,
fcn,"Naphthalenesulfonic acid, C8-C10, C9-rich alkylderivatives, calcium salts, primarily calcium bis(di C8-C10, branched, C9 rich, alkylnaphthalenesulphonate) (CAS Reg. No. 1474044-79-5).",,"As a component of lubricants with incidental food contact in repeat use applications, except for use in contact with infant formula and human milk (see Limitations/Specifications).",calcium,A,80,
fcn,"2-Propenoic acid, polymer with 2,5-furandione, sodium salt (CAS Reg. No. 52255-49-9).",,"As a component of fillers or mineral coatings for uncoated and clay-coated paper and paperboard in contact with all foods, except for use in contact with infant formula and human milk (see Limitations/Specifications).",sodium,A,80,
fcn,"4-Chloro-3-methylphenol, sodium salt (CAS Reg. No. 15733-22-9).",,As an antimicrobial preservative in lubricants with incidental food contact.,sodium,A,80,
fcn,Calcium hydride (CAS Reg. No. 7789-78-8) used in conjunction with platinum oxide (CAS Reg. No. 1314-15-4) or zeolite encapsulated platinum (CAS Reg. Nos. 63231-69-6 and 20634-12-2),,"As an oxygen scavenging system in closures, except for use in contact with infant formula and human milk (see Limitations/Specifications).",calcium,A,80,
fcn,"Ethanaminium, N,N,N-trimethyl-2-[(1-oxo-2-propen-1-yl)oxy]-, chloride (1:1), polymer with 2-propenamide (CAS Reg. No. 69418-26-4).",,"As a flocculant, dry strength agent, retention and/or drainage aid in the manufacture of food contact paper and paperboard except for use in contact with infant formula and/or human milk (see Limitations/Specifications).",chloride,A,80,
fcn,"Industrial starch modified by treatment with greater than 5 percent and not more than 21 percent 2,3-epoxypropyltrimethylammonium chloride (CAS Reg. No. 56780-58-6).",,"The FCS is intended for use as a retention aid, drainage aid, and/or dry-strength agent employed prior to the sheet forming operation in the manufacture of food-contact paper and paperboard, except for use in contact wit",chloride,A,80,
fcn,"1,2-Cyclohexanedicarboxylic acid, calcium salt (1:1), (1R, 2S)-rel- (CAS Reg. No. 491589-22-1).",,"As a nucleating or clarifying agent in polyolefins, except for use in contact with infant formula and human milk.",calcium,A,80,
fcn,"An aqueous mixture of peroxyacetic acid (PAA) (CAS Reg. No. 79-21-0), hydrogen peroxide (HP) (CAS Reg. No. 7722-84-1), sodium acetate (CAS Reg. No. 127-09-3), and glycerol (CAS Reg. No. 56-81-5).",,"As an antimicrobial agent used:in process water, ice or brine used in washing, rinsing, scalding, or cooling whole or cut meat and poultry carcasses, parts, trim, and organs;in process water, ice, or brine used in washin",sodium,A,80,
fcn,"1,2-Cyclohexanedicarboxylic acid, calcium salt (1:1), (1R, 2S)-rel- (CAS Reg. No. 491589-22-1).",,"As a nucleating or clarifying agent in polyolefins, except for use in contact with infant formula and human milk (see Limitations/Specifications).",calcium,A,80,
fcn,"Acetic acid ethenyl ester, polymer with 2,5-furandione, hydrolyzed, sodium salts (CAS Reg. No. 1428741-30-3).",,"For use as a component of:coatings for paper and paperboardcreping agents used in the manufacture of paper, and; adhesives used in the manufacture of paper and paperboard tubes, except for use in contact with infant form",sodium,A,80,
fcn,"Magnesium and zinc complexes with 10-40% hydroxy(sulfinato)acetate (CAS Reg. No. 743407-32-1), 20-60% hydroxy(sulfonato)acetate (CAS Reg. No. 5980-14-3), and 5-30% glyoxylate (CAS Reg. No. 298-12-4).",,"As a reducing agent in emulsion polymerization redox catalyst systems. The produced polymers will be used as components of food contact articles, except for use in contact with infant formula and human milk (see Limitati",magnesium,A,80,
fcn,"L-Aspartic acid, N-benzoyl-, sodium salt (1:2) (CAS Reg. No. 2092399-70-5).",,"As a nucleating agent in polypropylene homopolymers and copolymers, except for use in contact with infant formula and human milk (see Limitations/Specifications).",aspartic_acid,A,90,sodium(80)
fcn,"4-Cyclohexene-1,2-dicarboxylic acid, calcium salt (1:1) (CAS Reg. No. 57545-78-5)",,"As a nucleating agent in polypropylene homopolymers and copolymers, except for use in contact with infant formula and human milk (see Limitations/Specifications).",calcium,A,80,
fcn,Zinc-silicate-sodium-calcium-potassium-borate glass.,,"As an antimicrobial agent in polypropylene (PP) and linear low-density polyethylene (LLDPE) repeat-use food contact articles, except for use in contact with infant formula and human milk (See Limitations/Specifications).",calcium,A,80,potassium(80);sodium(80)
fcn,"Crosslinked 2-propenoic acid, homopolymer, sodium salt (CAS Reg. No. 9003-04-7).",,As a fluid absorbent in food packaging materials.,sodium,A,80,
fcn,Sodium sulfate salt of ethoxylated (7 moles of ethylene oxide) n- and isoundecyl alcohol (C11) (CAS Reg. No. 219756-63-5).,,"For use as an emulsifier in the production of: (1) acrylic and modified acrylic polymers and vinyl acetate copolymers used as pigment binders in coatings for paper and paperboard (2) adhesives, pressure-sensitive adhesiv",sodium,A,80,
fcn,"Silicate(2-), hexafluoro-, disodium, reaction products with lithium magnesium sodium silicate (Type 1, containing fluorine) (CAS Reg. No. 85085-18-3), lithium magnesium sodium silicate (Type 2, without fluorine) (CAS Reg. No. 53320-86-8).",,"As a barrier additive in the production of food contact: (1) adhesives, and (2) polymeric dispersions used as coatings for plastic, metal, and paper and paperboard, except for use in contact with infant formula and human",magnesium,A,80,sodium(80)
fcn,"Poly(oxy-1,2-ethanediyl), &alpha;-sulfo-&omega;-hydroxy-, C12-16-alkyl ethers, sodium salts (CAS Reg. No. 161074-78-8).",,"For use as an emulsifier in the production of acrylic and modified acrylic polymers, styrene-acrylic copolymers, and vinyl acetate copolymers used as pigment binders in coatings for paper and paperboard, except for use i",sodium,A,80,
fcn,"2-Propenoic acid, polymer with sodium phosphinate (1:1), neutralized as sodium salt (CAS Reg. No. 129898-01-7), magnesium sodium salt (CAS Reg. No. 935545-65-6), calcium sodium salt, or calcium magnesium sodium salt. REPLACES FCN 1956",,"As an aid for dispersing and grinding mineral fillers in the wet-end process during the manufacture of food contact paper and paperboard used as packaging, including for use in contact with powdered (dry) infant formula ",calcium,A,80,magnesium(80);sodium(80)
fcn,"Poly(oxy-1,2-ethanediyl), &alpha;-sulfo-&omega;-hydroxy-, C12-14-alkyl ethers, sodium salts (CAS Reg. No. 68891-38-3).",,"For use as an emulsifier in the production of:acrylic and modified acrylic polymers, styrene-acrylic copolymers, and vinyl acetate copolymers used as pigment binders in coatings for paper and paperboard;adhesives and pre",sodium,A,80,
fcn,"2-Propen-1-aminium, N,N-dimethyl-N-2-propen-1-yl-, chloride (1:1) polymer with N-ethenylformamide, hydrolyzed, hydrochlorides (CAS Reg. No. 2803877-67-8).",,"As a wet-strength agent, dry-strength agent, fixing agent, or retention aid, which is applied prior to the sheet-forming operation in the manufacture of paper and paperboard, except for use in contact with infant formula",chloride,A,80,
fcn,"Aluminum magnesium carbonate hydroxide (quintinite), surface-treated with cis-1,2-cyclohexanedicarboxylic acid.",,"As a nucleating agent and acid scavenger in polyolefins, except for use in contact with infant formula and human milk (see Limitations/Specifications).",magnesium,A,80,
fcn,"Copolymer of acrylamide, 2-methacryloxyethyltrimethylammonium chloride, itaconic acid, and N,N'-methylenebis(acrylamide) (CAS Reg. No. 214495-32-6).",,"For use as a wet and dry strength agent, and/or retention aid, added prior to the sheet forming process in the manufacture of paper and paperboard, except for use in contact with infant formula and human milk (see Limita",chloride,A,80,
fcn,"1,2-Cyclohexanedicarboxylic acid, calcium salt (1:1), (1R, 2S)-rel- (CAS Reg. No. 491589-22-1).",,"As a nucleating or clarifying agent in polyolefins, except for use in contact with infant formula and human milk (see Limitations/Specifications).",calcium,A,80,
fcn,"Poly(oxy-1,2-ethanediyl), &alpha;-sulfo-&omega;-hydroxy-, C12-14-alkyl ethers, sodium salts (CAS Reg. No. 68891-38-3).",,"For use as an emulsifier/surfactant in the production of styrene-butadiene-acrylonitrile copolymer coatings for paper and paperboard, except for use in contact with infant formula and human milk (see Limitations/Specific",sodium,A,80,
fcn,"1,2-Cyclohexanedicarboxylic acid, calcium salt (1:1), (1R, 2S)-rel- (CAS Reg. No. 491589-22-1).",,"As a nucleating or clarifying agent in polyolefins, except for contact with infant formula and human milk (see Limitations/Specifications).",calcium,A,80,
fcn,"Rice bran wax, oxidized (CAS Reg. No. 1883583-80-9) and its calcium salt (CAS Reg. No. 1850357-57-1)",,"As a processing aid, lubricant, release agent, and/or slip additive in single- and repeat-use rigid polyvinyl chloride, except for use in contact with infant formula and human milk (see Limitations/Specifications).",calcium,A,80,
fcn,Silver-zinc-calcium-sodium-borate-phosphate glass,,"As an antimicrobial agent in food contact polymers, except for use in contact with infant formula and human milk (see Limitations/Specifications).",calcium,A,80,sodium(80)
indirect_additives,ACRYLAMIDE POLYMER WITH SODIUM 2-ACRYLAMIDO-2-METHYLPROPANESULFONATE,38193-60-1,,sodium,A,80,
indirect_additives,"2-ACRYLAMIDO-2-METHYLPROPANESULFONIC ACID, HOMOPOLYMER, SODIUM SALT",35641-59-9,,sodium,A,80,
indirect_additives,"ACRYLIC ACID-POLYETHYLENE GLYCOL ALLYL ETHER COPOLYMER, SODIUM SALT",86830-15-1,,sodium,A,80,
indirect_additives,"ALGINATE, AMMONIUM",9005-34-9,,alginate,B,80,
indirect_additives,ALKYL(C12-14)DIMETHYL(ETHYLBENZYL)AMMONIUM CHLORIDE,85409-23-0,,chloride,A,80,
indirect_additives,ALKYL(C10-20)DIMETHYLBENZYLAMMONIUM CHLORIDE,977182-67-4,,chloride,A,80,
indirect_additives,ALKYL(C12-16)DIMETHYLBENZYLAMMONIUM CHLORIDE,68424-85-1,,chloride,A,80,
indirect_additives,ALKYL(C12-18)DIMETHYLBENZYLAMMONIUM CHLORIDE,68391-01-5,,chloride,A,80,
indirect_additives,N-ALKYL(C12-C18)DIMETHYL ETHYLBENZYL AMMONIUM CHLORIDE,68956-79-6,,chloride,A,80,
indirect_additives,"ALKYL (C10-C18) MONO- AND DISULFONIC ACIDS, SODIUM SALTS",977180-90-7,,sodium,A,80,
indirect_additives,N-(ALPHA-1-(1-NITROETHYL)BENZYL)ETHYLENEDIAMINE POTASSIUM SALT,57503-06-7,,potassium,A,80,
indirect_additives,"ALPHA-(P-NONYLPHENYL)-OMEGA-HYDROXYPOLY(OXYETHYLENE) (4 MOLES) SULFATE, SODIUM SALT",28754-11-2,,sodium,A,80,
indirect_additives,"ALPHA-OLEFIN(C10-C18) SULFONATE, CALCIUM SALT",977046-10-8,,calcium,A,80,
indirect_additives,"ALPHA-OLEFIN(C10-C18) SULFONATE, MAGNESIUM SALT",977046-09-5,,magnesium,A,80,
indirect_additives,"ALPHA-OLEFIN(C10-C18) SULFONATE, POTASSIUM SALT",977046-12-0,,potassium,A,80,
indirect_additives,"ALPHA-OLEFIN(C10-C18) SULFONATE, SODIUM SALT",977046-08-4,,sodium,A,80,
indirect_additives,ALUMINUM POTASSIUM SILICATE,1327-44-2,,potassium,A,80,
indirect_additives,ALUMINUM SODIUM SULFATE,7784-28-3,,sodium,A,80,
indirect_additives,"ALUMINUM SODIUM SULFATE, ANHYDROUS",10102-71-3,,sodium,A,80,
indirect_additives,AMMONIA/ETHYLENE DICHLORIDE/SODIUM HYDROXIDE POLYETHYLENEAMINE MIXTURE,977138-17-2,,sodium,A,80,
indirect_additives,AMMONIUM CHLORIDE,12125-02-9,,chloride,A,80,
indirect_additives,AMMONIUM POTASSIUM HYDROGEN PHOSPHATE,10279-61-5,,potassium,A,80,
indirect_additives,"1,3,5-BENZENETRICARBONYL TRICHLORIDE",4422-95-1,,chloride,A,80,
indirect_additives,BENZETHONIUM CHLORIDE,121-54-0,,chloride,A,80,
indirect_additives,BENZOYL CHLORIDE,98-88-4,,chloride,A,80,
indirect_additives,"BENZOYL CHLORIDE-3,4-DICARBOXYLIC ANHYDRIDE",1204-28-0,,chloride,A,80,
indirect_additives,BENZYL(HYDROGENATED TALLOW)DIMETHYLAMMONIUM BENTONITE-SODIUM STEARATE COMPOUND,121888-68-4,,sodium,A,80,
indirect_additives,BENZYLTRIMETHYLAMMONIUM CHLORIDE,56-93-9,,chloride,A,80,
indirect_additives,"BIPHENYL-2,4-DI-TERT-BUTYL-5-METHYLPHENOL-PHOSPHORUS TRICHLORIDE EACTION PRODUCTS",178358-58-2,,phosphorus,A,90,
indirect_additives,"N,N-BIS(2-HYDROXYETHYL)-N-(CARBOXYMETHYL) OCTADECANAMINUM HYDROXIDE(INNER SALT)",24170-14-7,,betaine,A,100,
indirect_additives,BORAX,1303-96-4,,sodium,A,80,
indirect_additives,"BUTYL OLEATE, SULFATED, POTASSIUM SALT",977170-67-4,,potassium,A,80,
indirect_additives,"BUTYL OLEATE, SULFATED, SODIUM SALT",42808-36-6,,sodium,A,80,
indirect_additives,CALCIUM,7440-70-2,,calcium,A,80,
indirect_additives,CALCIUM ACETATE,62-54-4,,calcium,A,80,
indirect_additives,CALCIUM BENZOATE,2090-05-3,,calcium,A,80,
indirect_additives,"CALCIUM BIS(MONOETHYL(3,5-DI-TERT-BUTYL-4-HYDROXYBENZYL)PHOSPHONATE)",65140-91-2,,calcium,A,80,
indirect_additives,CALCIUM BROMIDE,7789-41-5,,calcium,A,80,
indirect_additives,CALCIUM CAPRATE,13747-30-3,,calcium,A,80,
indirect_additives,CALCIUM CAPRYLATE,6107-56-8,,calcium,A,80,
indirect_additives,CALCIUM CARBONATE,471-34-1,,calcium,A,100,
indirect_additives,CALCIUM CHLORIDE,10035-04-8,,calcium,A,80,chloride(80)
indirect_additives,CALCIUM DODECYLPHENOXYBENZENEDISULFONATE,146452-93-9,,calcium,A,80,
indirect_additives,CALCIUM ETHYL ACETOACETATE,16715-59-6,,calcium,A,80,
indirect_additives,CALCIUM ETHYLENEDIAMINETETRAACETATE,12264-18-5,,calcium,A,80,
indirect_additives,CALCIUM 2-ETHYLHEXOATE,136-51-6,,calcium,A,80,
indirect_additives,CALCIUM GLYCEROPHOSPHATE,27214-00-2,,calcium,A,80,
indirect_additives,CALCIUM HYDROXIDE,1305-62-0,,calcium,A,80,
indirect_additives,CALCIUM HYPOCHLORITE,7778-54-3,,calcium,A,80,
indirect_additives,CALCIUM ISODECANOATE,85896-51-1,,calcium,A,80,
indirect_additives,CALCIUM ISOSTEARATE,59963-30-3,,calcium,A,80,
indirect_additives,CALCIUM LIGNOSULFONATE,8061-52-7,,calcium,A,80,
indirect_additives,CALCIUM LINOLEATE,19704-83-7,,calcium,A,80,
indirect_additives,CALCIUM METASILICATE,10101-39-0,,calcium,A,80,
indirect_additives,CALCIUM MYRISTATE,15284-51-2,,calcium,A,80,
indirect_additives,CALCIUM NAPHTHENATE,61789-36-4,,calcium,A,80,
indirect_additives,CALCIUM NEODECANOATE,27253-33-4,,calcium,A,80,
indirect_additives,CALCIUM NITRATE,10124-37-5,,calcium,A,80,
indirect_additives,CALCIUM OLEATE,142-17-6,,calcium,A,80,
indirect_additives,CALCIUM PALMITATE,542-42-7,,calcium,A,80,
indirect_additives,CALCIUM PHOSPHATE,10103-46-5,,calcium,A,80,
indirect_additives,"CALCIUM PHOSPHATE, DIBASIC",7757-93-9,,calcium,A,80,
indirect_additives,"CALCIUM PHOSPHATE, MONOBASIC",7758-23-8,,calcium,A,80,
indirect_additives,"CALCIUM PHOSPHATE, TRIBASIC",7758-87-4,,calcium,A,80,
indirect_additives,CALCIUM RICINOLEATE,31983-33-2,,calcium,A,80,
indirect_additives,"CALCIUM SACCHARIN, ANHYDROUS",6485-34-3,,calcium,A,80,
indirect_additives,CALCIUM SALTS OF FATTY ACIDS,977089-53-4,,calcium,A,80,
indirect_additives,CALCIUM SILICATE,1344-95-2,,calcium,A,80,
indirect_additives,CALCIUM STEARATE,1592-23-0,,calcium,A,80,
indirect_additives,CALCIUM STEAROYL-2-LACTYLATE,5793-94-2,,calcium,A,80,
indirect_additives,CALCIUM SULFATE,7778-18-9,,calcium,A,80,
indirect_additives,CALCIUM TIN STEARATE,7563-36-2,,calcium,A,80,
indirect_additives,CALCIUM ZINC STEARATE,17157-03-8,,calcium,A,80,
indirect_additives,"CARBOXYMETHYL CELLULOSE, SODIUM SALT",9004-32-4,,sodium,A,80,
indirect_additives,CASTOR OIL POTASSIUM SOAP,8013-05-6,,potassium,A,80,
indirect_additives,"CASTOR OIL, SAPONIFIED, SULFATED, POTASSIUM SALT",8030-90-8,,potassium,A,80,
indirect_additives,"CASTOR OIL, SULFATED, POTASSIUM SALT",68604-21-7,,potassium,A,80,
indirect_additives,"CASTOR OIL, SULFATED, SODIUM SALT",68187-76-8,,sodium,A,80,
indirect_additives,"CATIONIC SOY PROTEIN, HYDROLYZED",977101-01-1,,chloride,A,80,
indirect_additives,CETYLPYRIDINIUM CHLORIDE,123-03-5,,chloride,A,80,
indirect_additives,"CHLOROACETIC ACID, SODIUM SALT REACTION PRODUCTS WITH 4,5-DIHYDRO-2-UNDECYL-1H-IMIDAZOLE-1-ETHANOL AND SODIUMHYDROXIDE",68608-66-2,,ethanol,B,80,sodium(80)
indirect_additives,(4-CHLOROBUTENE-2) TRIMETHYLAMMONIUM CHLORIDE,4237-07-4,,chloride,A,80,
indirect_additives,(3-CHLORO-2-HYDROXYPROPYL) TRIMETHYLAMMONIUM CHLORIDE,3327-22-8,,chloride,A,80,
indirect_additives,5-CHLORO-2-METHYL-4-ISOTHIAZOLIN-3-ONE CALCIUM CHLORIDE,57373-19-0,,calcium,A,80,chloride(80)
indirect_additives,5-CHLORO-2-METHYL-4-ISOTHIAZOLIN-3-ONE CALCIUM CHLORIDE MIXT. WITH 2-METHYL-4-ISOTHIAZOLIN-3-ONE CALCIUM CHLORIDE,50815-77-5,,calcium,A,80,chloride(80)
indirect_additives,5-CHLORO-2-METHYL-4-ISOTHIAZOLIN-3-ONE MIXTURE WITH 2-METHYL-4-ISOTHIAZOLIN-3-ONE,55965-84-9,,chloride,A,80,
indirect_additives,"CHLOROTRIFLUOROETHENE-1,1-DIFLUOROETHENE-TETRAFLUOROETHENE POLYMER",30421-59-1,,fluoride,A,80,
indirect_additives,CHLOROTRIFLUOROETHYLENE-VINYLIDENE FLUORIDE COPOLYMER,9010-75-7,,fluoride,A,80,
indirect_additives,CHROME ALUM,7788-99-0,,chromium,A,80,potassium(80)
indirect_additives,CHROMIUM CASEINATE,9005-44-1,,chromium,A,80,
indirect_additives,CHROMIUM N-ETHYL-N-HEPTADECAFLUOROOCTYLSULFONYLGLYCINE,58693-59-7,,chromium,A,80,
indirect_additives,CHROMIUM N-HEPTADECAFLUOROOCTYLSULFONYLGLYCINATE,977079-89-2,,chromium,A,80,
indirect_additives,CHROMIUM NITRATE,13548-38-4,,chromium,A,80,
indirect_additives,CHROMIUM OXIDE GREEN,1308-38-9,,chromium,A,80,
indirect_additives,CHROMIUM POTASSIUM SULFATE,10279-63-7,,chromium,A,80,potassium(80)
indirect_additives,"COCONUT ALCOHOL, POLYETHYLENE GLYCOL, SODIUM SULFATE",977039-31-8,,sodium,A,80,
indirect_additives,"COCONUT OIL, FATTY ACIDS, POTASSIUM SALTS",61789-30-8,,potassium,A,80,
indirect_additives,"COCONUT OIL, FATTY ACIDS, SODIUM SALTS",61789-31-9,,sodium,A,80,
indirect_additives,COCONUT OIL MONOGLYCERIDES SODIUM SULFATE,61789-04-6,,sodium,A,80,
indirect_additives,COPPER DIMETHYLDITHIOCARBAMATE,137-29-1,,copper,A,80,
indirect_additives,COPPER NAPHTHENATE,1338-02-9,,copper,A,80,
indirect_additives,COPPER 8-QUINOLINOLATE,10380-28-6,,copper,A,80,
indirect_additives,"COTTONSEED OIL FATTY ACIDS, SODIUM SOAP",66071-95-2,,sodium,A,80,
indirect_additives,"COTTONSEED OIL FATTY ACIDS, SULFATED, SODIUM SALT",61789-27-3,,sodium,A,80,
indirect_additives,CUPRIC ACETATE,142-71-2,,copper,A,80,
indirect_additives,CUPRIC CARBONATE,1184-64-1,,copper,A,80,
indirect_additives,CUPRIC NITRATE,3251-23-8,,copper,A,80,
indirect_additives,CUPROUS BROMIDE,7787-70-4,,copper,A,80,
indirect_additives,D&C RED NO. 7-CALCIUM LAKE,977011-68-9,,calcium,A,80,
indirect_additives,D&C RED NO. 7-CALCIUM/STRONTIUM LAKE,977038-21-3,,calcium,A,80,
indirect_additives,N-DIALKYL(C12-C18)BENZYLMETHYLAMMONIUM CHLORIDE,977033-04-7,,chloride,A,80,
indirect_additives,DI-N-ALKYL(C8-C18 FROM COCONUT OIL) DIMETHYL AMMONIUM CHLORIDE,61789-77-3,,chloride,A,80,
indirect_additives,DI-N-ALKYL(C8-10)DIMETHYLAMMONIUM CHLORIDES,977078-69-5,,chloride,A,80,
indirect_additives,DIALLYLDIETHYL AMMONIUM CHLORIDE,13107-00-1,,chloride,A,80,
indirect_additives,DIALLYLDIMETHYL AMMONIUM CHLORIDE,7398-69-8,,chloride,A,80,
indirect_additives,DIALLYLDIMETHYLAMMONIUM CHLORIDE WITH ACRYLAMIDE,26590-05-6,,chloride,A,80,
indirect_additives,"2,4-DIAMINOBENZENESULFONIC ACID, CALCIUM SALT (2:1)",51247-58-6,,calcium,A,80,
indirect_additives,DI(CETYL/STEARYL)CARBAMOYL CHLORIDE,977045-16-1,,chloride,A,80,
indirect_additives,DICETYLCARBAMOYL CHLORIDE,84304-24-5,,chloride,A,80,
indirect_additives,"4,5-DICHLORO-2-((5-HYDROXY-3-METHYL-1-(3-SULFOPHENYL)-1H-PYRAZOL-4-YL)AZO)BENZENESULFONIC ACID, CALCIUM SALT(1:1)",65212-77-3,,calcium,A,80,
indirect_additives,DIDECYLDIMETHYLAMMONIUM CHLORIDE,7173-51-5,,chloride,A,80,
indirect_additives,BETA-DIETHYLAMINOETHYL CHLORIDE,869-24-9,,chloride,A,80,
indirect_additives,DIETHYL OXALATE,95-92-1,,oxalate,B,80,
indirect_additives,"1,1-DIFLUOROETHENE",75-38-7,,fluoride,A,80,
indirect_additives,DIOCTYL SODIUM SULFOSUCCINATE,577-11-7,,sodium,A,80,
indirect_additives,DIPOTASSIUM PHOSPHATE,7758-11-4,,potassium,A,80,
indirect_additives,DISODIUM CYANODITHIOIMIDOCARBAMATE WITH ETHYLENEDIAMINE AND POTASSIUM N-METHYLDITHIOCARBAMATE AND SODIUM 2-MERCAPTOBENZOTHIAZOLE,977186-05-2,,potassium,A,80,sodium(80)
indirect_additives,DISTEARYLCARBAMOYL CHLORIDE,41319-54-4,,chloride,A,80,
indirect_additives,DI-TERT-BUTYLPHENYL PHOSPHONITE CONDENSATION PRODUCT WITH BIPHENYL,119345-01-6,,phosphorus,A,90,
indirect_additives,"EDTA, CALCIUM DISODIUM",62-33-9,,calcium,A,80,
indirect_additives,"EDTA, DISODIUM IRON",14729-89-6,,sodium,A,80,
indirect_additives,"EDTA, IRON (III) SODIUM",15708-41-5,,sodium,A,80,
indirect_additives,"EDTA, POTASSIUM",7379-27-3,,potassium,A,80,
indirect_additives,"2,3-EPOXYPROPYLTRIMETHYLAMMONIUM CHLORIDE",3033-77-0,,chloride,A,80,
indirect_additives,2-((2-AMINOETHYL)AMINO)ETHANOL,111-41-1,,ethanol,B,80,
indirect_additives,2((2-AMINOETHYL)AMINO)ETHANOL-STEARIC ACID-UREA REACTION PRODUCT,68412-14-6,,ethanol,B,80,
indirect_additives,"2-((2-AMINOETHYL)AMINO)ETHANOL-STEARIC ACID-UREA REACTION PRODUCT,ACETATE",68784-21-4,,ethanol,B,80,
indirect_additives,"ETHYLENE-MALEIC ANHYDRIDE COPOLYMER, POTASSIUM SALT",26602-09-5,,potassium,A,80,
indirect_additives,"ETHYLENE-METHACRYLIC ACID COPOLYMER, CALCIUM PARTIAL SALT",977048-50-2,,calcium,A,80,
indirect_additives,"ETHYLENE-METHACRYLIC ACID COPOLYMER, MAGNESIUM PARTIAL SALT",977048-51-3,,magnesium,A,80,
indirect_additives,"ETHYLENE-METHACRYLIC ACID COPOLYMER, POTASSIUM PARTIAL SALT",977096-84-6,,potassium,A,80,
indirect_additives,"ETHYLENE-METHACRYLIC ACID COPOLYMER, SODIUM PARTIAL SALT",977048-52-4,,sodium,A,80,
indirect_additives,"ETHYLENE-METHACRYLIC ACID-VINYL ACETATE COPOLYMER, CALCIUM PARTIALSALT",977139-57-3,,calcium,A,80,
indirect_additives,"ETHYLENE-METHACRYLIC ACID-VINYL ACETATE COPOLYMER, MAGNESIUM PARTIAL SALT",977139-58-4,,magnesium,A,80,
indirect_additives,"ETHYLENE-METHACRYLIC ACID-VINYL ACETATE COPOLYMER, SODIUM PARTIAL SALT",977139-59-5,,sodium,A,80,
indirect_additives,"FATTY ACIDS, ANIMAL, CALCIUM SALT",977045-53-6,,calcium,A,80,
indirect_additives,"FATTY ACIDS, ANIMAL, MAGNESIUM SALT",977045-54-7,,magnesium,A,80,
indirect_additives,"FATTY ACIDS, ANIMAL, POTASSIUM SALT",977118-93-6,,potassium,A,80,
indirect_additives,"FATTY ACIDS, ANIMAL, SODIUM SALT",977045-55-8,,sodium,A,80,
indirect_additives,"FATTY ACIDS, TALL OIL, 2-MERCAPTOETHYL ESTERS, REACTION PRODUCTS WITH DICHLOROMETHYLSTANNANE, 2-MERCAPTOETHYLDECANOATE, 2-MERCAPTOETHYL OCTANOATE, SODIUM SULFIDE, AND TRICHLOROMETHYLSTANNANE",151436-98-5,,sodium,A,80,
indirect_additives,"FATTY ACIDS, TALL OIL, 2-MERCAPTOETHYL ESTERS, REACTION PRODUCTSWITH DICHLOROMETHYLSTANNANE, SODIUM SULFIDE, ANDTRICHLOROMETHYLSTANNANE",201687-57-2,,sodium,A,80,
indirect_additives,"FATTY ACIDS, VEGETABLE, CALCIUM SALTS",68002-73-3,,calcium,A,80,
indirect_additives,"FATTY ACIDS, VEGETABLE, MAGNESIUM SALT",977045-50-3,,magnesium,A,80,
indirect_additives,"FATTY ACIDS, VEGETABLE, POTASSIUM SALT",61788-65-6,,potassium,A,80,
indirect_additives,"FATTY ACIDS, VEGETABLE, SODIUM SALT",68082-64-4,,sodium,A,80,
indirect_additives,"FD&C BLUE NO. 1, CALCIUM LAKE",977011-13-4,,calcium,A,80,
indirect_additives,"FD&C BLUE NO. 2, CALCIUM LAKE",977011-14-5,,calcium,A,80,
indirect_additives,"FD&C GREEN NO. 3, CALCIUM LAKE",977011-12-3,,calcium,A,80,
indirect_additives,"FD&C YELLOW NO. 5, CALCIUM LAKE",977011-18-9,,calcium,A,80,
indirect_additives,"FD&C YELLOW NO. 6, CALCIUM LAKE",977083-04-7,,calcium,A,80,
indirect_additives,"FD&C RED NO. 40, CALCIUM LAKE",977011-17-8,,calcium,A,80,
indirect_additives,FERRIC CHLORIDE,7705-08-0,,chloride,A,80,
indirect_additives,"FISH OIL FATTY ACIDS, HYDROGENATED, POTASSIUM SALT",68154-67-6,,potassium,A,80,
indirect_additives,2-(P-HYDROXYPHENYL) GLYOXYLOHYDROXIMOYL CHLORIDE,34911-46-1,,chloride,A,80,
indirect_additives,"GUAR GUM, 2,3-EPOXYPROPYLTRIMETHYLAMMONIUM CHLORIDE",977082-41-9,,chloride,A,80,
indirect_additives,GUAR GUM MODIFIED BY TREATMENT WITH BETA-DIETHYLAMINO-ETHYL CHLORIDE HYDROCHLORIDE,68186-80-1,,chloride,A,80,
indirect_additives,"GUM ROSIN, CALCIUM SALT",977037-82-3,,calcium,A,80,
indirect_additives,"GUM ROSIN, DISPROPORTIONATED, POTASSIUM SALT",977035-38-3,,potassium,A,80,
indirect_additives,"GUM ROSIN, DISPROPORTIONATED, SODIUM SALT",977035-45-2,,sodium,A,80,
indirect_additives,"GUM ROSIN, MAGNESIUM SALT",977037-87-8,,magnesium,A,80,
indirect_additives,"GUM ROSIN, PARTIAL POTASSIUM SALT",977047-78-1,,potassium,A,80,
indirect_additives,"GUM ROSIN, PARTIAL SODIUM SALT",977047-77-0,,sodium,A,80,
indirect_additives,"GUM ROSIN, POTASSIUM SALT",977035-34-9,,potassium,A,80,
indirect_additives,"GUM ROSIN, SODIUM SALT",977035-41-8,,sodium,A,80,
indirect_additives,HEXADECYL AMMONIUM CHLORIDE,1602-97-7,,chloride,A,80,
indirect_additives,"1,6-HEXANEDIAMINE, N,N'-BIS(2,2,6,6-TETRAMETHYL-4-PIPERIDINYL)-, POLYMER WITH 2,4,6-TRICHLORO-1,3,5-TRIAZINE,REACTION PRODUCTS WITH N-BUTYL-1-BUTANAMINE AND N-BUTYL-2,2,6,6-TETRAMETHYL-4-PIPERIDINAMINE",192268-64-7,,chloride,A,80,
indirect_additives,2-(8-HEPTADECENYL)-2-IMIDAZOLINE-1-ETHANOL,95-38-5,,ethanol,B,80,
indirect_additives,1-(2-HYDROXYETHYL)-1-(4-CHLOROBUTYL)-2-ALKYL(C6-17)IMIDAZOLINIUM CHLORIDE,977042-50-4,,chloride,A,80,
indirect_additives,"INDUSTRIAL STARCH, MODIFIED WITH (4-CHLOROBUTENE-2)TRIMETHYLAMMONIUM CHLORIDE",977139-64-2,,chloride,A,80,
indirect_additives,IODINE,7553-56-2,,iodine,A,80,
indirect_additives,IODINE MONOCHLORIDE,7790-99-0,,iodine,A,80,
indirect_additives,ISOPHTHALOYL CHLORIDE,99-63-8,,chloride,A,80,
indirect_additives,LIGNIN SODIUM SULFONATE,8061-51-6,,sodium,A,80,
indirect_additives,LINOLEAMIDE (LINOLEIC ACID AMIDE),3999-01-7,,linoleic_acid,A,100,
indirect_additives,MAGNESIUM,7439-95-4,,magnesium,A,80,
indirect_additives,MAGNESIUM CAPRATE,42966-30-3,,magnesium,A,80,
indirect_additives,MAGNESIUM CAPRYLATE,3386-57-0,,magnesium,A,80,
indirect_additives,MAGNESIUM CARBONATE,39409-82-0,,magnesium,A,80,
indirect_additives,MAGNESIUM CHLORIDE,7786-30-3,,chloride,A,80,magnesium(80)
indirect_additives,MAGNESIUM CITRATE,3344-18-1,,magnesium,A,80,
indirect_additives,MAGNESIUM DODECYLPHENOXYBENZENEDISULFONATE,977123-80-0,,magnesium,A,80,
indirect_additives,MAGNESIUM 2-ETHYLHEXOATE,15602-15-0,,magnesium,A,80,
indirect_additives,MAGNESIUM FLUORIDE,7783-40-6,,fluoride,A,80,magnesium(80)
indirect_additives,MAGNESIUM GLYCEROPHOSPHATE,927-20-8,,magnesium,A,80,
indirect_additives,MAGNESIUM HYDROXIDE,1309-42-8,,magnesium,A,80,
indirect_additives,MAGNESIUM ISODECANOATE,977176-02-5,,magnesium,A,80,
indirect_additives,MAGNESIUM LAURYL SULFATE,3097-08-3,,magnesium,A,80,
indirect_additives,MAGNESIUM LINOLEATE,5460-94-6,,magnesium,A,80,
indirect_additives,MAGNESIUM NAPHTHENATE,68424-71-5,,magnesium,A,80,
indirect_additives,MAGNESIUM NEODECANOATE,57453-97-1,,magnesium,A,80,
indirect_additives,MAGNESIUM NITRATE,10377-60-3,,magnesium,A,80,
indirect_additives,MAGNESIUM OLEATE,1555-53-9,,magnesium,A,80,
indirect_additives,MAGNESIUM OXIDE,1309-48-4,,magnesium,A,80,
indirect_additives,MAGNESIUM PALMITATE,2601-98-1,,magnesium,A,80,
indirect_additives,MAGNESIUM PHOSPHATE,10043-83-1,,magnesium,A,80,
indirect_additives,"MAGNESIUM PHOSPHATE, DIBASIC",7782-75-4,,magnesium,A,80,
indirect_additives,"MAGNESIUM PHOSPHATE, DIBASIC, ANHYDROUS",7757-86-0,,magnesium,A,80,
indirect_additives,"MAGNESIUM PHOSPHATE, TRIBASIC",7757-87-1,,magnesium,A,80,
indirect_additives,MAGNESIUM RICINOLEATE,22677-47-0,,magnesium,A,80,
indirect_additives,MAGNESIUM SALICYLATE,18917-89-0,,magnesium,A,80,
indirect_additives,MAGNESIUM SALTS OF FATTY ACIDS,977093-38-1,,magnesium,A,80,
indirect_additives,"MAGNESIUM SILICATE, SYNTHETIC",977150-11-0,,magnesium,A,80,
indirect_additives,MAGNESIUM STEARATE,557-04-0,,magnesium,A,80,
indirect_additives,"MALEIC ANHYDRIDE-DIISOBUTYLENE COPOLYMER, SODIUM SALT",37199-81-8,,sodium,A,80,
indirect_additives,MANGANESE,7439-96-5,,manganese,A,80,
indirect_additives,MANGANESE ACETATE,638-38-0,,manganese,A,80,
indirect_additives,MANGANESE AMMONIUM PYROPHOSPHATE,10101-66-3,,manganese,A,80,
indirect_additives,MANGANESE CAPRATE,10139-57-8,,manganese,A,80,
indirect_additives,MANGANESE CAPRYLATE,6535-19-9,,manganese,A,80,
indirect_additives,MANGANESE 2-ETHYLHEXOATE,15956-58-8,,manganese,A,80,
indirect_additives,MANGANESE ISODECANOATE,84962-57-2,,manganese,A,80,
indirect_additives,MANGANESE LINOLEATE,6904-78-5,,manganese,A,80,
indirect_additives,MANGANESE NAPHTHENATE,1336-93-2,,manganese,A,80,
indirect_additives,MANGANESE NEODECANOATE,27253-32-3,,manganese,A,80,
indirect_additives,MANGANESE OLEATE,19153-79-8,,manganese,A,80,
indirect_additives,MANGANESE PALMITATE,31678-63-4,,manganese,A,80,
indirect_additives,MANGANESE RICINOLEATE,29789-06-8,,manganese,A,80,
indirect_additives,MANGANESE STEARATE,10476-84-3,,manganese,A,80,
indirect_additives,MANGANESE TALLATE,8030-70-4,,manganese,A,80,
indirect_additives,"METHACRYLATE-CHROMIC CHLORIDE COMPLEX, ETHYL ESTER",977174-62-1,,chloride,A,80,
indirect_additives,"METHACRYLATE-CHROMIC CHLORIDE COMPLEX, METHYL ESTER",977174-63-2,,chloride,A,80,
indirect_additives,METHYLENE CHLORIDE,75-09-2,,chloride,A,80,
indirect_additives,2-METHYL-4-ISOTHIAZOLIN-3-ONE CALCIUM CHLORIDE,57373-20-3,,calcium,A,80,chloride(80)
indirect_additives,"METHYL NAPHTHALENE SULFONIC ACID-FORMALDEHYDE CONDENSATE, SODIUM SALT",9008-64-4,,sodium,A,80,
indirect_additives,"N-METHYL-N-(TALL OIL ACYL) TAURINE, SODIUM SALT",61791-41-1,,taurine,B,100,sodium(80)
indirect_additives,"METHYL TAURINE-OLEIC ACID CONDENSATE, MOLECULAR WEIGHT 486",97-80-3,,taurine,B,100,
indirect_additives,MINERAL REINFORCED NYLON RESINS,977170-13-0,,calcium,A,80,
indirect_additives,"MUSTARDSEED OIL, SULFATED, SODIUM SALT",61788-68-9,,sodium,A,80,
indirect_additives,MYRISTIC ACID-CHROMIC CHLORIDE COMPLEX,15659-56-0,,chloride,A,80,
indirect_additives,"NAPHTHALENE SULFONIC ACID-FORMALDEHYDE CONDENSATE, SODIUM SALT",9084-06-4,,sodium,A,80,
indirect_additives,"9-OCTADECANOIC ACID (Z)-, 2-MERCAPTOETHYL ESTER, REACTION PRODUCTSWITH DICHLORODIMETHYLSTANNANE, SODIUM SULFIDE (NA2S) AND TRICHLOROMETHYLSTANNANE",68442-12-6,,sodium,A,80,
indirect_additives,OCTADECYLAMMONIUM CHLORIDE,1838-08-0,,chloride,A,80,
indirect_additives,"OLEIC ACID, SULFATED, POTASSIUM SALT",68422-22-0,,potassium,A,80,
indirect_additives,"OLEIC ACID, SULFATED, SODIUM SALT",68331-91-9,,sodium,A,80,
indirect_additives,OXALIC ACID,144-62-7,,oxalate,B,100,
indirect_additives,"PALM OIL FATTY ACIDS, SODIUM SALT",61790-79-2,,sodium,A,80,
indirect_additives,"PEANUT OIL, SULFATED, SODIUM SALT",61789-58-0,,sodium,A,80,
indirect_additives,"PEG-40 TALLOW ALCOHOL SULFATE, SODIUM SALT",977140-16-1,,sodium,A,80,
indirect_additives,PHOSPHOROUS TRICHLORIDE,7719-12-2,,phosphorus,A,90,
indirect_additives,PHOSPHORUS PENTOXIDE,1314-56-3,,phosphorus,A,90,
indirect_additives,POLY(ACRYLAMIDE-(2-ACRYLAMIDE-2-METHYLPROPYLSULFONATE)-DIMETHYLDIALLYL AMMONIUM CHLORIDE) SODIUM SALT,72275-68-4,,chloride,A,80,sodium(80)
indirect_additives,POLY(ACRYLAMIDE-CO-ACRYLIC ACID-CO-DIALLYLDIMETHYLAMMONIUM CHLORIDE),25136-75-8,,chloride,A,80,
indirect_additives,POLY(ACRYLAMIDE-CO-DIALLYLDIETHYLAMMONIUM CHLORIDE-CO-DIALLYLDIMETHYLAMMONIUM CHLORIDE),9022-17-7,,chloride,A,80,
indirect_additives,POLY(ACRYLAMIDE-CO-DIALLYLDIETHYLAMMONIUM CHLORIDE-CO-DIALLYLDIMETHYLAMMONIUM CHLORIDE-CO-POTASSIUM ACRYLATE),54811-80-2,,chloride,A,80,potassium(80)
indirect_additives,POLY(ACRYLAMIDE-CO-DIALLYLDIMETHYLAMMONIUM CHLORIDE-CO-GLYOXAL),32555-39-8,,chloride,A,80,
indirect_additives,POLY(ACRYLAMIDE-CO-DIALLYLDIMETHYLAMMONIUM CHLORIDE-CO-POTASSIUM ACRYLATE),74347-33-4,,chloride,A,80,potassium(80)
indirect_additives,POLY(ACRYLAMIDE-CO-ETHYL ACRYLATE-CO-METHYLOLACRYLAMIDE-CO-VINYLIDENE CHLORIDE),35828-78-5,,chloride,A,80,
indirect_additives,POLY(ACRYLAMIDE-CO-ETHYLENE-CO-VINYL CHLORIDE),26376-17-0,,chloride,A,80,
indirect_additives,"POLY(ACRYLAMIDE-CO-ETHYLENE-CO-VINYL CHLORIDE), HYDROLYZED",977101-21-5,,chloride,A,80,
indirect_additives,POLY(ACRYLAMIDE-CO-METHYL ACRYLATE-CO-VINYLIDENE CHLORIDE-CO-VINYLSULFONIC ACID),977030-99-1,,chloride,A,80,
indirect_additives,POLY(ACRYLAMIDE-CO-VINYLIDENE CHLORIDE),52500-86-4,,chloride,A,80,
indirect_additives,POLY(ACRYLAMIDOMETHYLPROPANESULFONIC ACID-CO-ACRYLIC ACID-CO-SODIUM HYPOPHOSPHITE) TELOMER,99316-13-9,,sodium,A,80,
indirect_additives,POLY(ACRYLIC ACID-CO-ACRYLONITRILE-CO-BUTYL ACRYLATE-CO-VINYLIDENE CHLORIDE),96499-54-6,,chloride,A,80,
indirect_additives,POLY(ACRYLIC ACID-CO-ACRYLONITRILE-CO-METHYL ACRYLATE-CO-VINYLIDENE CHLORIDE),34755-29-8,,chloride,A,80,
indirect_additives,POLY(ACRYLIC ACID-CO-ACRYLONITRILE-CO-VINYLIDENE CHLORIDE),25249-59-6,,chloride,A,80,
indirect_additives,POLY(ACRYLIC ACID-CO-ETHYLENE-CO-VINYL CHLORIDE),26713-16-6,,chloride,A,80,
indirect_additives,"POLY(ACRYLIC ACID-CO-ETHYLENE), SODIUM SALT",25750-82-7,,sodium,A,80,
indirect_additives,POLY(ACRYLIC ACID-CO-2-ETHYLHEXYL-ACRYLATE-CO-METHYL METHACRYLATE-CO-VINYL CHLORIDE-CO-VINYLIDENE CHLORIDE),125249-22-1,,chloride,A,80,
indirect_additives,POLY(ACRYLIC ACID-CO-2-ETHYLHEXYL ACRYLATE-CO-VINYL CHLORIDE-CO-VINYLIDENE CHLORIDE),65045-76-3,,chloride,A,80,
indirect_additives,POLY(ACRYLIC ACID-CO-GLYCIDYL METHACRYLATE-CO-METHYL ACRYLATE-CO-VINYLIDENE CHLORIDE),121718-15-8,,chloride,A,80,
indirect_additives,POLY(ACRYLIC ACID-CO-METHYL ACRYLATE-CO-VINYLIDENE CHLORIDE),26124-53-8,,chloride,A,80,
indirect_additives,POLY(ACRYLIC ACID-CO-VINYL CHLORIDE),25702-80-1,,chloride,A,80,
indirect_additives,POLY(ACRYLIC ACID-CO-VINYL CHLORIDE-CO-VINYLIDENE CHLORIDE),29059-60-7,,chloride,A,80,
indirect_additives,"POLYACRYLIC ACID, SODIUM SALT",9003-04-7,,sodium,A,80,
indirect_additives,POLY(ACRYLONITRILE-CO-BUTADIENE-CO-DIVINYLBENZENE-CO-VINYL CHLORIDE),977078-98-0,,chloride,A,80,
indirect_additives,POLY(ACRYLONITRILE-CO-BUTADIENE-CO-POLYVINYL CHLORIDE),977115-83-5,,chloride,A,80,
indirect_additives,POLY(ACRYLONITRILE-CO-BUTADIENE-CO-STYRENE-CO-VINYL CHLORIDE),25134-49-0,,chloride,A,80,
indirect_additives,POLY(ACRYLONITRILE-CO-BUTADIENE-CO-VINYL ACETATE-CO-VINYL CHLORIDE),77238-98-3,,chloride,A,80,
indirect_additives,POLY(ACRYLONITRILE-CO-BUTADIENE-CO-VINYL CHLORIDE),26337-23-5,,chloride,A,80,
indirect_additives,POLY(ACRYLONITRILE-CO-BUTYL ACRYLATE-CO-VINYLIDENE CHLORIDE),26300-99-2,,chloride,A,80,
indirect_additives,POLY(ACRYLONITRILE-CO-ETHYL ACRYLATE-CO-VINYLIDENE CHLORIDE),977142-37-2,,chloride,A,80,
indirect_additives,POLY(ACRYLONITRILE-CO-ITACONIC ACID-CO-VINYLIDENE CHLORIDE),25053-68-3,,chloride,A,80,
indirect_additives,POLY(ACRYLONITRILE-CO-METHYL ACRYLATE-CO-VINYLIDENE CHLORIDE),24968-80-7,,chloride,A,80,
indirect_additives,POLY(ACRYLONITRILE-CO-METHYL METHACRYLATE-CO-SODIUM 2-SULFOETHYL METHACRYLATE-CO-VINYLIDENE CHLORIDE),53904-72-6,,chloride,A,80,sodium(80)
indirect_additives,POLY(ACRYLONITRILE-CO-SODIUM 2-SULFOETHYL METHACRYLATE-CO-VINYLIDENE CHLORIDE),53904-73-7,,chloride,A,80,sodium(80)
indirect_additives,POLY(ACRYLONITRILE-CO-VINYL CHLORIDE),9003-00-3,,chloride,A,80,
indirect_additives,POLY(ACRYLONITRILE-CO-VINYLIDENE CHLORIDE),9010-76-8,,chloride,A,80,
indirect_additives,POLY(ALLYL METHACRYLATE-CO-VINYLIDENE CHLORIDE),977143-88-6,,chloride,A,80,
indirect_additives,POLY(AMYL FUMARATE-CO-VINYL CHLORIDE),977176-59-2,,chloride,A,80,
indirect_additives,POLY(AMYL MALEATE-CO-VINYL CHLORIDE),70560-17-7,,chloride,A,80,
indirect_additives,"POLY(1,3,5-BENZENETRICARBONYL TRICHLORIDE-CO-PIPERAZINE)",79122-60-4,,chloride,A,80,
indirect_additives,"POLY(BENZOYL CHLORIDE-3,4-DICARBOXYLIC ANHYDRIDE-CO-4,4'-DIPHENYLMETHANEDIAMINE)",25928-85-2,,chloride,A,80,
indirect_additives,"POLY(N,N'-BIS(3-AMINOPROPYL)ETHYLENEDIAMINE-CO-ISOPHTHALOYL CHLORIDE-CO-POLY(N-METHYLVINYLAMINE)-CO-TRIMESOYLCHLORIDE)",127455-44-1,,chloride,A,80,
indirect_additives,POLY(BISPHENOL A-CO-ISOPHTHALOYL CHLORIDE-CO-PHOSGENE-CO-TEREPHTHALOYL CHLORIDE),71519-80-7,,chloride,A,80,
indirect_additives,POLY(BUTADIENE-CO-METHYL METHACRYLATE-CO-STYRENE-CO-VINYL CHLORIDE),28210-08-4,,chloride,A,80,
indirect_additives,POLY(BUTYL ACRYLATE-CO-METHYL METHACRYLATE-CO-VINYL CHLORIDE),25767-42-4,,chloride,A,80,
indirect_additives,POLY(BUTYL ACRYLATE-CO-VINYL CHLORIDE-CO-VINYLIDENE CHLORIDE),28680-83-3,,chloride,A,80,
indirect_additives,POLY(BUTYL ACRYLATE-CO-VINYLIDENE CHLORIDE),9011-09-0,,chloride,A,80,
indirect_additives,POLY(BUTYL FUMARATE-CO-VINYL CHLORIDE),977176-58-1,,chloride,A,80,
indirect_additives,POLY(BUTYL MALEATE-CO-VINYL CHLORIDE),28476-83-7,,chloride,A,80,
indirect_additives,POLY(BUTYL METHACRYLATE-CO-VINYLIDENE CHLORIDE),977036-16-0,,chloride,A,80,
indirect_additives,"POLY(CALCIUM 2,4-DIAMINOBENZENESULFONATE-CO-ISOPHTHALOYL CHLORIDE-CO-M-PHENYLENEDIAMINE-CO-TEREPHTHALOYL CHLORIDE)",39443-76-0,,calcium,A,80,chloride(80)
indirect_additives,"POLY(CYANURIC CHLORIDE-CO-TERT-OCTYLAMINE-CO-1,6-BIS(2,2,6,6-TETRAMETHYL-4-PIPERIDYLAMINO)HEXANE)",70624-18-9,,chloride,A,80,
indirect_additives,"POLY(CYCLOHEXYL METHACRYLATE-CO-ETHYL METHACRYLATE-CO-SODIUM N-(CARBOXYMETHYL)-N,N-DIMETHYL-2-((2-METHYL-1-OXO-2-PROPENYL)OXY)ETHANAMINIUM CHLORIDE-CO-STEARYL METHACRYLATE-CO-VINYLPYRROLIDINE)",66822-60-4,,chloride,A,80,sodium(80)
indirect_additives,POLY(DIALLYLDIMETHYLAMMONIUM CHLORIDE),26062-79-3,,chloride,A,80,
indirect_additives,POLY(DIBUTYL FUMARATE-CO-DIBUTYL MALEATE-CO-VINYL CHLORIDE),977097-60-1,,chloride,A,80,
indirect_additives,POLY(DIBUTYL MALEATE-CO-GLYCIDYL METHACRYLATE-CO-VINYL CHLORIDE),977176-65-0,,chloride,A,80,
indirect_additives,POLY(DIETHYLENETRIAMINE-CO-LINOLEIC ACID DIMER),37189-83-6,,linoleic_acid,A,100,
indirect_additives,"POLY(1,1-DIFLUOROETHENE-CO-HEXAFLUOROPROPENE)",9011-17-0,,fluoride,A,80,
indirect_additives,"POLY(1,1-DIFLUOROETHENE-CO-HEXAFLUOROPROPENE-CO-TETRAFLUOROETHENE)",25190-89-0,,fluoride,A,80,
indirect_additives,"POLY(ETHYL ACRYLATE-CO-MALEIC ANHYDRIDE-CO-VINYL ACETATE), HYDROLYZED, POTASSIUM SALT",127279-01-0,,potassium,A,80,
indirect_additives,"POLY(ETHYL ACRYLATE-CO-MALEIC ANHYDRIDE-CO-VINYL ACETATE), HYDROLYZED, SODIUM SALT",111560-38-4,,sodium,A,80,
indirect_additives,POLY(ETHYL ACRYLATE-CO-METHACRYLAMIDE-CO-N-METHYLOLMETHACRYLAMIDE-CO-VINYLIDENE CHLORIDE),90077-56-8,,chloride,A,80,
indirect_additives,POLY(ETHYL ACRYLATE-CO-METHYL METHACRYLATE-CO-VINYL CHLORIDE),54302-11-3,,chloride,A,80,
indirect_additives,POLY(ETHYL ACRYLATE-CO-VINYL CHLORIDE),25035-97-6,,chloride,A,80,
indirect_additives,"POLY(ETHYLENE-CO-ISOBUTYL ACRYLATE-CO-METHACRYLIC ACID), POTASSIUM SALT",93228-27-4,,potassium,A,80,
indirect_additives,"POLY(ETHYLENE-CO-ISOBUTYL ACRYLATE-CO-METHACRYLIC ACID), SODIUM SALT",61615-65-4,,sodium,A,80,
indirect_additives,"POLY(ETHYLENE-CO-ISOBUTYL ACRYLATE-CO-METHACRYLIC ACID), SODIUM ZINC SALT",977107-96-2,,sodium,A,80,
indirect_additives,"POLY(ETHYLENE-CO-METHACRYLIC ACID-CO-VINYL ACETATE), POTASSIUM PARTIAL SALT",977115-19-7,,potassium,A,80,
indirect_additives,POLY(ETHYLENE-CO-VINYL ACETATE-CO-VINYL CHLORIDE),25085-46-5,,chloride,A,80,
indirect_additives,POLY(ETHYLENE-CO-VINYL CHLORIDE),25037-78-9,,chloride,A,80,
indirect_additives,POLY(ETHYLENEDIAMINE-CO-LINOLEIC ACID DIMER),12624-35-0,,linoleic_acid,A,100,
indirect_additives,"POLYETHYLENE GLYCOL MONO-ISOTRIDECYL ETHER SULFATE, SODIUM SALT",150413-26-6,,sodium,A,80,
indirect_additives,POLY(ETHYL FUMARATE-CO-VINYL CHLORIDE),977176-56-9,,chloride,A,80,
indirect_additives,POLY(ETHYL METHACRYLATE-CO-METHYL-METHACRYLATE-CO-VINYLIDENE CHLORIDE),977034-87-9,,chloride,A,80,
indirect_additives,POLY(FORMALDEHYDE-CO-SODIUM NAPHTHALENESULFONATE),9008-63-3,,sodium,A,80,
indirect_additives,POLY(FUMARIC ACID-CO-VINYL ACETATE-CO-VINYL CHLORIDE),32650-26-3,,chloride,A,80,
indirect_additives,POLY(FUMARIC ACID-CO-VINYL CHLORIDE),36562-75-1,,chloride,A,80,
indirect_additives,POLY(GLYCIDYL METHACRYLATE-CO-VINYL ACETATE-CO-VINYL CHLORIDE),26781-49-7,,chloride,A,80,
indirect_additives,POLY(GLYCIDYL METHACRYLATE-CO-VINYL CHLORIDE-CO-VINYLIDENE CHLORIDE),31668-42-5,,chloride,A,80,
indirect_additives,POLY(HEPTYL FUMARATE-CO-VINYL CHLORIDE),977176-61-6,,chloride,A,80,
indirect_additives,POLY(HEPTYL MALEATE-CO-VINYL CHLORIDE),977100-70-1,,chloride,A,80,
indirect_additives,POLY(HEXYL FUMARATE-CO-VINYL CHLORIDE),977176-60-5,,chloride,A,80,
indirect_additives,POLY(HEXYL MALEATE-CO-VINYL CHLORIDE),977100-71-2,,chloride,A,80,
indirect_additives,POLY(2-HYDROXYETHYL ACRYLATE-CO-VINYLIDENE CHLORIDE),114464-65-2,,chloride,A,80,
indirect_additives,POLY(ITACONIC ACID-CO-METHYL ACRYLATE-CO-VINYLIDENE CHLORIDE),25249-60-9,,chloride,A,80,
indirect_additives,POLY(MALEIC ACID-CO-VINYL ACETATE-CO-VINYL CHLORIDE),9005-09-8,,chloride,A,80,
indirect_additives,POLY(MALEIC ACID-CO-VINYL CHLORIDE),26680-86-4,,chloride,A,80,
indirect_additives,POLY(MALEIC ANHYDRIDE-CO-STYRENE-CO-VINYL ACETATE-CO-VINYL ALCOHOL-CO-VINYL CHLORIDE),102322-36-1,,chloride,A,80,
indirect_additives,POLY(MALEIC ANHYDRIDE-CO-VINYL ACETATE-CO-VINYL CHLORIDE),25085-82-9,,chloride,A,80,
indirect_additives,POLY(METHACRYLIC ACID-CO-METHYL ACRYLATE-CO-VINYLIDENE CHLORIDE),30177-34-5,,chloride,A,80,
indirect_additives,POLY(METHACRYLONITRILE-CO-METHYL METHACRYLATE-CO-VINYLIDENE CHLORIDE),32335-23-2,,chloride,A,80,
indirect_additives,POLY(METHYL ACRYLATE-CO-METHYL METHACRYLATE-CO-2-SULFOETHYL METHACRYLATE-CO-VINYLIDENE CHLORIDE),53744-88-0,,chloride,A,80,
indirect_additives,POLY(METHYL ACRYLATE-CO-METHYL METHACRYLATE-CO-VINYLIDENE CHLORIDE),34364-83-5,,chloride,A,80,
indirect_additives,POLY(METHYL ACRYLATE-CO-VINYL CHLORIDE),25035-98-7,,chloride,A,80,
indirect_additives,POLY(METHYL ACRYLATE-CO-VINYL CHLORIDE-CO-VINYLIDENE CHLORIDE),28572-91-0,,chloride,A,80,
indirect_additives,POLY(METHYL ACRYLATE-CO-VINYLIDENE CHLORIDE),25038-72-6,,chloride,A,80,
indirect_additives,POLY(N-METHYL-BIS(3-AMINOPROPYL) AMINE-CO-OXALIC ACID-CO-UREA),96387-48-3,,oxalate,B,100,
indirect_additives,"POLY(N-METHYL-BIS(3-AMINOPROPYL) AMINE-CO-OXALIC ACID-CO-UREA), REACTION PRODUCTS WITH EPICHLOROHYDRIN",977158-99-8,,oxalate,B,100,
indirect_additives,"POLY(MONOBUTYL 5-NORBORNENE-2,3-DICARBOXYLATE-CO-VINYL CHLORIDE)",30792-40-6,,chloride,A,80,
indirect_additives,POLY(MONOETHYL MALEATE-CO-VINYL CHLORIDE),28826-09-7,,chloride,A,80,
indirect_additives,POLY(MONOMETHYL MALEATE-CO-VINYL CHLORIDE),70560-15-5,,chloride,A,80,
indirect_additives,POLY(OCTYL FUMARATE-CO-VINYL CHLORIDE),977176-62-7,,chloride,A,80,
indirect_additives,POLY(OCTYL MALEATE-CO-VINYL CHLORIDE),70560-18-8,,chloride,A,80,
indirect_additives,POLY(OXYETHYLENE (DIMETHYLIMINIO) ETHYLENE (DIMETHYLIMINIO)ETHYLENE DICHLORIDE),31512-74-0,,chloride,A,80,
indirect_additives,POLY(P-PHENYLENEDIAMINE-CO-TEREPHTHALOLYL CHLORIDE),26125-61-1,,chloride,A,80,
indirect_additives,POLY(M-PHENYLENEDIAMINE-CO-TRIMESOYL CHLORIDE),83044-99-9,,chloride,A,80,
indirect_additives,POLY(PROPYL ACRYLATE-CO-VINYLIDENE CHLORIDE),977081-56-3,,chloride,A,80,
indirect_additives,POLY(PROPYLENE-CO-VINYL CHLORIDE),25119-90-8,,chloride,A,80,
indirect_additives,POLY(PROPYLENE-CO-VINYLIDENE CHLORIDE),25511-71-1,,chloride,A,80,
indirect_additives,POLY(PROPYL FUMARATE-CO-VINYLIDENE CHLORIDE),977176-57-0,,chloride,A,80,
indirect_additives,POLY(PROPYL MALEATE-CO-VINYL CHLORIDE),70560-16-6,,chloride,A,80,
indirect_additives,POLY(PROPYL METHACRYLATE-CO-VINYLIDENE CHLORIDE),977036-17-1,,chloride,A,80,
indirect_additives,POLY(VINYL ACETATE-CO-VINYL ALCOHOL-CO-VINYL CHLORIDE),25086-48-0,,chloride,A,80,
indirect_additives,POLY(VINYL ACETATE-CO-VINYL CHLORIDE),9003-22-9,,chloride,A,80,
indirect_additives,"POLY(VINYL ACETATE-CO-VINYL CHLORIDE), HYDROXYL-MODIFIED",977165-04-0,,chloride,A,80,
indirect_additives,"POLY(VINYL ACETATE-CO-VINYL CHLORIDE), HYDROXYL-MODIFIED, REACTED WITH TRIMELLITIC ANHYDRIDE",977165-03-9,,chloride,A,80,
indirect_additives,POLY(VINYL ALCOHOL-CO-VINYL CHLORIDE),25822-51-9,,chloride,A,80,
indirect_additives,POLY(VINYL CHLORIDE),9002-86-2,,chloride,A,80,
indirect_additives,POLY(VINYL CHLORIDE-CO-VINYL STEARATE),9011-50-1,,chloride,A,80,
indirect_additives,POLYVINYL FLUORIDE,24981-14-4,,fluoride,A,80,
indirect_additives,POLYVINYLIDENE CHLORIDE,9002-85-1,,chloride,A,80,
indirect_additives,POLYVINYLIDENE FLUORIDE,24937-79-9,,fluoride,A,80,
indirect_additives,POTASSIUM,7440-09-7,,potassium,A,80,
indirect_additives,POTASSIUM ABIETATE,23250-44-4,,potassium,A,80,
indirect_additives,POTASSIUM ACRYLATE,10192-85-5,,potassium,A,80,
indirect_additives,POTASSIUM BENZOATE,582-25-2,,potassium,A,80,
indirect_additives,POTASSIUM BROMIDE,7758-02-3,,potassium,A,80,
indirect_additives,POTASSIUM CITRATE,6100-05-6,,potassium,A,80,
indirect_additives,POTASSIUM DICHLOROISOCYANURATE,2244-21-5,,potassium,A,80,
indirect_additives,POTASSIUM DICHROMATE,7778-50-9,,potassium,A,80,
indirect_additives,POTASSIUM DISTEARYL PHOSPHATE,4376-70-9,,potassium,A,80,
indirect_additives,POTASSIUM FERRICYANIDE,13746-66-2,,potassium,A,80,
indirect_additives,"POTASSIUM 4,4'-(HEXAFLUOROISOPROPYLIDENE)DIPHENOLATE",25088-69-1,,potassium,A,80,
indirect_additives,POTASSIUM HYDROXIDE,1310-58-3,,potassium,A,80,
indirect_additives,POTASSIUM N-HYDROXYMETHYL-N-METHYLDITHIOCARBAMATE,51026-28-9,,potassium,A,80,
indirect_additives,POTASSIUM HYPOCHLORITE,7778-66-7,,potassium,A,80,
indirect_additives,POTASSIUM IODIDE,7681-11-0,,iodine,A,100,potassium(80)
indirect_additives,POTASSIUM LAMBDA-CARRAGEENATE,12627-05-3,,potassium,A,80,
indirect_additives,POTASSIUM LAURYL PHOSPHATE,39322-78-6,,potassium,A,80,
indirect_additives,POTASSIUM LAURYL SULFATE,4706-78-9,,potassium,A,80,
indirect_additives,POTASSIUM LIGNIN SULFONATE,37314-65-1,,potassium,A,80,
indirect_additives,POTASSIUM 2-MERCAPTOBENZOTHIAZOLE,7778-70-3,,potassium,A,80,
indirect_additives,POTASSIUM N-METHYLDITHIOCARBAMATE,137-41-7,,potassium,A,80,
indirect_additives,POTASSIUM OCTOXYNOL 40 MONOHYDROGEN PHOSPHATE,977097-35-0,,potassium,A,80,
indirect_additives,POTASSIUM OCTOXYNOL 6-9 MONOHYDROGEN PHOSPHATE,977097-34-9,,potassium,A,80,
indirect_additives,POTASSIUM OLEATE,143-18-0,,potassium,A,80,
indirect_additives,POTASSIUM PENTACHLOROPHENATE,7778-73-6,,potassium,A,80,
indirect_additives,POTASSIUM PENTAMETHYLENEDITHIOCARBAMATE,136-04-9,,potassium,A,80,
indirect_additives,POTASSIUM PERMANGANATE,7722-64-7,,potassium,A,80,
indirect_additives,POTASSIUM PERSULFATE,7727-21-1,,potassium,A,80,
indirect_additives,POTASSIUM PHOSPHATE,16068-46-5,,potassium,A,80,
indirect_additives,"POTASSIUM PHOSPHATE, MONOBASIC",7778-77-0,,potassium,A,80,
indirect_additives,"POTASSIUM PHOSPHATE, TRIBASIC",7778-53-2,,potassium,A,80,
indirect_additives,POTASSIUM PROPIONATE,327-62-8,,potassium,A,80,
indirect_additives,POTASSIUM RICINOLEATE,7492-30-0,,potassium,A,80,
indirect_additives,POTASSIUM SALTS OF FATTY ACIDS,8046-74-0,,potassium,A,80,
indirect_additives,POTASSIUM SILICATE,1312-76-1,,potassium,A,80,
indirect_additives,POTASSIUM STEARATE,593-29-3,,potassium,A,80,
indirect_additives,POTASSIUM TITANATE,12030-97-6,,potassium,A,80,
indirect_additives,POTASSIUM TRICHLOROISOCYANURATE,977120-85-6,,potassium,A,80,
indirect_additives,POTASSIUM TRICHLOROPHENATE,1320-78-1,,potassium,A,80,
indirect_additives,POTASSIUM TRIPOLYPHOSPHATE,13845-36-8,,potassium,A,80,
indirect_additives,"1,3-PROPANEDIAMINE, N,N''-1,2-ETHANEDIYLBIS-, POLYMER WITH 2,4,6-TRICHLORO-1,3,5-TRIAZINE REACTION PRODUCTS WITH N-BUTYL-2,2,6,6-TETRAMETHYL-4-PIPERIDINAMINE",136504-96-6,,chloride,A,80,
indirect_additives,"2-PROPENOIC ACID, POLYMERS WITH N,N-DI-2-PROPENYL-2-PROPEN-1-AMINEAND HYDROLYZED POLYVINYL ACETATE, SODIUM SALTS, GRAFT",166164-74-5,,sodium,A,80,
indirect_additives,"2-PROPENOIC ACID, POLYMER WITH 2-ETHYL-2-(((1-OXO-2-PROPENYL)OXY)METHYL-1,3-PROPANEDIYL DI-2-PROPENOATE AND SODIUM 2-PROPENOATE",76774-25-9,,sodium,A,80,
indirect_additives,"2-PROPENOIC ACID, TELOMER WITH SODIUM 2-METHYL-2-((1-OXO-2-PROPENYL)AMINO)-1-PROPANE SULFONATE AND SODIUM PHOSPHINATE",110224-99-2,,sodium,A,80,
indirect_additives,PROPYLENE GLYCOL ALGINATE,9005-37-2,,alginate,B,80,
indirect_additives,"RAPESEED OIL, SULFATED, SODIUM SALT",977118-96-9,,sodium,A,80,
indirect_additives,"RICE BRAN OIL, SULFATED POTASSIUM SALT",8016-58-8,,potassium,A,80,
indirect_additives,"RICE BRAN OIL, SULFATED SODIUM SALT",8016-59-9,,sodium,A,80,
indirect_additives,"ROSIN, CALCIUM ZINC SALT",68334-35-0,,calcium,A,80,
indirect_additives,"ROSIN, DISPROPORTIONATED, POTASSIUM SALT",977035-37-2,,potassium,A,80,
indirect_additives,"ROSIN, DISPROPORTIONATED, SODIUM SALT",977035-44-1,,sodium,A,80,
indirect_additives,"ROSIN, FULLY DIMERIZED, CALCIUM SALT",68648-50-0,,calcium,A,80,
indirect_additives,"ROSIN, FULLY DIMERIZED, POTASSIUM SALT",977013-67-4,,potassium,A,80,
indirect_additives,"ROSIN, FULLY DIMERIZED, SODIUM SALT",977013-68-5,,sodium,A,80,
indirect_additives,"ROSIN, HYDROGENATED, CALCIUM SALT",68554-12-1,,calcium,A,80,
indirect_additives,"ROSIN, HYDROGENATED, MAGNESIUM SALT",977038-03-1,,magnesium,A,80,
indirect_additives,"ROSIN, HYDROGENATED, POTASSIUM SALT",68990-01-2,,potassium,A,80,
indirect_additives,"ROSIN, HYDROGENATED, SODIUM SALT",68990-02-3,,sodium,A,80,
indirect_additives,"ROSIN, LIMED",9007-13-0,,calcium,A,80,
indirect_additives,"ROSIN, MAGNESIUM SALT",68440-56-2,,magnesium,A,80,
indirect_additives,"ROSIN, MANGANESE SALT",9008-34-8,,manganese,A,80,
indirect_additives,"ROSIN, PARTIALLY DIMERIZED, CALCIUM SALT",977051-86-7,,calcium,A,80,
indirect_additives,"ROSIN, PARTIALLY DIMERIZED, MAGNESIUM SALT",977038-05-3,,magnesium,A,80,
indirect_additives,"ROSIN, PARTIALLY DIMERIZED, POTASSIUM SALT",977013-73-2,,potassium,A,80,
indirect_additives,"ROSIN, PARTIALLY DIMERIZED, SODIUM SALT",977013-74-3,,sodium,A,80,
indirect_additives,"ROSIN, POTASSIUM SALT",61790-50-9,,potassium,A,80,
indirect_additives,"ROSIN, SODIUM SALT",61790-51-0,,sodium,A,80,
indirect_additives,SILVER CHLORIDE,7783-90-6,,chloride,A,80,
indirect_additives,SILVER CHLORIDE-COATED TITANIUM DIOXIDE,977177-39-1,,chloride,A,80,
indirect_additives,SILVER FLUORIDE,7775-41-9,,fluoride,A,80,
indirect_additives,SODIUM,7440-23-5,,sodium,A,80,
indirect_additives,SODIUM ABIETATE,14351-66-7,,sodium,A,80,
indirect_additives,SODIUM ALKYL (C9-C15) BENZENE-SULFONATE,977111-16-2,,sodium,A,80,
indirect_additives,SODIUM N-ALKYLBENZENESULFONATE,8046-53-5,,sodium,A,80,
indirect_additives,"SODIUM ALKYL(C10-16)BENZENESULFONATE, LINEAR",977047-82-7,,sodium,A,80,
indirect_additives,SODIUM ALKYLPHENOXYBENZENEDISULFONATE,977098-74-0,,sodium,A,80,
indirect_additives,SODIUM ALKYL(C10-18)SULFONATE,68037-49-0,,sodium,A,80,
indirect_additives,SODIUM ALPHA-ALKYL(C12-15)-OMEGA-HYDROXYPOLY (OXYETHYLENE) SULFATE,977104-03-2,,sodium,A,80,
indirect_additives,SODIUM ALPHA-GLUCOHEPTONATE,13007-85-7,,sodium,A,80,
indirect_additives,SODIUM ALPHA-NAPHTHALENE SULFONATE,130-14-3,,sodium,A,80,
indirect_additives,SODIUM ALUMINUM PYROPHOSPHATE,10305-79-0,,sodium,A,80,
indirect_additives,SODIUM 2-ANTHRAQUINONESULFONATE,131-08-8,,sodium,A,80,
indirect_additives,SODIUM BICARBONATE,144-55-8,,sodium,A,80,
indirect_additives,"SODIUM 1,4-BIS(1-ISOBUTYL-3-METHYLBUTYL) SULFOSUCCINATE",7775-05-5,,sodium,A,80,
indirect_additives,SODIUM BIS(TRIDECYL) SULFOSUCCINATE,2673-22-5,,sodium,A,80,
indirect_additives,SODIUM BISULFATE,7681-38-1,,sodium,A,80,
indirect_additives,SODIUM BISULFITE,7631-90-5,,sodium,A,80,
indirect_additives,SODIUM BORATE,1330-43-4,,sodium,A,80,
indirect_additives,SODIUM BROMIDE,7647-15-6,,sodium,A,80,
indirect_additives,SODIUM CALCIUM SILICATE,1344-03-2,,calcium,A,80,sodium(80)
indirect_additives,SODIUM CAPRYL POLYPHOSPHATE,9010-03-1,,sodium,A,80,
indirect_additives,SODIUM CARBOXYMETHYL GUAR GUM,39346-76-4,,sodium,A,80,
indirect_additives,SODIUM CETYL SULFATE,1120-01-0,,sodium,A,80,
indirect_additives,SODIUM CHLORATE,7775-09-9,,sodium,A,80,
indirect_additives,SODIUM CHLORITE,7758-19-2,,sodium,A,80,
indirect_additives,SODIUM CHROMATE,7775-11-3,,sodium,A,80,
indirect_additives,SODIUM N-CYCLOHEXYL-N-PALMITOYL TAURATE,132-43-4,,sodium,A,80,
indirect_additives,SODIUM DECYLBENZENESULFONATE,1322-98-1,,sodium,A,80,
indirect_additives,SODIUM DECYL SULFATE,142-87-0,,sodium,A,80,
indirect_additives,SODIUM DEHYDROACETATE,4418-26-2,,sodium,A,80,
indirect_additives,SODIUM DIALKYLPHENOXYBENZENEDISULFONATE,977047-81-6,,sodium,A,80,
indirect_additives,SODIUM DIALKYL(C8-16)PHENOXYBENZENEDISULFONATE,977098-72-8,,sodium,A,80,
indirect_additives,SODIUM DIBUTYLDITHIOCARBAMATE,136-30-1,,sodium,A,80,
indirect_additives,SODIUM DIBUTYL NAPHTHALENE SULFONATE,25417-20-3,,sodium,A,80,
indirect_additives,SODIUM DICHLOROISOCYANURATE,2893-78-9,,sodium,A,80,
indirect_additives,"SODIUM 1,4-DICYCLOHEXYL SULFOSUCCINATE",23386-52-9,,sodium,A,80,
indirect_additives,SODIUM DI(2-ETHYLHEXOATE),977183-94-0,,sodium,A,80,
indirect_additives,SODIUM DI(2-ETHYLHEXYL) PYROPHOSPHATE,1322-99-2,,sodium,A,80,
indirect_additives,"SODIUM 1,4-DIHEXYL SULFOSUCCINATE",3006-15-3,,sodium,A,80,
indirect_additives,SODIUM DIISOBUTYLPHENOXYDIETHOXYETHYLSULFONATE,1337-63-9,,sodium,A,80,
indirect_additives,SODIUM DIISOBUTYLPHENOXYMONOETHOXYETHYLSULFONATE,1337-61-7,,sodium,A,80,
indirect_additives,"SODIUM 1,4-DIISOBUTYL SULFOSUCCINATE",127-39-9,,sodium,A,80,
indirect_additives,SODIUM DIISOPROPYLNAPHTHALENESULFONATE,1322-93-6,,sodium,A,80,
indirect_additives,SODIUM DIMETHYLDITHIOCARBAMATE,128-04-1,,sodium,A,80,
indirect_additives,"SODIUM 1,3-DIMETHYL 5-SULFOISOPHTHALATE",3965-55-7,,sodium,A,80,
indirect_additives,"SODIUM 1,4-DIPENTYL SULFOSUCCINATE",922-80-5,,sodium,A,80,
indirect_additives,SODIUM DISTEARYL PHOSPHATE,2958-14-7,,sodium,A,80,
indirect_additives,SODIUM DI(P-TERT-BUTYLPHENYL) PHOSPHATE,10491-31-3,,sodium,A,80,
indirect_additives,SODIUM DODECYLBENZENESULFONATE,25155-30-0,,sodium,A,80,
indirect_additives,SODIUM DODECYLPHENOXYBENZENEDISULFONATE,30496-07-2,,sodium,A,80,
indirect_additives,SODIUM DODECYLPHENOXYBENZENESULFONATE,27936-45-4,,sodium,A,80,
indirect_additives,SODIUM N-DODECYLPOLYETHOXY (50 MOLES) SULFATE,977122-14-7,,sodium,A,80,
indirect_additives,SODIUM ETHYLENEBIS(DITHIOCARBAMATE),22124-95-4,,sodium,A,80,
indirect_additives,SODIUM ETHYLENEDIAMINETETRAACETATE,7379-28-4,,sodium,A,80,
indirect_additives,SODIUM ETHYLENE ETHER OF NONYLPHENOL SULFATE,9014-90-8,,sodium,A,80,
indirect_additives,SODIUM FLUORIDE,7681-49-4,,fluoride,A,80,sodium(80)
indirect_additives,SODIUM FORMALDEHYDESULFOXYLATE,149-44-0,,sodium,A,80,
indirect_additives,SODIUM FORMATE,141-53-7,,sodium,A,80,
indirect_additives,SODIUM FRUCTOHEPTONATE,1337-85-5,,sodium,A,80,
indirect_additives,SODIUM GLUCOHEPTONATE,31138-65-5,,sodium,A,80,
indirect_additives,SODIUM GLUCONATE,527-07-1,,sodium,A,80,
indirect_additives,SODIUM HEPTADECYL SULFATE,5910-79-2,,sodium,A,80,
indirect_additives,SODIUM HYDROSULFIDE,16721-80-5,,sodium,A,80,
indirect_additives,SODIUM HYDROSULFITE,7775-14-6,,sodium,A,80,
indirect_additives,SODIUM HYDROXIDE,1310-73-2,,sodium,A,80,
indirect_additives,SODIUM HYPOCHLORITE,7681-52-9,,sodium,A,80,
indirect_additives,SODIUM IODIDE,7681-82-5,,sodium,A,80,
indirect_additives,SODIUM ISODODECYLPHENOXYPOLYETHOXY (40 MOLES) SULFATE,977140-13-8,,sodium,A,80,
indirect_additives,SODIUM LAUROYL SARCOSINATE,137-16-6,,sodium,A,80,
indirect_additives,SODIUM LAURYL SULFATE,151-21-3,,sodium,A,80,
indirect_additives,SODIUM 2-MERCAPTOBENZOTHIAZOLE,2492-26-4,,sodium,A,80,
indirect_additives,SODIUM METABORATE,7775-19-1,,sodium,A,80,
indirect_additives,"SODIUM 2,2'-METHYLENEBIS(4,6-DI-TERT-BUTYLPHENYL)PHOSPHATE",85209-91-2,,sodium,A,80,
indirect_additives,SODIUM N-METHYL-N-OLEYLTAURATE,7346-80-7,,sodium,A,80,
indirect_additives,SODIUM METHYL SILICONATE,4493-34-9,,sodium,A,80,
indirect_additives,SODIUM MONOALKYL(C8-16)PHENOXYBENZENEDISULFONATE,977098-71-7,,sodium,A,80,
indirect_additives,SODIUM MONO- AND DIDODECYLPHENOXYBENZENEDISULFONATE,977150-49-4,,sodium,A,80,
indirect_additives,SODIUM MYRISTYL SULFATE,1191-50-0,,sodium,A,80,
indirect_additives,SODIUM NAPHTHALENESULFONATE,1321-69-3,,sodium,A,80,
indirect_additives,"SODIUM NAPHTHALENESULFONATE AND ITS METHYL, DIMETHYL, AND TRIMETHYLDERIVATIVES, LINEAR OLEFIN (C6-C9) ALKYLATED",977179-08-0,,sodium,A,80,
indirect_additives,SODIUM NITRATE,7631-99-4,,sodium,A,80,
indirect_additives,SODIUM NITRATE-UREA COMPLEX,977150-88-1,,sodium,A,80,
indirect_additives,SODIUM NITRITE,7632-00-0,,sodium,A,80,
indirect_additives,SODIUM NONOXYNOL SULFATE,31631-25-1,,sodium,A,80,
indirect_additives,SODIUM 1-OCTANESULFONATE,5324-84-5,,sodium,A,80,
indirect_additives,SODIUM OCTOXYNOL 40 MONOHYDROGEN PHOSPHATE,977097-33-8,,sodium,A,80,
indirect_additives,SODIUM OCTOXYNOL 6-9 MONOHYDROGEN PHOSPHATE,977097-32-7,,sodium,A,80,
indirect_additives,SODIUM OLEATE,143-19-1,,sodium,A,80,
indirect_additives,SODIUM OLEATE SULFONATE,68443-05-0,,sodium,A,80,
indirect_additives,SODIUM OLEOYL ISOPROPANOLAMIDE SULFOSUCCINATE,1337-25-3,,sodium,A,80,
indirect_additives,SODIUM OLEYL SULFATE,1847-55-8,,sodium,A,80,
indirect_additives,SODIUM OLEYL SULFATE-SODIUM CETYL SULFATE MIXTURE,8063-52-3,,sodium,A,80,
indirect_additives,SODIUM PENTACHLOROPHENATE,131-52-2,,sodium,A,80,
indirect_additives,SODIUM PERBORATE,7632-04-4,,sodium,A,80,
indirect_additives,SODIUM PERSULFATE,7775-27-1,,sodium,A,80,
indirect_additives,SODIUM PETROLEUM SULFONATE,68608-26-4,,sodium,A,80,
indirect_additives,SODIUM PHENYLPHENATE,1322-21-0,,sodium,A,80,
indirect_additives,SODIUM O-PHENYLPHENATE,132-27-4,,sodium,A,80,
indirect_additives,"SODIUM PHOSPHATE, DIBASIC",7558-79-4,,sodium,A,80,
indirect_additives,"SODIUM PHOSPHATE, DIBASIC, HEPTAHYDRATE",7782-85-6,,sodium,A,80,
indirect_additives,"SODIUM PHOSPHATE, MONOBASIC",7558-80-7,,sodium,A,80,
indirect_additives,"SODIUM PHOSPHATE, TRIBASIC",7601-54-9,,sodium,A,80,
indirect_additives,SODIUM PHOSPHOALUMINATE,1344-06-5,,sodium,A,80,
indirect_additives,SODIUM POLY(ISOPROPENYLPHOSPHONATE),118632-18-1,,sodium,A,80,
indirect_additives,SODIUM POLYMETHACRYLATE,54193-36-1,,sodium,A,80,
indirect_additives,SODIUM POLYSTYRENE SULFONATE,9080-79-9,,sodium,A,80,
indirect_additives,SODIUM POLYSULFIDE,1344-08-7,,sodium,A,80,
indirect_additives,SODIUM PYROPHOSPHATE,7722-88-5,,sodium,A,80,
indirect_additives,SODIUM RICINOLEATE,5323-95-5,,sodium,A,80,
indirect_additives,SODIUM SACCHARIN,6155-57-3,,sodium,A,80,
indirect_additives,SODIUM SALICYLATE,54-21-7,,sodium,A,80,
indirect_additives,SODIUM SALT OF ETHYLENEDIAMINETETRAACETIC ACID AND GLYCINE,977116-63-4,,glycine,A,80,sodium(80)
indirect_additives,SODIUM SALT OF 1-HYDROXY 2(1H)-PYRIDINE THIONE,15922-78-8,,sodium,A,80,
indirect_additives,SODIUM SALTS OF FATTY ACIDS,977038-15-5,,sodium,A,80,
indirect_additives,SODIUM SILICATE,1344-09-8,,sodium,A,80,
indirect_additives,SODIUM STEARATE,822-16-2,,sodium,A,80,
indirect_additives,SODIUM STEAROYL-2-LACTYLATE,25383-99-7,,sodium,A,80,
indirect_additives,SODIUM SULFATE,7727-73-3,,sodium,A,80,
indirect_additives,"SODIUM SULFATE, ANHYDROUS",7757-82-6,,sodium,A,80,
indirect_additives,SODIUM SULFIDE,1313-82-2,,sodium,A,80,
indirect_additives,SODIUM SULFITE,7757-83-7,,sodium,A,80,
indirect_additives,SODIUM TETRADECYLSULFATE,139-88-8,,sodium,A,80,
indirect_additives,SODIUM TETRAPYROPHOSPHATE,977164-17-2,,sodium,A,80,
indirect_additives,SODIUM THIOCYANATE,540-72-7,,sodium,A,80,
indirect_additives,SODIUM P-TOLUENESULFONCHLOROAMIDE,127-65-1,,sodium,A,80,
indirect_additives,SODIUM TRICHLOROISOCYANURATE,29680-41-9,,sodium,A,80,
indirect_additives,SODIUM TRICHLOROPHENATE,1320-79-2,,sodium,A,80,
indirect_additives,SODIUM TRIDECYL SULFATE,3026-63-9,,sodium,A,80,
indirect_additives,SODIUM TRIISOPROPYLNAPHTHALENESULFONATE,1323-19-9,,sodium,A,80,
indirect_additives,SODIUM VINYL SULFONATE POLYMER,9002-97-5,,sodium,A,80,
indirect_additives,SODIUM XYLENESULFONATE,1300-72-7,,sodium,A,80,
indirect_additives,SODIUM ZINC POTASSIUM POLYPHOSPHATE,65997-17-3,,potassium,A,80,sodium(80)
indirect_additives,"SOYBEAN OIL FATTY ACIDS, CALCIUM SALT",68131-65-7,,calcium,A,80,
indirect_additives,"SOYBEAN OIL FATTY ACIDS, MAGNESIUM SALT",977114-78-5,,magnesium,A,80,
indirect_additives,"SOYBEAN OIL FATTY ACIDS, MANGANESE SALT",977114-77-4,,manganese,A,80,
indirect_additives,"SOYBEAN OIL FATTY ACIDS, SODIUM SALT",61790-25-8,,sodium,A,80,
indirect_additives,CATIONIC SOY PROTEIN,977101-02-2,,chloride,A,80,
indirect_additives,"SPERM OIL, SULFATED POTASSIUM SALT",8016-75-9,,potassium,A,80,
indirect_additives,"SPERM OIL, SULFATED SODIUM SALT",8016-76-0,,sodium,A,80,
indirect_additives,STANNOUS CHLORIDE,7772-99-8,,chloride,A,80,
indirect_additives,"STARCH, FOOD, MODIFIED: BETA-AMYLASE SODIUM STARCH OCTENYLSUCCINATE",977164-78-5,,sodium,A,80,
indirect_additives,"STARCH, FOOD, MODIFIED: DISTARCH PHOSPHATE (FROM PHOSPHORUS OXYCHLORIDE)",977088-75-7,,phosphorus,A,90,
indirect_additives,"STARCH, FOOD, MODIFIED: DISTARCH PHOSPHATE (FROM SODIUM TRIMETAPHOSPHATE)",977088-74-6,,sodium,A,80,
indirect_additives,"STARCH, FOOD, MODIFIED: STARCH SODIUM OCTENYL SUCCINATE",66829-29-6,,sodium,A,80,
indirect_additives,"STARCH, FOOD, MODIFIED: STARCH SODIUM SUCCINATE",37231-92-8,,sodium,A,80,
indirect_additives,STEARATO-CHROMIC CHLORIDE COMPLEX,15242-96-3,,chloride,A,80,
indirect_additives,STYRENE-BUTADIENE-VINYLIDENE CHLORIDE COPOLYMER,31669-55-3,,chloride,A,80,
indirect_additives,"STYRENE-MALEIC ANHYDRIDE COPOLYMER, AMIDATED, AMMONIUM SODIUM SALT",977119-63-3,,sodium,A,80,
indirect_additives,STYRENE-MALEIC ANHYDRIDE COPOLYMER (PARTIALLY METHYLATED) SODIUM SALT,98036-46-5,,sodium,A,80,
indirect_additives,"STYRENE-MALEIC ANHYDRIDE COPOLYMER, POTASSIUM SALT",26602-04-0,,potassium,A,80,
indirect_additives,"STYRENE-MALEIC ANHYDRIDE COPOLYMER, SODIUM SALT",25736-61-2,,sodium,A,80,
indirect_additives,"STYRENE-METHACRYLIC ACID COPOLYMER, POTASSIUM SALT (MINIMUM MOLECULAR WEIGHT 30,000)",25068-00-2,,potassium,A,80,
indirect_additives,STYRENE-VINYLIDENE CHLORIDE COPOLYMER,25213-26-7,,chloride,A,80,
indirect_additives,"2-SULFOETHYL METHACRYLATE, SODIUM SALT",1804-87-1,,sodium,A,80,
indirect_additives,SULFOLANE,124-63-0,,chloride,A,80,
indirect_additives,SULFONATED OCTADECYLENE (SODIUM FORM),977183-93-9,,sodium,A,80,
indirect_additives,SULFURYL CHLORIDE,7791-25-5,,chloride,A,80,
indirect_additives,"TALL OIL, CALCIUM, POTASSIUM AND SODIUM SOAPS",977097-03-2,,calcium,A,80,potassium(80);sodium(80)
indirect_additives,"TALL OIL FATTY ACIDS, CALCIUM SALT",68154-86-9,,calcium,A,80,
indirect_additives,"TALL OIL FATTY ACIDS, MAGNESIUM SALT",67701-23-9,,magnesium,A,80,
indirect_additives,"TALL OIL FATTY ACIDS, POTASSIUM SALT",61790-44-1,,potassium,A,80,
indirect_additives,"TALL OIL FATTY ACIDS, SODIUM SALT",61790-45-2,,sodium,A,80,
indirect_additives,"TALL OIL ROSIN, CALCIUM SALT",68987-60-0,,calcium,A,80,
indirect_additives,"TALL OIL ROSIN, DARK, SODIUM SALT",977087-87-8,,sodium,A,80,
indirect_additives,"TALL OIL ROSIN, DISPROPORTIONATED, POTASSIUM SALT",977035-40-7,,potassium,A,80,
indirect_additives,"TALL OIL ROSIN, DISPROPORTIONATED, SODIUM SALT",977035-47-4,,sodium,A,80,
indirect_additives,"TALL OIL ROSIN, MAGNESIUM SALT",977038-20-2,,magnesium,A,80,
indirect_additives,"TALL OIL ROSIN, PARTIAL POTASSIUM SALT",977047-76-9,,potassium,A,80,
indirect_additives,"TALL OIL ROSIN, PARTIAL SODIUM SALT",977047-75-8,,sodium,A,80,
indirect_additives,"TALL OIL ROSIN, POTASSIUM SALT",977035-36-1,,potassium,A,80,
indirect_additives,"TALL OIL ROSIN, SODIUM SALT",977035-43-0,,sodium,A,80,
indirect_additives,"TALL OIL, SODIUM SALT",65997-01-5,,sodium,A,80,
indirect_additives,"TALLOW FATTY ACIDS, CALCIUM SALTS",64755-01-7,,calcium,A,80,
indirect_additives,"TALLOW FATTY ACIDS, POTASSIUM SALTS",61790-32-7,,potassium,A,80,
indirect_additives,"TALLOW FATTY ACIDS, SODIUM SALTS",8052-48-0,,sodium,A,80,
indirect_additives,"TALLOW, SULFATED, POTASSIUM SALT",8052-49-1,,potassium,A,80,
indirect_additives,"TALLOW, SULFATED, SODIUM SALT",8052-50-4,,sodium,A,80,
indirect_additives,TEREPHTHALOYL CHLORIDE,100-20-9,,chloride,A,80,
indirect_additives,"2,3,4,5-TETRACHLORO-6-CYANOBENZOIC ACID, METHYL ESTER REACTION PRODUCTS WITH P-PHENYLENEDIAMINE AND SODIUM METHOXIDE",106276-80-6,,sodium,A,80,
indirect_additives,TITANIUM DIOXIDE-CALCIUM SULFATE,8000-92-8,,calcium,A,80,
indirect_additives,TITANIUM DIOXIDE-MAGNESIUM SILICATE,8049-04-5,,magnesium,A,80,
indirect_additives,"1-(3-CHLOROALLYL)-3,5,7-TRIAZA-1-AZONIAADAMANTANE CHLORIDE",4080-31-3,,chloride,A,80,
indirect_additives,TRIBUTYLTIN CHLORIDE,1461-22-9,,chloride,A,80,
indirect_additives,TRIBUTYLTIN CHLORIDE-PEG DEHYDROABIETYLAMINE COMPLEX,977049-28-7,,chloride,A,80,
indirect_additives,TRIOCTYLTIN CHLORIDE,2587-76-0,,chloride,A,80,
indirect_additives,TRISODIUM CITRATE,68-04-2,,sodium,A,80,
indirect_additives,"VEGETABLE OIL, SULFONATED POTASSIUM SALT",977030-97-9,,potassium,A,80,
indirect_additives,"VINYL ACETATE-MALEIC ANHYDRIDE COPOLYMER, SODIUM SALT",31989-21-6,,sodium,A,80,
indirect_additives,"N-BETA-(N-VINYLBENZYLAMINO) ETHYL-GAMMA-AMINOPROPYLTRIMETHOXYSILANE, MONOHYDROGEN CHLORIDE",75088-62-9,,chloride,A,80,
indirect_additives,VINYL CHLORIDE,75-01-4,,chloride,A,80,
indirect_additives,VINYL CHLORIDE COPOLYMER (CLASS),977089-88-5,,chloride,A,80,
indirect_additives,VINYL CHLORIDE-HEXENE-1 COPOLYMER,34514-26-6,,chloride,A,80,
indirect_additives,VINYL CHLORIDE-LAURYL VINYL ETHER COPOLYMER,26778-32-5,,chloride,A,80,
indirect_additives,VINYL CHLORIDE-VINYLIDENE CHLORIDE COPOLYMER,9011-06-7,,chloride,A,80,
indirect_additives,VINYL FLUORIDE,75-02-5,,fluoride,A,80,
indirect_additives,VINYLIDENE CHLORIDE,75-35-4,,chloride,A,80,
indirect_additives,VINYLIDENE CHLORIDE-ACRYLIC ACID COPOLYMER,9011-08-9,,chloride,A,80,
indirect_additives,VINYLIDENE CHLORIDE COPOLYMER (CLASS),977165-05-1,,chloride,A,80,
indirect_additives,VINYLIDENE CHLORIDE-ETHYL ACRYLATE COPOLYMER,25101-06-8,,chloride,A,80,
indirect_additives,VINYLIDENE CHLORIDE-ETHYL ACRYLATE-FUMARIC ACID COPOLYMER,31453-12-0,,chloride,A,80,
indirect_additives,VINYLIDENE CHLORIDE-2-ETHYLHEXYL ACRYLATE COPOLYMER,28431-58-5,,chloride,A,80,
indirect_additives,VINYLIDENE CHLORIDE-ETHYL METHACRYLATE COPOLYMER,34011-84-2,,chloride,A,80,
indirect_additives,VINYLIDENE CHLORIDE-ITACONIC ACID COPOLYMER,29760-66-5,,chloride,A,80,
indirect_additives,VINYLIDENE CHLORIDE-METHACRYLATE DECYLOCTYL COPOLYMER,31015-88-0,,chloride,A,80,
indirect_additives,VINYLIDENE CHLORIDE-METHACRYLIC ACID COPOLYMER,29760-65-4,,chloride,A,80,
indirect_additives,VINYLIDENE CHLORIDE-METHACRYLONITRILE COPOLYMER,9010-80-4,,chloride,A,80,
indirect_additives,VINYLIDENE CHLORIDE-METHYL METHACRYLATE COPOLYMER,25120-29-0,,chloride,A,80,
indirect_additives,"WOOD ROSIN, CALCIUM SALT",977030-88-8,,calcium,A,80,
indirect_additives,"WOOD, ROSIN, DARK, POTASSIUM SALT",977095-56-9,,potassium,A,80,
indirect_additives,"WOOD ROSIN, DARK, SODIUM SALT",977087-82-3,,sodium,A,80,
indirect_additives,"WOOD ROSIN, DISPROPORTIONATED, POTASSIUM SALT",977035-39-4,,potassium,A,80,
indirect_additives,"WOOD ROSIN, DISPROPORTIONATED, SODIUM SALT",977035-46-3,,sodium,A,80,
indirect_additives,"WOOD ROSIN, MAGNESIUM SALT",977037-88-9,,magnesium,A,80,
indirect_additives,"WOOD ROSIN, PARTIAL POTASSIUM SALT",977047-73-6,,potassium,A,80,
indirect_additives,"WOOD ROSIN, PARTIAL SODIUM SALT",977047-74-7,,sodium,A,80,
indirect_additives,"WOOD ROSIN, POTASSIUM SALT",977035-35-0,,potassium,A,80,
indirect_additives,"WOOD ROSIN, SODIUM SALT",977035-42-9,,sodium,A,80,
indirect_additives,ZINC AMMONIUM CHLORIDE,52628-25-8,,chloride,A,80,
indirect_additives,ZINC OXIDE,1314-13-2,,zinc,A,100,
indirect_additives,"ZINC SULFATE, ANHYDROUS",7733-02-0,,zinc,A,100,
indirect_additives,sodium alkyl (C2-C13.5 aliphatic) benzenesulfonate,,,sodium,A,80,
